,city,district,neighborhood,room,living_room,area,age,floor,price
0,izmir,konak,kilic_reis,1,1,55,25,1,12000
1,izmir,konak,akin_simav,3,1,150,35,3,16000
4,izmir,karsiyaka,bahcelievler,3,1,160,27,3,18000
5,izmir,konak,kultur,3,1,135,35,3,45000
6,izmir,bornova,kazimdirik,1,1,67,2,4,35000
7,izmir,gaziemir,yesil,3,1,140,25,2,25000
8,izmir,gaziemir,atifbey,3,1,170,15,3,22000
9,izmir,gaziemir,dokuz_eylul,3,1,170,10,2,15000
10,izmir,gaziemir,irmak,3,1,140,20,0,15000
11,izmir,cesme,cumhuriyet,3,1,130,30,2,24000
14,izmir,karabaglar,esenyali,3,1,210,31,0,35000
15,izmir,karsiyaka,bostanli,2,1,89,0,1,30000
16,izmir,seferihisar,colak_ibrahim_bey,3,1,130,5,4,20000
18,izmir,karsiyaka,yali,4,1,200,11,2,60000
19,izmir,karabaglar,umut,3,1,130,26,1,10500
20,izmir,bayrakli,manavkuyu,3,1,140,12,4,25000
22,izmir,selcuk,ataturk,3,1,140,4,1,22000
23,izmir,urla,camlicay,3,1,200,10,2,55000
24,izmir,cigli,kucuk_cigli,2,1,75,6,4,13000
25,izmir,balcova,cetin_emec,3,1,120,22,2,25000
26,izmir,konak,kilic_reis,2,1,75,35,1,10000
27,izmir,selcuk,zafer,3,1,110,11,1,16000
28,izmir,bayrakli,sogukkuyu,3,1,120,26,3,12500
29,izmir,karsiyaka,zubeyde_hanim,2,1,100,27,4,10000
30,izmir,bornova,kazimdirik,1,1,65,6,2,21000
32,izmir,karabaglar,bahcelievler,3,1,160,35,6,30000
33,izmir,karsiyaka,bostanli,3,1,145,26,4,22000
34,izmir,karabaglar,bahcelievler,3,1,115,23,0,13000
35,izmir,bayrakli,emek,3,1,120,29,2,10000
39,izmir,buca,yenigun,3,1,150,26,2,17000
40,izmir,menderes,barbaros,2,1,105,5,2,18000
41,izmir,karabaglar,gulyaka,1,1,50,4,1,11000
42,izmir,bayrakli,manavkuyu,3,1,120,25,4,18000
43,izmir,karabaglar,yasar_kemal,2,1,87,11,5,11000
44,izmir,karabaglar,general_kazim_ozalp,2,1,90,3,2,20000
46,izmir,karabaglar,esenyali,3,1,130,35,2,27500
48,izmir,karsiyaka,goncalar,3,1,145,25,6,22000
49,izmir,bayrakli,mansuroglu,3,1,135,35,1,20000
51,izmir,bayrakli,bayrakli,2,1,85,20,0,25000
52,izmir,balcova,egitim,3,1,130,10,2,23000
54,izmir,bornova,evka_3,3,1,120,33,2,20000
56,izmir,menderes,mithatpasa,3,1,155,8,4,19750
59,izmir,narlidere,limanreis,3,1,140,35,2,50000
61,izmir,konak,mithatpasa,2,1,95,7,1,12000
62,izmir,konak,yesiltepe,3,1,160,30,2,34000
63,izmir,cigli,atasehir,3,1,160,20,5,25000
64,izmir,menderes,cukuralti,4,1,174,18,5,19500
67,izmir,karsiyaka,bahcelievler,3,1,125,32,1,22000
68,izmir,karabaglar,bahcelievler,2,1,95,4,2,20000
69,izmir,menemen,kemal_ataturk,3,1,180,6,2,18000
70,izmir,konak,mehmet_ali_akman,3,1,125,25,2,30000
71,izmir,menemen,29_ekim,3,1,165,6,4,24500
72,izmir,balcova,onur,3,1,170,28,3,20000
73,izmir,karsiyaka,tuna,3,1,100,30,1,25000
75,izmir,balcova,onur,2,1,110,20,1,23000
76,izmir,bayrakli,sogukkuyu,3,1,160,14,6,24000
78,izmir,gaziemir,gazikent,1,1,75,7,2,28000
79,izmir,bornova,erzene,1,1,50,0,1,16000
83,izmir,karabaglar,esentepe,2,1,100,25,5,21000
86,izmir,konak,atilla,2,1,85,20,2,15000
87,izmir,karabaglar,doganay,2,1,97,30,-1,12500
88,izmir,menderes,cuneytbey,3,1,135,8,2,16750
89,izmir,buca,kurucesme,1,1,45,0,2,10000
90,izmir,bornova,kazimdirik,3,1,130,25,2,20000
92,izmir,bornova,evka_3,2,1,80,35,4,15000
93,izmir,cigli,balatcik,1,1,50,8,3,14000
95,izmir,cigli,atasehir,2,1,90,5,5,14000
96,izmir,cigli,balatcik,1,1,60,3,2,16000
97,izmir,karabaglar,doganay,3,1,135,16,5,15000
98,izmir,karsiyaka,bahriye_ucok,3,1,140,25,5,22000
99,izmir,bornova,erzene,3,1,120,30,1,15000
100,izmir,cigli,atasehir,2,1,84,3,5,35000
101,izmir,karabaglar,uckuyular,3,1,120,30,2,19000
102,izmir,karsiyaka,dedebasi,2,1,90,8,1,16000
103,izmir,karsiyaka,imbatli,1,1,42,0,2,15000
104,izmir,buca,firat,2,1,90,0,3,18000
105,izmir,karabaglar,bahcelievler,3,1,130,40,3,21500
108,izmir,karabaglar,tahsin_yazici,1,1,75,11,0,9000
109,izmir,cigli,kucuk_cigli,2,1,85,5,1,14500
110,izmir,narlidere,ilica,3,1,125,31,1,25500
111,izmir,buca,kurucesme,1,1,45,12,1,11000
112,izmir,karabaglar,vatan,3,1,110,14,3,12500
113,izmir,narlidere,camtepe,2,1,120,11,1,35000
114,izmir,bornova,kazimdirik,3,1,165,30,5,20000
116,izmir,karsiyaka,bostanli,3,1,98,40,5,22000
117,izmir,cigli,atasehir,1,1,86,5,4,19500
118,izmir,bornova,kazimdirik,3,1,125,30,5,18500
121,izmir,buca,firat,2,1,90,0,3,17000
123,izmir,konak,kilic_reis,2,1,95,31,3,16000
124,izmir,karsiyaka,semikler,2,1,100,12,1,18500
125,izmir,konak,alsancak,3,1,120,30,5,21000
126,izmir,karabaglar,metin_oktay,3,1,115,22,2,13000
128,izmir,karsiyaka,bostanli,3,1,110,29,4,25000
129,izmir,bornova,doganlar,2,1,100,0,2,20000
130,izmir,karsiyaka,donanmaci,3,1,125,31,4,25000
131,izmir,konak,murat_reis,2,1,95,40,1,20000
133,izmir,karsiyaka,nergiz,3,1,120,35,3,23000
135,izmir,karsiyaka,yali,2,1,120,22,3,20000
137,izmir,urla,torasan,3,1,150,5,1,30000
138,izmir,karsiyaka,alaybey,3,1,100,38,3,20000
139,izmir,konak,kahramanlar,3,1,140,26,3,20000
140,izmir,balcova,egitim,3,1,140,35,1,17000
141,izmir,cigli,balatcik,1,1,60,7,6,16000
142,izmir,karsiyaka,bahariye,2,1,90,33,1,14000
143,izmir,karsiyaka,dedebasi,2,1,85,25,5,15000
144,izmir,odemis,ataturk,1,1,80,25,2,10000
145,izmir,konak,altay,2,1,90,30,0,5000
146,izmir,karabaglar,refet_bele,1,1,70,12,1,10000
147,izmir,karsiyaka,bahariye,3,1,105,31,5,15000
148,izmir,foca,mustafa_kemal_ataturk,2,1,90,0,2,16500
149,izmir,konak,kemal_reis,3,1,125,30,3,20000
150,izmir,buca,camlikule,1,1,55,25,5,10000
151,izmir,bornova,erzene,3,1,130,30,4,15000
154,izmir,balcova,koruturk,1,1,55,16,2,20000
155,izmir,karabaglar,esenyali,2,1,80,31,1,15000
156,izmir,balcova,cetin_emec,2,1,70,35,3,12500
157,izmir,bayrakli,tepekule,3,1,115,19,1,15000
158,izmir,buca,inkilap,2,1,95,35,3,13750
159,izmir,urla,torasan,3,1,150,5,2,20000
160,izmir,bornova,kazimdirik,1,1,51,4,5,22000
161,izmir,karabaglar,basin_sitesi,2,1,100,24,3,16500
162,izmir,karsiyaka,aksoy,2,1,110,31,4,17500
163,izmir,cigli,balatcik,1,1,60,5,1,16000
164,izmir,konak,turgut_reis,2,1,135,35,1,22000
165,izmir,karsiyaka,yali,1,1,55,7,4,25000
166,izmir,urla,gulbahce,1,1,75,11,0,15000
167,izmir,konak,mimar_sinan,3,1,130,40,6,27000
168,izmir,balcova,cetin_emec,2,1,90,27,3,23000
169,izmir,buca,yaylacik,3,1,130,20,3,18000
170,izmir,buca,inkilap,3,1,125,30,3,11500
171,izmir,buca,adatepe,3,1,135,3,3,20000
172,izmir,karsiyaka,tersane,2,1,90,31,3,20000
173,izmir,bayrakli,onur,2,1,97,27,5,14000
174,izmir,karabaglar,uckuyular,2,1,95,35,3,18000
175,izmir,karabaglar,vatan,2,1,73,8,1,17500
178,izmir,karabaglar,bahar,2,1,90,35,1,12000
179,izmir,cigli,koyici,2,1,80,30,1,10000
180,izmir,balcova,onur,2,1,90,26,2,17500
183,izmir,karabaglar,arap_hasan,3,1,120,35,2,15000
185,izmir,konak,piri_reis,2,1,105,30,3,17000
186,izmir,karabaglar,basin_sitesi,3,1,110,40,4,30000
191,izmir,karabaglar,bahcelievler,3,1,125,30,3,14000
192,izmir,karabaglar,bahcelievler,2,1,95,28,3,16500
193,izmir,bornova,mevlana,2,1,85,11,1,18000
194,izmir,balcova,fevzi_cakmak,3,1,132,30,3,20000
195,izmir,karabaglar,uckuyular,3,1,150,30,1,20000
196,izmir,cesme,ciftlik,3,1,200,25,2,60000
197,izmir,buca,ataturk,1,1,55,8,1,11000
198,izmir,narlidere,camtepe,3,1,160,25,6,27500
200,izmir,foca,ataturk,3,1,100,26,3,20000
201,izmir,dikili,ismetpasa,2,1,115,20,2,15000
204,izmir,gaziemir,atifbey,3,1,135,21,2,24000
205,izmir,cigli,aydinlikevler,3,1,120,25,5,18000
206,izmir,bornova,evka_3,3,1,150,23,3,35000
208,izmir,cigli,balatcik,1,1,65,5,3,15750
209,izmir,foca,cumhuriyet,3,1,150,21,0,30000
210,izmir,balcova,koruturk,3,1,135,28,2,23000
211,izmir,karabaglar,esenyali,3,1,130,40,6,25000
212,izmir,karsiyaka,semikler,1,1,65,6,5,18500
215,izmir,menderes,gumuldur_fevzi_cakmak,2,1,85,5,0,15000
216,izmir,odemis,ataturk,3,1,130,16,2,13000
217,izmir,cigli,balatcik,2,1,80,4,3,20000
218,izmir,dikili,candarli,2,1,65,10,2,13000
220,izmir,menemen,30_agustos,3,1,140,18,4,17500
223,izmir,seferihisar,hidirlik,2,1,85,0,5,18000
224,izmir,konak,atilla,3,1,120,30,6,13500
225,izmir,bergama,fatih,2,1,85,0,3,12500
226,izmir,balcova,egitim,2,1,95,21,-2,16000
227,izmir,buca,kozagac,1,1,47,3,1,11000
228,izmir,karsiyaka,bahcelievler,3,1,140,11,3,29000
231,izmir,karsiyaka,fikri_altay,2,1,90,8,3,22000
232,izmir,karabaglar,basin_sitesi,3,1,105,35,5,17000
233,izmir,karabaglar,ali_fuat_cebesoy,4,1,200,1,2,38000
236,izmir,cigli,koyici,2,1,95,15,0,14000
237,izmir,seferihisar,ataturk,3,1,200,0,0,27500
238,izmir,buca,yildiz,2,1,95,15,1,14000
240,izmir,karsiyaka,yali,3,1,130,15,0,20000
241,izmir,karsiyaka,aksoy,3,1,100,30,1,18500
242,izmir,bornova,erzene,1,1,71,0,3,21000
243,izmir,bornova,erzene,3,1,150,19,3,25000
244,izmir,cigli,esentepe,3,1,130,0,5,25000
247,izmir,karsiyaka,imbatli,3,1,120,5,6,19500
248,izmir,bornova,kazimdirik,3,1,120,38,4,20000
249,izmir,seferihisar,hidirlik,3,1,120,15,2,31500
252,izmir,karabaglar,ali_fuat_cebesoy,3,1,90,24,3,9000
253,izmir,guzelbahce,camli,3,1,165,25,2,25000
254,izmir,bayrakli,osmangazi,3,1,125,20,2,12500
255,izmir,karabaglar,selvili,2,1,95,18,0,13000
256,izmir,bornova,yesilova,3,1,145,5,5,25000
257,izmir,bornova,kazimdirik,1,1,45,4,2,27000
258,izmir,dikili,salimbey,2,1,85,10,-2,15000
259,izmir,menderes,kemalpasa,3,1,110,5,3,16000
260,izmir,narlidere,narli,4,1,210,11,4,57500
262,izmir,cigli,esentepe,3,1,150,0,3,25000
263,izmir,urla,ataturk,2,1,100,16,2,28000
264,izmir,karsiyaka,ornekkoy,3,1,140,17,5,13000
267,izmir,cesme,cakabey,4,1,200,3,2,49900
271,izmir,torbali,yedi_eylul,1,1,80,0,3,12500
272,izmir,bornova,mevlana,1,1,60,0,2,18000
273,izmir,bornova,inonu,3,1,125,21,2,16000
274,izmir,karabaglar,vatan,3,1,156,26,0,14500
275,izmir,narlidere,yenikale,2,1,90,15,3,25000
276,izmir,balcova,egitim,3,1,130,10,2,22000
277,izmir,konak,mimar_sinan,3,1,140,30,5,24000
278,izmir,balcova,cetin_emec,3,1,130,22,3,19000
279,izmir,buca,yaylacik,2,1,75,0,3,20000
280,izmir,karabaglar,vatan,3,1,125,28,2,14000
281,izmir,foca,mustafa_kemal_ataturk,2,1,85,4,5,15000
282,izmir,menderes,gorece_cumhuriyet,3,1,130,1,3,30000
283,izmir,menemen,ataturk,1,1,55,2,3,15000
284,izmir,buca,kozagac,3,1,130,5,3,19000
286,izmir,karsiyaka,aksoy,3,1,110,36,4,20000
287,izmir,cigli,ahmet_efendi,3,1,110,6,2,15000
288,izmir,bornova,mevlana,1,1,45,0,3,13500
289,izmir,odemis,zafer,3,1,115,20,2,8500
290,izmir,karabaglar,bahcelievler,3,1,125,30,2,17000
291,izmir,bornova,rafet_pasa,3,1,165,6,4,35000
294,izmir,menemen,inonu,2,1,78,6,2,16500
295,izmir,karsiyaka,bahcelievler,3,1,120,30,1,18000
296,izmir,konak,kilic_reis,2,1,105,30,1,15000
297,izmir,karabaglar,doganay,3,1,135,20,3,15250
298,izmir,seferihisar,hidirlik,3,1,160,15,2,25000
299,izmir,konak,kilic_reis,3,1,200,30,5,16000
301,izmir,bayrakli,muhittin_erener,2,1,80,19,1,7000
302,izmir,urla,ataturk,3,1,140,30,2,35000
303,izmir,karsiyaka,donanmaci,2,1,90,34,1,21500
304,izmir,konak,gunesli,3,1,120,35,3,24000
305,izmir,dikili,ismetpasa,2,1,95,25,3,14000
306,izmir,urla,denizli,3,1,162,2,2,40000
308,izmir,konak,kultur,3,1,185,40,3,35000
309,izmir,balcova,cetin_emec,3,1,190,16,0,30000
310,izmir,karabaglar,maliyeciler,3,1,135,30,1,25000
311,izmir,menemen,kasimpasa,3,1,125,27,0,10000
315,izmir,bornova,mevlana,1,1,60,0,3,18750
316,izmir,dikili,candarli,3,1,100,5,0,13000
317,izmir,karabaglar,doganay,2,1,90,24,4,9000
318,izmir,bornova,evka_3,2,1,90,30,4,13000
319,izmir,karabaglar,metin_oktay,2,1,95,25,4,16000
320,izmir,karabaglar,basin_sitesi,3,1,135,28,3,21000
321,izmir,bornova,kazimdirik,1,1,45,1,5,22500
322,izmir,konak,kultur,2,1,110,26,1,25000
323,izmir,konak,piri_reis,2,1,110,40,2,12500
325,izmir,karsiyaka,mavisehir,3,1,160,5,3,45000
326,izmir,cesme,cumhuriyet,2,1,90,21,0,45000
327,izmir,karsiyaka,bostanli,3,1,130,35,3,28000
328,izmir,konak,kahramanlar,2,1,110,20,2,16000
331,izmir,bornova,mevlana,1,1,45,0,1,15000
334,izmir,urla,gulbahce,2,1,70,6,1,30000
335,izmir,bornova,erzene,1,1,65,5,5,25000
336,izmir,buca,yaylacik,2,1,75,0,3,22000
337,izmir,dikili,gazipasa,3,1,120,25,2,30000
338,izmir,buca,aydogdu,3,1,130,5,4,17500
339,izmir,dikili,salihler,4,1,151,15,2,3500
340,izmir,karabaglar,doganay,3,1,135,25,5,15000
341,izmir,karsiyaka,imbatli,2,1,85,4,1,20000
343,izmir,dikili,salimbey,2,1,90,10,1,15000
345,izmir,karabaglar,bahcelievler,2,1,100,40,4,15000
346,izmir,bayrakli,tepekule,2,1,95,30,1,16500
347,izmir,buca,ataturk,1,1,55,5,1,10000
348,izmir,karsiyaka,bahcelievler,3,1,180,30,5,19000
349,izmir,buca,adatepe,1,1,55,8,2,11000
350,izmir,karsiyaka,nergiz,3,1,110,32,3,17000
351,izmir,karabaglar,calikusu,3,1,120,20,3,12500
352,izmir,kemalpasa,ulucak_mustafa_kemal_ataturk,3,1,120,1,3,20000
353,izmir,gaziemir,dokuz_eylul,1,1,55,5,1,18000
354,izmir,buca,yenigun,3,1,135,5,2,20000
355,izmir,gaziemir,gazi,3,1,140,11,4,28000
356,izmir,bornova,inonu,2,1,120,0,3,25000
357,izmir,bayrakli,cicek,2,1,110,5,3,18000
358,izmir,menemen,inonu,1,1,56,5,1,12500
359,izmir,konak,alsancak,1,1,55,26,4,20000
360,izmir,karabaglar,arap_hasan,3,1,130,36,3,22000
361,izmir,karaburun,mordogan,4,1,130,25,2,45000
362,izmir,bornova,erzene,3,1,145,30,5,22500
363,izmir,buca,kurucesme,1,1,45,0,4,18000
364,izmir,bornova,kazimdirik,2,1,95,30,5,18500
365,izmir,gaziemir,zafer,2,1,70,24,3,12000
366,izmir,karabaglar,bozyaka,2,1,125,5,0,10000
367,izmir,buca,baris,3,1,136,20,2,12000
369,izmir,balcova,onur,3,1,100,26,1,16000
370,izmir,konak,zafertepe,2,1,95,8,3,16500
371,izmir,karsiyaka,yali,3,1,110,30,5,15750
372,izmir,karabaglar,kazim_karabekir,3,1,120,20,1,12500
373,izmir,karabaglar,basin_sitesi,3,1,130,30,0,15000
374,izmir,konak,mimar_sinan,3,1,120,25,1,22000
375,izmir,balcova,egitim,3,1,135,5,3,22500
376,izmir,guzelbahce,mustafa_kemal_pasa,3,1,136,10,0,27000
378,izmir,menderes,golcukler,2,1,95,10,3,16000
380,izmir,menemen,mermerli,3,1,110,25,2,21000
383,izmir,karabaglar,basin_sitesi,3,1,130,35,2,22000
384,izmir,seferihisar,hidirlik,2,1,100,11,2,25000
385,izmir,odemis,hurriyet,3,1,135,20,3,9000
386,izmir,buca,kurucesme,1,1,65,0,1,9000
387,izmir,konak,kilic_reis,2,1,95,35,5,15000
388,izmir,karsiyaka,yali,1,1,55,5,5,21000
389,izmir,seferihisar,colak_ibrahim_bey,4,1,131,0,2,35000
390,izmir,seferihisar,hidirlik,2,1,130,10,4,18000
392,izmir,bornova,mevlana,1,1,48,0,1,16000
394,izmir,buca,goksu,2,1,119,5,3,13000
396,izmir,menemen,irmak,2,1,87,25,1,7000
397,izmir,narlidere,ataturk,3,1,165,25,1,25000
398,izmir,bergama,fatih,3,1,140,11,4,30000
399,izmir,balcova,egitim,2,1,95,25,-2,16000
400,izmir,konak,altintas,3,1,125,40,1,16000
401,izmir,karsiyaka,tersane,3,1,140,30,5,16000
402,izmir,bayrakli,osmangazi,2,1,85,16,0,15000
403,izmir,buca,efeler,2,1,95,25,0,12000
405,izmir,foca,fevzi_cakmak,3,1,120,15,3,25000
406,izmir,karsiyaka,bahariye,2,1,90,30,1,16000
407,izmir,karsiyaka,alaybey,2,1,120,16,2,20500
408,izmir,konak,alsancak,2,1,70,26,4,18500
409,izmir,gaziemir,sevgi,2,1,105,26,3,20000
410,izmir,konak,mimar_sinan,3,1,130,31,4,25000
411,izmir,kemalpasa,ulucak_mustafa_kemal_ataturk,2,1,100,1,3,16000
412,izmir,gaziemir,gazi,3,1,145,11,2,28000
413,izmir,cigli,balatcik,1,1,65,5,3,13500
415,izmir,karsiyaka,tuna,2,1,90,20,0,15000
417,izmir,konak,murat_reis,2,1,100,35,3,14000
418,izmir,gaziemir,zafer,3,1,110,24,3,14000
419,izmir,narlidere,ilica,3,1,125,25,4,18000
421,izmir,konak,kilic_reis,1,1,55,5,0,17000
422,izmir,gaziemir,atifbey,2,1,110,9,3,22000
423,izmir,balcova,fevzi_cakmak,3,1,165,23,3,20000
425,izmir,bayrakli,bayrakli,3,1,120,21,5,45000
426,izmir,karsiyaka,bahcelievler,3,1,125,26,4,17500
428,izmir,urla,gulbahce,2,1,60,26,0,22500
429,izmir,balcova,teleferik,3,1,135,26,1,19750
430,izmir,karabaglar,yurdoglu,3,1,120,30,2,12500
432,izmir,menemen,gazi_mustafa_kemal,1,1,45,0,3,11000
433,izmir,karabaglar,doganay,3,1,130,25,4,15000
435,izmir,torbali,tepekoy,2,1,80,5,3,9000
437,izmir,konak,kahramanlar,1,1,70,28,3,13000
438,izmir,bayrakli,adalet,2,1,95,22,2,10000
439,izmir,bornova,inonu,3,1,120,0,2,20000
440,izmir,gaziemir,yesil,3,1,175,11,3,40000
441,izmir,bayrakli,bayrakli,3,1,125,21,3,21000
442,izmir,karsiyaka,aksoy,3,1,170,21,2,48000
444,izmir,gaziemir,gazi,3,1,160,13,5,28000
445,izmir,odemis,anafartalar,3,1,150,20,4,14000
446,izmir,buca,ataturk,1,1,45,5,1,10000
447,izmir,narlidere,limanreis,3,1,147,4,5,55000
448,izmir,balcova,egitim,1,1,50,0,0,14000
449,izmir,karabaglar,basin_sitesi,3,1,130,26,4,25000
450,izmir,karaburun,merkez,2,1,77,4,1,17000
451,izmir,karsiyaka,imbatli,2,1,75,10,1,14000
452,izmir,seferihisar,camikebir,3,1,150,26,4,20000
453,izmir,buca,efeler,3,1,140,21,3,18000
454,izmir,bergama,fatih,3,1,140,5,3,15000
456,izmir,bornova,kazimdirik,1,1,71,11,2,20000
457,izmir,menderes,gumuldur_fevzi_cakmak,2,1,85,25,2,45000
458,izmir,bornova,yesilova,2,1,85,30,3,15000
462,izmir,buca,adatepe,1,1,55,5,-1,13000
463,izmir,menemen,kasimpasa,2,1,95,30,5,13000
464,izmir,bergama,fatih,2,1,90,0,1,18000
465,izmir,balcova,cetin_emec,2,1,110,5,4,20000
466,izmir,urla,ozbek,3,1,100,31,0,20000
468,izmir,selcuk,zafer,1,1,50,4,4,13000
469,izmir,karabaglar,bahcelievler,3,1,110,35,2,17250
470,izmir,karsiyaka,bahriye_ucok,2,1,115,25,0,15000
471,izmir,karabaglar,bahcelievler,3,1,105,28,2,18500
473,izmir,menemen,villakent,4,1,140,1,0,20000
474,izmir,menemen,ulus,3,1,155,1,4,16000
475,izmir,bornova,inonu,3,1,110,0,1,20000
476,izmir,bayrakli,r_sevket_ince,1,1,70,31,3,13000
477,izmir,buca,ataturk,1,1,55,8,5,12000
478,izmir,karabaglar,ali_fuat_cebesoy,2,1,100,10,3,12000
480,izmir,konak,kilic_reis,2,1,75,40,-1,17000
481,izmir,karsiyaka,bostanli,3,1,160,26,3,48500
482,izmir,seferihisar,colak_ibrahim_bey,3,1,97,0,0,19000
483,izmir,gaziemir,yesil,3,1,135,16,2,20000
484,izmir,odemis,inonu,2,1,130,30,3,13000
485,izmir,karsiyaka,aksoy,3,1,110,28,4,20000
487,izmir,buca,adatepe,1,1,70,8,2,11000
488,izmir,karabaglar,aydin,3,1,95,15,0,15000
490,izmir,narlidere,yenikale,1,1,60,20,3,15000
492,izmir,bayrakli,osmangazi,2,1,100,26,1,13750
493,izmir,balcova,onur,3,1,110,28,3,22500
494,izmir,konak,mithatpasa,2,1,90,6,1,12000
495,izmir,bayrakli,cay,3,1,120,20,2,18000
496,izmir,karsiyaka,yali,3,1,145,7,4,32000
497,izmir,gaziemir,atifbey,2,1,115,12,3,22000
499,izmir,konak,alsancak,3,1,125,35,5,25000
501,izmir,karsiyaka,mavisehir,1,1,90,11,5,30000
502,izmir,urla,iskele,3,1,150,5,3,34000
503,izmir,narlidere,sahilevleri,4,1,161,20,2,35000
504,izmir,karsiyaka,bostanli,2,1,100,0,5,38000
505,izmir,buca,yildiz,3,1,130,16,5,16000
506,izmir,buca,kurucesme,1,1,55,0,4,15000
508,izmir,guzelbahce,maltepe,3,1,130,23,3,35000
509,izmir,menderes,cuneytbey,2,1,90,0,0,25000
510,izmir,karabaglar,arap_hasan,3,1,105,35,1,17500
512,izmir,bornova,kazimdirik,1,1,65,5,3,23000
513,izmir,konak,alsancak,1,1,60,20,3,18000
515,izmir,dikili,kabakum,2,1,120,25,2,25000
516,izmir,bayrakli,sogukkuyu,3,1,120,25,5,17000
517,izmir,gaziemir,sevgi,3,1,130,18,3,25000
518,izmir,menemen,30_agustos,3,1,160,8,3,30000
520,izmir,foca,ilipinar,4,1,200,1,2,55000
521,izmir,cigli,ugur_mumcu,3,1,150,5,2,23000
522,izmir,foca,kazim_dirik,3,1,120,0,0,22000
524,izmir,buca,kozagac,2,1,105,5,3,17000
525,izmir,aliaga,kurtulus,3,1,115,25,1,22500
526,izmir,cigli,ataturk,3,1,120,4,0,18500
528,izmir,karabaglar,yurdoglu,2,1,90,4,1,19000
529,izmir,bergama,maltepe,3,1,145,20,3,16000
531,izmir,bayrakli,fuat_edip_baksi,3,1,120,33,3,20500
532,izmir,karsiyaka,yali,1,1,60,7,3,20000
533,izmir,menemen,zeytinlik,1,1,55,1,1,10000
534,izmir,menemen,85_yil_cumhuriyet,1,1,60,5,2,10000
535,izmir,konak,altintas,2,1,80,40,0,10000
536,izmir,narlidere,ataturk,3,1,206,5,5,53000
537,izmir,konak,halkapinar,2,1,85,0,5,32000
538,izmir,buca,kurucesme,1,1,45,3,3,16000
539,izmir,buca,kurucesme,1,1,55,10,3,12500
541,izmir,narlidere,ataturk,3,1,145,15,3,20000
544,izmir,karabaglar,basin_sitesi,3,1,110,40,1,21000
545,izmir,konak,barbaros,2,1,105,10,3,18000
546,izmir,torbali,yedi_eylul,1,1,65,6,2,12950
547,izmir,seferihisar,turabiye,1,1,65,3,3,13500
550,izmir,selcuk,cumhuriyet,2,1,125,12,1,15000
552,izmir,karabaglar,yasar_kemal,2,1,100,15,0,11500
553,izmir,urla,ataturk,3,1,175,12,2,50000
554,izmir,buca,camlipinar,3,1,145,14,2,25000
555,izmir,karsiyaka,tuna,2,1,100,25,3,12000
556,izmir,buca,yesilbaglar,2,1,95,29,0,12500
557,izmir,gaziemir,sevgi,2,1,93,26,2,22000
558,izmir,gaziemir,fatih,2,1,100,5,2,21500
559,izmir,gaziemir,sevgi,3,1,155,16,2,19000
561,izmir,menderes,cukuralti,3,1,150,11,0,20000
562,izmir,tire,fatih,3,1,135,1,1,18250
563,izmir,menderes,gumuldur_fevzi_cakmak,2,1,75,15,5,13000
565,izmir,cigli,ataturk,3,1,125,0,3,20000
567,izmir,odemis,hurriyet,3,1,150,5,3,16000
568,izmir,konak,cankaya,3,1,130,40,2,16000
569,izmir,konak,murat_reis,3,1,130,40,3,19000
571,izmir,karabaglar,arap_hasan,3,1,145,42,4,25000
572,izmir,foca,yenibagarasi,2,1,80,0,3,14000
573,izmir,bayrakli,75_yil,4,1,183,13,2,22000
575,izmir,foca,kazim_dirik,2,1,150,0,0,15000
576,izmir,torbali,yemislik,3,1,140,2,1,15000
577,izmir,konak,kultur,2,1,115,30,5,35000
578,izmir,odemis,zafer,3,1,160,3,5,18000
579,izmir,torbali,torbali,2,1,105,0,4,22500
582,izmir,karabaglar,bozyaka,2,1,110,30,2,13500
583,izmir,buca,yaylacik,2,1,75,0,5,21000
584,izmir,balcova,fevzi_cakmak,3,1,160,10,1,25000
586,izmir,karsiyaka,yali,3,1,130,0,2,41000
587,izmir,karsiyaka,yali,3,1,130,15,0,20000
589,izmir,karsiyaka,ornekkoy,3,1,130,6,1,25500
591,izmir,guzelbahce,yelki,3,1,160,22,3,19000
593,izmir,cigli,egekent,3,1,135,25,3,13500
594,izmir,cigli,ugur_mumcu,3,1,140,0,2,18000
595,izmir,karabaglar,basin_sitesi,2,1,90,0,1,25000
596,izmir,narlidere,2_inonu,1,1,65,5,3,26900
597,izmir,bayrakli,mansuroglu,3,1,120,35,3,17750
598,izmir,odemis,cumhuriyet,3,1,135,30,5,7000
599,izmir,konak,guzelyali,3,1,130,21,4,25000
600,izmir,karabaglar,uzundere,1,1,65,2,2,13500
602,izmir,balcova,egitim,3,1,140,35,2,15000
603,izmir,buca,guven,2,1,95,5,1,20000
604,izmir,buca,kurucesme,1,1,55,5,1,10000
605,izmir,balcova,onur,3,1,160,20,3,27000
608,izmir,bornova,ataturk,2,1,96,25,3,13000
610,izmir,bergama,fatih,2,1,70,1,5,10000
611,izmir,karsiyaka,dedebasi,2,1,108,13,2,21500
614,izmir,cigli,atasehir,3,1,180,10,4,35000
616,izmir,bornova,kazimdirik,3,1,150,21,6,30000
617,izmir,bornova,erzene,3,1,140,25,1,18000
618,izmir,narlidere,narli,3,1,110,30,1,13000
619,izmir,gaziemir,gazikent,1,1,75,26,4,16000
620,izmir,seferihisar,ataturk,1,1,60,20,0,9000
621,izmir,bornova,kazimdirik,3,1,150,31,4,25000
622,izmir,karsiyaka,nergiz,2,1,140,18,2,16000
623,izmir,menemen,85_yil_cumhuriyet,1,1,45,5,0,12500
624,izmir,dikili,candarli,3,1,120,10,2,22000
625,izmir,cigli,kucuk_cigli,3,1,130,10,4,18000
626,izmir,karsiyaka,semikler,2,1,90,4,1,21000
629,izmir,gaziemir,irmak,3,1,135,25,0,15000
630,izmir,narlidere,2_inonu,3,1,175,10,6,35000
631,izmir,buca,buca_osb,1,1,70,6,-1,10000
632,izmir,guzelbahce,yelki,2,1,85,2,1,22000
633,izmir,karsiyaka,mavisehir,1,1,76,4,5,32000
634,izmir,urla,kalabak,3,1,110,11,0,27000
635,izmir,konak,zafertepe,2,1,125,0,4,22000
636,izmir,gaziemir,fatih,1,1,50,0,3,15000
637,izmir,buca,ataturk,2,1,90,8,0,13000
638,izmir,cigli,balatcik,3,1,160,3,4,27000
639,izmir,karsiyaka,atakent,3,1,160,30,3,40000
642,izmir,foca,kazim_dirik,3,1,130,0,0,15000
643,izmir,balcova,koruturk,3,1,220,23,6,35000
644,izmir,menemen,istiklal,3,1,120,6,2,20500
646,izmir,cigli,inonu,2,1,95,4,6,15000
647,izmir,menderes,kemalpasa,4,1,170,0,2,40000
648,izmir,menemen,yesil_pinar,2,1,90,12,1,7500
651,izmir,karsiyaka,imbatli,2,1,100,0,4,18000
652,izmir,konak,kultur,2,1,120,25,2,29999
653,izmir,karabaglar,gulyaka,2,1,80,6,2,14750
654,izmir,seferihisar,hidirlik,2,1,75,5,0,5000
655,izmir,foca,mustafa_kemal_ataturk,2,1,85,0,2,25000
657,izmir,seferihisar,hidirlik,1,1,55,0,3,12500
659,izmir,karsiyaka,yali,3,1,95,10,-2,20000
660,izmir,konak,murat_reis,2,1,80,2,1,20000
661,izmir,menderes,gumuldur_fevzi_cakmak,2,1,85,15,0,14000
662,izmir,bornova,evka_4,2,1,90,35,2,12000
664,izmir,karsiyaka,dedebasi,3,1,140,15,5,23000
665,izmir,karabaglar,fahrettin_altay,3,1,120,35,4,28000
666,izmir,menemen,ugur_mumcu,2,1,95,2,3,16000
667,izmir,cigli,inonu,3,1,110,5,5,20000
669,izmir,konak,mimar_sinan,3,1,180,26,5,30000
670,izmir,karsiyaka,donanmaci,3,1,135,35,3,33000
671,izmir,odemis,ataturk,3,1,180,20,3,15000
672,izmir,cigli,yakakent,2,1,100,3,0,24000
674,izmir,cigli,balatcik,2,1,96,2,2,18000
675,izmir,bornova,inonu,3,1,120,20,4,19000
676,izmir,buca,menderes,3,1,163,20,2,25000
677,izmir,dikili,ismetpasa,2,1,90,15,1,20000
678,izmir,bayrakli,korfez,3,1,124,16,1,16000
679,izmir,seferihisar,ataturk,3,1,165,24,2,30000
680,izmir,bergama,ayvatlar,3,1,120,11,2,13500
681,izmir,karsiyaka,aksoy,4,1,220,40,4,45000
682,izmir,konak,cankaya,3,1,155,29,4,35000
683,izmir,bornova,mevlana,2,1,91,9,2,18500
684,izmir,bayrakli,tepekule,3,1,95,30,0,12500
685,izmir,torbali,ayrancilar,3,1,145,13,3,16000
686,izmir,buca,adatepe,2,1,75,16,3,12000
687,izmir,balcova,cetin_emec,2,1,70,28,0,15000
688,izmir,karsiyaka,bostanli,3,1,135,30,5,30000
689,izmir,bornova,kazimdirik,1,1,72,6,2,24000
690,izmir,karabaglar,yasar_kemal,2,1,80,12,4,13000
691,izmir,menemen,inonu,1,1,55,5,2,10000
692,izmir,bornova,evka_3,1,1,55,0,3,18500
693,izmir,foca,yenibagarasi,2,1,100,6,0,14500
694,izmir,karsiyaka,fikri_altay,3,1,120,10,4,18000
695,izmir,buca,kurucesme,1,1,55,3,3,16000
696,izmir,konak,gunesli,3,1,120,31,2,24000
698,izmir,balcova,teleferik,3,1,140,30,2,20000
699,izmir,balcova,cetin_emec,3,1,140,35,4,25000
701,izmir,bornova,inonu,2,1,120,5,3,20000
703,izmir,konak,barbaros,2,1,194,4,5,23000
705,izmir,konak,murat_reis,2,1,100,30,2,13500
706,izmir,bayrakli,sogukkuyu,3,1,150,15,6,18000
707,izmir,karsiyaka,bostanli,3,1,160,28,1,37000
708,izmir,menemen,ismet_inonu,2,1,90,5,3,14000
709,izmir,menemen,inonu,1,1,55,8,2,11000
710,izmir,karabaglar,bahcelievler,3,1,150,28,3,25000
712,izmir,karabaglar,vatan,3,1,90,25,1,11000
713,izmir,konak,mehmet_ali_akman,2,1,110,32,3,28000
714,izmir,bornova,inonu,2,1,100,25,3,12000
715,izmir,konak,atilla,2,1,80,30,1,10000
716,izmir,menemen,incirli_pinar,3,1,115,4,5,14000
717,izmir,narlidere,narli,3,1,155,20,4,30000
718,izmir,buca,firat,3,1,150,18,1,20000
719,izmir,foca,fatih,1,1,45,1,0,50000
720,izmir,buca,kurucesme,2,1,85,2,5,15000
721,izmir,buca,hurriyet,1,1,45,4,1,10500
722,izmir,guzelbahce,yali,3,1,110,26,1,18000
723,izmir,urla,guvendik,2,1,85,10,1,60000
724,izmir,urla,ataturk,2,1,90,15,5,40000
725,izmir,cigli,kucuk_cigli,1,1,45,4,2,16200
726,izmir,menemen,tulbentli,4,1,190,3,2,30000
727,izmir,menemen,85_yil_cumhuriyet,2,1,110,4,2,17500
729,izmir,dikili,candarli,4,1,150,10,2,27500
731,izmir,gaziemir,atifbey,2,1,115,11,3,22000
732,izmir,karsiyaka,yali,1,1,87,11,2,34000
734,izmir,selcuk,cumhuriyet,2,1,140,25,2,16000
735,izmir,menderes,gumuldur_fevzi_cakmak,1,1,55,6,1,12000
736,izmir,bayrakli,cay,1,1,65,0,1,17000
739,izmir,karabaglar,gulyaka,2,1,85,0,1,14000
741,izmir,karabaglar,uzundere,1,1,65,3,3,13000
742,izmir,karabaglar,tahsin_yazici,2,1,100,5,1,14000
743,izmir,karsiyaka,bahcelievler,3,1,125,30,4,18000
744,izmir,karsiyaka,alaybey,3,1,120,44,4,30000
745,izmir,gaziemir,atifbey,3,1,135,20,1,22000
746,izmir,buca,camlik,2,1,70,16,0,10000
747,izmir,seferihisar,sigacik,3,1,160,11,0,30000
749,izmir,narlidere,huzur,3,1,120,15,2,17500
750,izmir,karsiyaka,semikler,2,1,100,7,4,18500
751,izmir,menemen,85_yil_cumhuriyet,1,1,45,0,3,9000
752,izmir,konak,kilic_reis,3,1,170,31,1,20000
755,izmir,buca,firat,2,1,100,15,3,10000
756,izmir,dikili,gazipasa,1,1,80,1,0,20000
757,izmir,menemen,gazi,3,1,125,0,1,17500
758,izmir,guzelbahce,maltepe,3,1,135,15,5,32000
759,izmir,konak,atilla,2,1,90,12,6,17000
760,izmir,karsiyaka,bostanli,3,1,180,30,2,28000
761,izmir,buca,yesilbaglar,3,1,170,9,3,30000
762,izmir,bornova,kazimdirik,2,1,68,0,5,30000
763,izmir,bergama,bahcelievler,3,1,135,25,2,21000
764,izmir,gaziemir,gazikent,3,1,110,30,5,18000
765,izmir,dikili,ismetpasa,2,1,95,10,3,15000
766,izmir,karsiyaka,donanmaci,3,1,140,31,3,17500
770,izmir,balcova,fevzi_cakmak,4,1,205,18,2,25000
771,izmir,karsiyaka,bostanli,2,1,115,0,5,38000
772,izmir,buca,kurucesme,1,1,50,4,0,12000
774,izmir,cigli,atasehir,3,1,135,16,3,25500
776,izmir,karabaglar,gunaltay,2,1,80,26,1,8500
777,izmir,balcova,onur,3,1,140,26,3,15000
778,izmir,karsiyaka,bostanli,3,1,125,4,2,32000
779,izmir,buca,adatepe,1,1,55,4,0,11000
781,izmir,menemen,mermerli,2,1,100,21,3,12500
782,izmir,bornova,evka_3,1,1,56,0,3,20000
785,izmir,karabaglar,bahcelievler,3,1,150,28,3,25000
786,izmir,karsiyaka,bostanli,2,1,130,25,5,20000
788,izmir,karabaglar,metin_oktay,2,1,103,30,3,11000
789,izmir,bornova,erzene,3,1,100,32,3,16000
790,izmir,karabaglar,esentepe,1,1,70,4,4,20000
791,izmir,karsiyaka,bahcelievler,3,1,140,21,1,26000
793,izmir,karsiyaka,ornekkoy,3,1,125,0,3,27000
794,izmir,bayrakli,emek,2,1,100,15,1,8000
795,izmir,cigli,balatcik,1,1,65,6,3,13500
796,izmir,konak,mimar_sinan,3,1,160,31,3,20500
799,izmir,urla,ataturk,2,1,90,25,5,18000
800,izmir,menemen,29_ekim,3,1,135,10,1,19000
801,izmir,balcova,onur,1,1,85,21,0,19000
802,izmir,konak,mithatpasa,3,1,145,26,1,21000
803,izmir,menemen,85_yil_cumhuriyet,1,1,50,0,0,8250
804,izmir,menemen,30_agustos,2,1,145,0,6,21000
805,izmir,cigli,evka_5,1,1,70,5,6,12500
807,izmir,bornova,kazimdirik,2,1,80,0,5,30000
808,izmir,menderes,gumuldur_fevzi_cakmak,2,1,75,5,-2,10000
809,izmir,selcuk,isa_bey,1,1,75,20,0,12000
810,izmir,cesme,musalla,1,1,55,4,0,20000
812,izmir,konak,mimar_sinan,3,1,130,30,4,25000
813,izmir,bornova,kazimdirik,3,1,124,0,3,39500
814,izmir,bayrakli,manavkuyu,3,1,125,35,6,20000
815,izmir,balcova,fevzi_cakmak,2,1,85,5,3,20000
816,izmir,bornova,kizilay,1,1,45,6,0,12500
819,izmir,buca,yildiz,1,1,50,3,2,14500
820,izmir,karabaglar,doganay,3,1,125,30,5,15000
821,izmir,konak,atilla,3,1,110,30,6,13500
822,izmir,bayrakli,bayrakli,3,1,130,21,2,16000
823,izmir,balcova,koruturk,2,1,90,14,1,18000
824,izmir,bornova,kazimdirik,1,1,48,4,4,18000
825,izmir,foca,mustafa_kemal_ataturk,2,1,70,0,3,18000
826,izmir,cigli,harmandali_gazi_mustafa_kemal_ataturk,2,1,105,5,1,12500
828,izmir,cigli,ataturk,3,1,130,20,6,15000
829,izmir,karabaglar,vatan,2,1,110,21,5,15000
831,izmir,bayrakli,manavkuyu,3,1,125,26,6,17500
832,izmir,karsiyaka,bahriye_ucok,3,1,160,22,2,25000
833,izmir,konak,kultur,4,1,150,35,5,25000
834,izmir,seferihisar,camikebir,1,1,60,5,1,13000
837,izmir,karsiyaka,bahcelievler,2,1,120,20,1,18000
839,izmir,menemen,ataturk,1,1,55,1,3,10500
840,izmir,balcova,koruturk,1,1,58,7,2,25000
841,izmir,bayrakli,mansuroglu,3,1,140,25,1,12000
842,izmir,gaziemir,irmak,3,1,140,20,3,15000
844,izmir,menemen,gazi,3,1,125,0,3,18500
846,izmir,guzelbahce,yelki,3,1,132,7,3,37000
847,izmir,bornova,gurpinar,3,1,130,12,2,20000
848,izmir,konak,altintas,2,1,120,31,4,17000
849,izmir,karsiyaka,bostanli,3,1,160,25,2,25000
852,izmir,bergama,fevzipasa,2,1,120,18,2,20000
853,izmir,cigli,balatcik,1,1,80,3,3,17000
854,izmir,buca,kurucesme,1,1,45,5,3,11000
855,izmir,karsiyaka,semikler,3,1,110,3,5,21500
856,izmir,balcova,koruturk,3,1,110,30,1,18000
857,izmir,menderes,ozdere_cumhuriyet,2,1,85,1,3,10000
858,izmir,karabaglar,refet_bele,3,1,130,20,3,21000
859,izmir,bornova,kazimdirik,1,1,45,4,3,27000
860,izmir,bornova,ataturk,3,1,140,18,1,16000
862,izmir,cigli,balatcik,1,1,65,6,3,15750
863,izmir,cigli,koyici,2,1,85,10,1,12000
864,izmir,dikili,bademli,2,1,85,25,1,12000
865,izmir,konak,mithatpasa,3,1,145,26,1,21000
867,izmir,karsiyaka,mavisehir,3,1,150,11,4,46000
869,izmir,buca,ataturk,2,1,95,7,0,13000
870,izmir,karabaglar,doganay,3,1,130,30,5,14000
874,izmir,cesme,ismet_inonu,2,1,160,7,2,33000
875,izmir,karabaglar,esenyali,3,1,140,31,2,27500
876,izmir,guzelbahce,mustafa_kemal_pasa,3,1,161,7,0,28900
877,izmir,guzelbahce,yali,3,1,168,11,1,30000
878,izmir,urla,denizli,3,1,135,5,2,40000
879,izmir,buca,yaylacik,1,1,55,15,1,9250
882,izmir,menemen,kasimpasa,4,1,154,25,3,15000
883,izmir,balcova,onur,1,1,55,5,4,17250
884,izmir,urla,gulbahce,3,1,150,15,2,58000
885,izmir,buca,yildiz,3,1,120,20,1,17000
886,izmir,bornova,kizilay,3,1,110,25,2,15000
887,izmir,bayrakli,bayrakli,2,1,85,30,3,13500
888,izmir,odemis,hurriyet,2,1,90,4,2,14000
890,izmir,karsiyaka,imbatli,1,1,55,0,6,15900
891,izmir,karsiyaka,ornekkoy,3,1,120,26,5,15000
892,izmir,odemis,umurbey,2,1,90,19,4,13500
893,izmir,karsiyaka,fikri_altay,2,1,90,5,2,25000
895,izmir,konak,mehmet_ali_akman,3,1,100,31,0,20000
896,izmir,konak,alsancak,2,1,110,25,4,18500
898,izmir,karabaglar,devrim,3,1,135,16,1,10757
899,izmir,karabaglar,bahcelievler,3,1,125,26,4,19000
901,izmir,karabaglar,reis,2,1,95,31,5,15000
902,izmir,karsiyaka,tuna,4,1,170,31,6,40000
903,izmir,karaburun,mordogan,3,1,135,26,0,22500
904,izmir,menemen,inonu,1,1,45,5,3,11000
905,izmir,dikili,salimbey,1,1,75,15,2,35000
906,izmir,seferihisar,colak_ibrahim_bey,3,1,150,5,1,22000
907,izmir,urla,balikliova,2,1,140,5,3,20000
908,izmir,menemen,gazi_mustafa_kemal,1,1,55,10,3,10750
909,izmir,konak,atilla,2,1,95,22,1,15000
911,izmir,karabaglar,tahsin_yazici,2,1,95,2,1,17000
913,izmir,menderes,gumuldur_fevzi_cakmak,2,1,80,5,0,10000
914,izmir,menemen,tulbentli,2,1,120,0,6,16500
915,izmir,menemen,gazi,2,1,90,16,2,12000
916,izmir,torbali,fevzi_cakmak,3,1,130,8,3,13000
917,izmir,buca,camlikule,4,1,178,12,2,24000
918,izmir,balcova,fevzi_cakmak,3,1,135,3,1,27000
919,izmir,torbali,inonu,2,1,110,0,3,14000
920,izmir,balcova,egitim,2,1,110,31,3,15000
921,izmir,balcova,koruturk,3,1,115,35,4,16000
922,izmir,gaziemir,gazi,2,1,85,3,1,15000
923,izmir,balcova,cetin_emec,2,1,85,30,0,15000
924,izmir,bornova,ataturk,2,1,120,30,1,15000
925,izmir,karabaglar,bahcelievler,3,1,140,35,2,17000
926,izmir,bornova,erzene,2,1,110,4,0,16000
927,izmir,bornova,kazimdirik,2,1,97,30,3,21000
928,izmir,bornova,erzene,3,1,135,25,1,15000
930,izmir,konak,kahramanlar,1,1,40,4,1,25000
931,izmir,menderes,golcukler,2,1,115,10,0,15000
933,izmir,urla,ozbek,3,1,110,30,2,27000
934,izmir,karsiyaka,goncalar,2,1,110,3,2,35000
935,izmir,dikili,gazipasa,3,1,120,25,1,30000
936,izmir,konak,murat_reis,3,1,110,40,3,16000
937,izmir,karsiyaka,bahriye_ucok,3,1,120,30,4,20500
939,izmir,seferihisar,camikebir,2,1,110,25,1,15000
940,izmir,bornova,kazimdirik,2,1,96,9,3,30000
941,izmir,karsiyaka,bostanli,1,1,90,30,2,20000
944,izmir,dikili,candarli,3,1,165,0,0,19000
945,izmir,karabaglar,arap_hasan,2,1,100,30,5,15000
946,izmir,konak,murat_reis,3,1,125,40,3,15000
947,izmir,cesme,celal_bayar,1,1,75,15,0,22500
949,izmir,buca,ataturk,1,1,60,5,2,11500
950,izmir,karsiyaka,alaybey,1,1,75,2,2,18000
951,izmir,narlidere,catalkaya,3,1,130,25,1,23000
953,izmir,balcova,onur,3,1,115,30,1,15000
954,izmir,konak,alsancak,3,1,120,40,3,16500
955,izmir,urla,guvendik,1,1,55,1,0,25000
956,izmir,karabaglar,tahsin_yazici,3,1,125,10,4,21000
957,izmir,konak,alsancak,2,1,100,25,6,19000
959,izmir,buca,camlikule,2,1,85,30,0,12000
960,izmir,bayrakli,bayrakli,3,1,125,21,3,21000
961,izmir,karsiyaka,aksoy,3,1,170,25,3,48000
962,izmir,cigli,harmandali_gazi_mustafa_kemal_ataturk,2,1,92,0,2,18000
963,izmir,karaburun,mordogan,3,1,120,0,2,50000
965,izmir,karabaglar,vatan,2,1,110,13,1,15000
967,izmir,balcova,teleferik,3,1,181,15,3,25000
969,izmir,seferihisar,camikebir,1,1,50,2,2,13000
972,izmir,buca,adatepe,1,1,55,5,0,13250
973,izmir,bayrakli,postacilar,2,1,95,25,2,9000
974,izmir,buca,yenigun,2,1,87,29,3,13500
975,izmir,konak,mithatpasa,3,1,125,35,2,27500
976,izmir,karsiyaka,alaybey,3,1,120,40,4,15000
977,izmir,buca,yildiz,3,1,150,11,4,21000
978,izmir,bayindir,fatih,3,1,130,11,3,15000
979,izmir,karsiyaka,ornekkoy,3,1,125,5,2,20000
980,izmir,gaziemir,yesil,2,1,85,11,2,16500
981,izmir,karsiyaka,zubeyde_hanim,1,1,50,1,1,13500
982,izmir,konak,mehmet_ali_akman,2,1,100,40,2,27500
983,izmir,menderes,kemalpasa,3,1,140,5,1,30000
984,izmir,konak,goztepe,2,1,85,35,4,12500
985,izmir,menemen,30_agustos,3,1,145,7,4,22000
989,izmir,karabaglar,basin_sitesi,2,1,115,36,2,18500
990,izmir,menemen,85_yil_cumhuriyet,1,1,60,5,0,8000
991,izmir,gaziemir,dokuz_eylul,1,1,60,4,0,16000
992,izmir,konak,gunesli,3,1,125,23,2,24500
994,izmir,konak,gunesli,3,1,125,25,3,24000
995,izmir,seferihisar,colak_ibrahim_bey,2,1,100,0,0,17000
998,izmir,menderes,gumuldur_fevzi_cakmak,2,1,85,11,0,12000
999,izmir,bayrakli,r_sevket_ince,2,1,100,16,1,12000
1000,izmir,konak,alsancak,3,1,160,26,2,25000
1001,izmir,konak,alsancak,3,1,145,25,3,20000
1003,izmir,buca,efeler,3,1,150,18,3,25000
1005,izmir,menemen,9_eylul,3,1,135,3,1,16000
1006,izmir,odemis,ataturk,3,1,130,25,4,7500
1007,izmir,urla,ataturk,3,1,140,40,2,31000
1008,izmir,karabaglar,doganay,1,1,30,25,1,9000
1009,izmir,karsiyaka,mavisehir,1,1,76,4,5,32000
1012,izmir,menemen,ataturk,3,1,140,0,6,16000
1013,izmir,karsiyaka,inonu,2,1,100,8,0,7500
1014,izmir,karabaglar,general_kazim_ozalp,3,1,120,35,1,9500
1015,izmir,karsiyaka,bostanli,3,1,150,32,2,33000
1016,izmir,konak,murat_reis,2,1,95,31,1,15000
1017,izmir,bornova,inonu,1,1,45,10,5,13000
1018,izmir,konak,alsancak,2,1,95,21,1,19000
1019,izmir,urla,ozbek,3,1,120,16,0,21000
1020,izmir,cigli,egekent,3,1,110,15,0,10000
1022,izmir,seferihisar,colak_ibrahim_bey,2,1,95,5,5,12000
1023,izmir,bornova,kazimdirik,1,1,55,7,6,23000
1024,izmir,bornova,inonu,3,1,140,21,2,17000
1025,izmir,konak,kahramanlar,1,1,45,4,1,18000
1026,izmir,bornova,kizilay,2,1,85,5,1,11500
1027,izmir,karsiyaka,atakent,3,1,140,35,5,27500
1028,izmir,karsiyaka,bostanli,3,1,165,26,1,27000
1029,izmir,cigli,kucuk_cigli,2,1,72,0,3,15500
1031,izmir,menemen,gazi_mustafa_kemal,1,1,55,2,2,12000
1032,izmir,buca,kurucesme,1,1,42,4,1,10000
1033,izmir,gaziemir,atifbey,2,1,115,11,3,22000
1034,izmir,foca,kazim_dirik,1,1,65,0,3,15000
1035,izmir,karsiyaka,semikler,2,1,90,5,3,18000
1036,izmir,buca,adatepe,1,1,50,5,3,11000
1037,izmir,konak,tinaztepe,2,1,100,25,2,15000
1038,izmir,buca,kurucesme,1,1,60,5,6,10000
1040,izmir,karabaglar,doganay,3,1,130,35,1,12500
1041,izmir,konak,murat_reis,3,1,125,35,4,18000
1042,izmir,karsiyaka,imbatli,2,1,90,7,3,20000
1043,izmir,guzelbahce,yali,3,1,120,21,3,25000
1044,izmir,buca,baris,1,1,50,3,2,12000
1045,izmir,menderes,ozdere_cumhuriyet,2,1,80,20,1,12000
1047,izmir,bayrakli,adalet,2,1,100,35,2,15000
1048,izmir,karsiyaka,semikler,2,1,70,5,1,19500
1050,izmir,foca,cumhuriyet,3,1,150,25,2,30000
1053,izmir,karsiyaka,zubeyde_hanim,3,1,120,25,0,16000
1054,izmir,bornova,ataturk,3,1,120,26,1,13500
1055,izmir,bornova,barbaros,2,1,120,18,2,15000
1058,izmir,bornova,kazimdirik,3,1,130,17,1,25000
1059,izmir,odemis,hurriyet,2,1,100,20,4,8500
1060,izmir,karabaglar,esenyali,3,1,115,35,2,15000
1061,izmir,bayrakli,mansuroglu,3,1,105,31,3,15000
1062,izmir,urla,gulbahce,2,1,70,6,1,27500
1063,izmir,konak,kultur,2,1,85,31,2,20000
1064,izmir,karsiyaka,yali,3,1,130,0,2,41000
1065,izmir,buca,camlikule,2,1,145,16,1,11500
1067,izmir,karsiyaka,ornekkoy,2,1,90,5,3,18000
1069,izmir,menderes,cuneytbey,2,1,135,0,3,30000
1070,izmir,karsiyaka,bostanli,2,1,90,30,1,26000
1071,izmir,konak,alsancak,3,1,130,25,2,29000
1072,izmir,buca,menderes,2,1,95,19,1,14700
1073,izmir,karsiyaka,imbatli,2,1,100,0,4,18000
1074,izmir,buca,yesilbaglar,1,1,119,8,4,10000
1075,izmir,gaziemir,sevgi,2,1,93,26,2,22000
1077,izmir,konak,zafertepe,3,1,110,5,2,18500
1078,izmir,seferihisar,sigacik,1,1,55,0,2,25000
1079,izmir,konak,cankaya,3,1,145,43,4,20000
1080,izmir,buca,laleli,3,1,130,26,2,15000
1081,izmir,torbali,fevzi_cakmak,4,1,170,10,3,17000
1082,izmir,bornova,ergene,2,1,85,7,0,12500
1083,izmir,menderes,gumuldur_fevzi_cakmak,2,1,80,11,5,14000
1085,izmir,konak,alsancak,2,1,95,31,3,18000
1086,izmir,buca,guven,3,1,170,20,2,20000
1087,izmir,narlidere,limanreis,3,1,150,26,0,32000
1088,izmir,karabaglar,esentepe,4,1,210,14,4,30000
1089,izmir,cigli,inonu,3,1,156,8,1,20000
1090,izmir,cigli,evka_6,3,1,105,24,3,12000
1091,izmir,bornova,mevlana,2,1,90,8,2,18000
1093,izmir,bornova,inonu,3,1,125,25,2,16000
1094,izmir,cigli,balatcik,1,1,55,5,2,14100
1097,izmir,buca,ataturk,4,1,160,5,2,15000
1099,izmir,menemen,yahselli,2,1,95,10,3,9000
1102,izmir,karsiyaka,bostanli,3,1,120,35,3,20000
1103,izmir,menemen,villakent,1,1,65,2,0,11000
1104,izmir,karsiyaka,yali,1,1,55,5,3,21000
1105,izmir,buca,menderes,1,1,55,4,1,16250
1107,izmir,bornova,erzene,3,1,125,26,3,20000
1108,izmir,buca,dicle,2,1,100,25,1,11000
1109,izmir,bornova,kazimdirik,3,1,130,30,0,16000
1110,izmir,karabaglar,bahcelievler,2,1,73,0,2,17000
1111,izmir,menemen,inonu,1,1,63,6,1,12500
1112,izmir,karsiyaka,bostanli,3,1,160,35,0,24000
1114,izmir,konak,goztepe,3,1,110,35,-2,13000
1115,izmir,karsiyaka,bostanli,2,1,110,29,1,18000
1116,izmir,bornova,evka_4,2,1,95,0,1,20000
1117,izmir,karabaglar,esenyali,2,1,95,27,1,15000
1118,izmir,balcova,teleferik,1,1,91,15,0,20000
1119,izmir,karsiyaka,alaybey,3,1,180,40,5,36500
1120,izmir,bayrakli,bayrakli,2,1,110,18,2,15000
1121,izmir,urla,ataturk,2,1,95,5,0,26000
1122,izmir,bornova,erzene,3,1,110,30,4,15000
1123,izmir,karsiyaka,dedebasi,1,1,65,2,0,25000
1124,izmir,bornova,inonu,2,1,155,10,5,20000
1125,izmir,karabaglar,salih_omurtak,3,1,130,22,2,10000
1126,izmir,balcova,onur,3,1,140,5,2,35000
1128,izmir,karabaglar,yurdoglu,3,1,120,25,6,13500
1130,izmir,menemen,esatpasa,3,1,120,30,1,15500
1133,izmir,konak,alsancak,2,1,95,25,1,19000
1134,izmir,karsiyaka,aksoy,2,1,100,35,3,13500
1135,izmir,buca,adatepe,2,1,115,5,4,20000
1136,izmir,karsiyaka,inonu,1,1,53,11,2,19500
1137,izmir,karabaglar,bahcelievler,2,1,85,3,2,25000
1138,izmir,cigli,guzeltepe,2,1,75,15,0,6500
1139,izmir,karsiyaka,inonu,1,1,47,15,6,17950
1140,izmir,bornova,kazimdirik,1,1,64,5,4,16000
1141,izmir,cigli,atasehir,2,1,84,3,2,30000
1142,izmir,karsiyaka,nergiz,3,1,115,26,2,17000
1143,izmir,konak,murat_reis,1,1,48,35,1,12000
1144,izmir,buca,firat,2,1,100,30,3,20000
1145,izmir,bornova,erzene,3,1,110,25,3,15000
1146,izmir,tire,hurriyet,1,1,60,4,3,10900
1147,izmir,buca,inkilap,2,1,85,3,1,15000
1149,izmir,odemis,suleyman_demirel,3,1,145,5,0,17500
1151,izmir,buca,yildiz,2,1,120,21,3,12000
1153,izmir,karsiyaka,nergiz,2,1,85,21,5,18000
1155,izmir,buca,kozagac,3,1,130,20,0,22500
1156,izmir,foca,haciveli,2,1,75,21,2,10000
1157,izmir,buca,yaylacik,1,1,45,3,3,12000
1158,izmir,foca,kazim_dirik,3,1,130,5,2,14500
1159,izmir,konak,gunesli,3,1,125,25,2,25000
1160,izmir,buca,kurucesme,2,1,75,4,1,20000
1161,izmir,buca,hurriyet,2,1,85,0,3,18000
1162,izmir,konak,kahramanlar,2,1,90,25,3,17000
1163,izmir,karsiyaka,semikler,2,1,110,11,4,25000
1164,izmir,gaziemir,gazi,3,1,145,5,1,28000
1165,izmir,menderes,gumuldur_fevzi_cakmak,2,1,85,5,3,25000
1167,izmir,torbali,torbali,2,1,90,5,3,13000
1168,izmir,menemen,29_ekim,3,1,150,11,1,15000
1169,izmir,bornova,erzene,1,1,65,5,5,25000
1170,izmir,menemen,kasimpasa,3,1,110,11,2,17500
1171,izmir,konak,guzelyali,3,1,120,31,4,17500
1172,izmir,bornova,kazimdirik,2,1,68,0,5,32000
1173,izmir,buca,guven,2,1,90,30,4,14000
1174,izmir,balcova,onur,3,1,150,25,3,20000
1176,izmir,menemen,esatpasa,3,1,155,15,3,15000
1178,izmir,balcova,cetin_emec,3,1,145,21,2,25000
1179,izmir,bornova,mevlana,1,1,55,7,1,14000
1180,izmir,cesme,alacati,3,1,130,16,-2,26000
1181,izmir,karsiyaka,bahcelievler,2,1,90,30,3,15000
1182,izmir,konak,turgut_reis,3,1,120,40,1,17000
1183,izmir,bayrakli,alpaslan,2,1,80,0,1,12000
1184,izmir,buca,kozagac,2,1,80,4,4,16000
1185,izmir,bayrakli,emek,1,1,100,11,2,12000
1186,izmir,karabaglar,basin_sitesi,3,1,130,32,1,25000
1187,izmir,konak,guzelyali,2,1,80,35,1,15000
1188,izmir,narlidere,narli,3,1,130,25,3,19000
1189,izmir,seferihisar,sigacik,1,1,55,0,1,20000
1191,izmir,buca,kozagac,1,1,50,0,4,10500
1192,izmir,menemen,9_eylul,3,1,160,7,6,25000
1193,izmir,konak,barbaros,3,1,170,40,3,42500
1195,izmir,bayrakli,osmangazi,2,1,100,30,3,14500
1196,izmir,balcova,onur,3,1,120,25,4,18000
1197,izmir,buca,yildiz,1,1,50,5,5,8750
1198,izmir,karsiyaka,nergiz,1,1,60,4,1,25000
1200,izmir,konak,kultur,3,1,130,29,2,24000
1203,izmir,bornova,ataturk,2,1,80,30,1,12500
1204,izmir,bayrakli,mansuroglu,3,1,120,26,2,20000
1205,izmir,karsiyaka,bahcelievler,2,1,115,21,6,17000
1206,izmir,seferihisar,turabiye,2,1,130,8,5,15000
1208,izmir,konak,mithatpasa,2,1,85,5,1,12000
1211,izmir,karsiyaka,imbatli,1,1,50,6,3,16500
1214,izmir,menemen,kasimpasa,3,1,125,12,3,15000
1215,izmir,balcova,cetin_emec,2,1,100,22,4,25000
1216,izmir,konak,akin_simav,4,1,180,27,2,60000
1217,izmir,karabaglar,general_kazim_ozalp,2,1,100,25,1,13000
1218,izmir,buca,adatepe,1,1,45,5,1,12000
1220,izmir,bornova,ataturk,3,1,165,15,3,25000
1222,izmir,gaziemir,atifbey,3,1,135,25,5,20000
1224,izmir,menemen,85_yil_cumhuriyet,2,1,100,1,3,16000
1225,izmir,bayrakli,postacilar,3,1,120,16,2,15000
1228,izmir,buca,inkilap,3,1,120,31,4,12000
1229,izmir,buca,kurucesme,2,1,65,4,0,9000
1230,izmir,menemen,esatpasa,3,1,120,13,4,20000
1232,izmir,karabaglar,yurdoglu,3,1,130,16,6,14500
1233,izmir,bayrakli,manavkuyu,2,1,110,21,4,15000
1235,izmir,guzelbahce,siteler,1,1,60,21,0,25000
1236,izmir,buca,yildiz,1,1,55,16,0,7000
1237,izmir,narlidere,huzur,4,1,210,21,6,50000
1238,izmir,cesme,musalla,1,1,55,4,0,20000
1239,izmir,karsiyaka,ornekkoy,2,1,85,0,1,17000
1240,izmir,karsiyaka,bahcelievler,3,1,110,25,2,16000
1241,izmir,karsiyaka,donanmaci,3,1,150,40,2,20000
1242,izmir,buca,kurucesme,1,1,50,4,0,12000
1245,izmir,cigli,egekent,3,1,110,26,5,16000
1246,izmir,menemen,gazi_mustafa_kemal,1,1,55,4,1,9750
1248,izmir,balcova,onur,3,1,110,30,1,18000
1249,izmir,konak,goztepe,3,1,120,34,5,25000
1250,izmir,karsiyaka,zubeyde_hanim,1,1,55,2,2,20500
1251,izmir,cesme,16_eylul,1,1,55,13,1,25000
1252,izmir,buca,inkilap,3,1,130,35,4,17500
1253,izmir,bayrakli,yamanlar,3,1,140,26,2,13000
1254,izmir,gaziemir,hurriyet,3,1,130,15,1,13000
1255,izmir,urla,kuscular,2,1,80,0,2,30000
1256,izmir,cesme,alacati,4,1,160,15,2,50000
1257,izmir,karabaglar,vatan,1,1,45,1,1,10000
1258,izmir,bornova,kazimdirik,2,1,50,4,3,20000
1259,izmir,guzelbahce,camli,3,1,135,16,2,24750
1260,izmir,buca,kurucesme,1,1,55,4,5,11500
1264,izmir,seferihisar,ataturk,3,1,130,20,0,30000
1265,izmir,konak,atilla,3,1,185,30,5,21000
1267,izmir,bayrakli,gumuspala,2,1,75,10,2,17000
1268,izmir,buca,kurucesme,1,1,60,0,2,10000
1269,izmir,karsiyaka,zubeyde_hanim,3,1,130,21,6,16000
1270,izmir,foca,yenikoy,4,1,200,0,0,55000
1272,izmir,odemis,cumhuriyet,4,1,180,6,3,20000
1273,izmir,buca,ataturk,1,1,60,3,3,17000
1275,izmir,kemalpasa,yukarikizilca_merkez,3,1,170,18,2,25000
1276,izmir,cigli,atasehir,1,1,45,21,0,17500
1277,izmir,bornova,evka_4,2,1,90,0,1,25000
1278,izmir,odemis,zafer,3,1,140,8,1,15000
1279,izmir,buca,dumlupinar,1,1,55,10,4,11500
1280,izmir,balcova,egitim,1,1,65,5,4,17000
1281,izmir,menemen,inonu,1,1,55,4,3,9000
1283,izmir,menemen,ismet_inonu,3,1,125,15,3,15000
1284,izmir,selcuk,14_mayis,2,1,100,0,2,15000
1285,izmir,balcova,teleferik,3,1,121,28,1,20000
1286,izmir,bornova,kazimdirik,3,1,110,27,1,20000
1288,izmir,bornova,doganlar,2,1,110,16,2,11000
1289,izmir,cesme,ovacik,3,1,160,16,0,27000
1290,izmir,konak,murat_reis,2,1,90,6,0,12000
1295,izmir,buca,ufuk,2,1,86,6,2,16000
1296,izmir,karsiyaka,yali,2,1,112,13,1,35000
1297,izmir,karabaglar,kazim_karabekir,3,1,130,0,2,22000
1298,izmir,bayrakli,yamanlar,2,1,90,10,2,9000
1299,izmir,karsiyaka,demirkopru,1,1,60,4,5,18000
1300,izmir,konak,alsancak,2,1,100,21,3,20000
1301,izmir,seferihisar,ataturk,1,1,60,10,2,10000
1302,izmir,cigli,koyici,2,1,80,35,5,10000
1303,izmir,buca,ataturk,1,1,51,5,1,14500
1305,izmir,menemen,ulus,2,1,90,0,3,15000
1306,izmir,bayrakli,yamanlar,3,1,120,26,3,10000
1308,izmir,kinik,turkcedit,2,1,90,4,0,10000
1309,izmir,foca,kazim_dirik,2,1,75,0,2,11000
1310,izmir,buca,adatepe,3,1,120,21,1,18000
1311,izmir,menemen,85_yil_cumhuriyet,1,1,50,3,1,12000
1312,izmir,buca,laleli,2,1,110,28,5,18000
1313,izmir,urla,zeytinalani,3,1,130,30,1,20000
1315,izmir,foca,fevzipasa,2,1,85,32,2,22000
1316,izmir,gaziemir,yesil,3,1,110,25,1,14000
1317,izmir,buca,kurucesme,2,1,65,5,5,13500
1319,izmir,aliaga,cakmakli,2,1,110,30,0,40000
1320,izmir,narlidere,camtepe,2,1,120,16,3,35000
1321,izmir,karabaglar,aydin,3,1,95,15,3,15000
1322,izmir,karabaglar,bahcelievler,3,1,140,35,4,19000
1325,izmir,buca,adatepe,1,1,45,11,2,11500
1326,izmir,balcova,teleferik,3,1,135,28,3,25000
1327,izmir,konak,kultur,4,1,200,30,3,35000
1328,izmir,buca,vali_rahmi_bey,3,1,100,25,1,15000
1329,izmir,buca,hurriyet,3,1,140,25,3,18000
1331,izmir,karsiyaka,alaybey,3,1,120,30,1,20000
1332,izmir,konak,kultur,2,1,95,32,2,15000
1333,izmir,bornova,kazimdirik,3,1,137,36,3,25000
1334,izmir,bornova,kazimdirik,1,1,71,0,2,25000
1335,izmir,cigli,balatcik,2,1,78,5,5,19750
1336,izmir,buca,ataturk,2,1,80,4,3,17000
1337,izmir,karsiyaka,aksoy,3,1,110,21,5,22000
1338,izmir,karabaglar,devrim,2,1,100,16,2,9500
1340,izmir,gaziemir,irmak,3,1,140,16,3,15000
1341,izmir,menderes,cuneytbey,2,1,70,0,1,18500
1343,izmir,karsiyaka,dedebasi,2,1,100,7,-2,18000
1344,izmir,seferihisar,cumhuriyet,4,1,150,25,2,50000
1346,izmir,karabaglar,muammer_akar,2,1,60,35,1,11000
1347,izmir,menderes,gumuldur_fevzi_cakmak,2,1,85,6,2,25000
1348,izmir,karabaglar,yurdoglu,3,1,155,6,3,25000
1349,izmir,menemen,inonu,3,1,135,7,5,17500
1350,izmir,seferihisar,colak_ibrahim_bey,2,1,75,0,3,18500
1351,izmir,torbali,tepekoy,3,1,155,25,1,12000
1353,izmir,gaziemir,atifbey,3,1,155,20,2,19000
1354,izmir,karabaglar,vatan,2,1,105,23,3,15000
1355,izmir,urla,m_fevzi_cakmak,2,1,55,15,0,26000
1356,izmir,seferihisar,ataturk,2,1,75,2,0,20000
1357,izmir,gaziemir,gazi,2,1,90,5,4,27000
1358,izmir,gaziemir,irmak,3,1,130,12,3,18000
1360,izmir,bayrakli,mansuroglu,3,1,100,25,3,15000
1363,izmir,buca,kurucesme,2,1,115,25,1,13500
1364,izmir,urla,gulbahce,1,1,45,2,1,20000
1365,izmir,buca,ataturk,1,1,60,5,-1,10000
1366,izmir,konak,altintas,2,1,85,35,6,25000
1367,izmir,bornova,kazimdirik,1,1,67,2,4,35000
1370,izmir,karabaglar,doganay,2,1,85,20,3,10000
1373,izmir,odemis,suleyman_demirel,2,1,110,15,0,11000
1374,izmir,menemen,gazi_mustafa_kemal,1,1,65,7,4,10000
1376,izmir,bayrakli,dogancay,2,1,60,10,2,7000
1377,izmir,karabaglar,bozyaka,3,1,128,10,1,17000
1378,izmir,balcova,fevzi_cakmak,3,1,140,30,5,25000
1379,izmir,karabaglar,ali_fuat_cebesoy,3,1,135,23,6,16000
1380,izmir,seferihisar,bengiler,2,1,40,25,1,20000
1381,izmir,bornova,tuna,4,1,150,30,4,10000
1382,izmir,buca,kozagac,1,1,60,6,2,12500
1383,izmir,konak,alsancak,1,1,70,25,1,12500
1385,izmir,bornova,erzene,2,1,80,5,4,23000
1386,izmir,menemen,29_ekim,3,1,150,2,2,27000
1387,izmir,bornova,kazimdirik,2,1,90,5,1,25000
1388,izmir,foca,haciveli,2,1,95,0,2,14000
1389,izmir,buca,baris,3,1,125,21,4,15000
1391,izmir,buca,gaziler,3,1,140,12,0,16250
1393,izmir,karabaglar,fahrettin_altay,2,1,90,35,3,18000
1396,izmir,buca,mustafa_kemal,2,1,75,18,1,7250
1398,izmir,karabaglar,uckuyular,3,1,110,35,3,20000
1399,izmir,konak,kemal_reis,3,1,130,40,1,15500
1400,izmir,seferihisar,camikebir,2,1,90,5,2,16000
1401,izmir,karsiyaka,bostanli,3,1,130,31,2,22000
1403,izmir,konak,alsancak,3,1,130,37,4,43000
1404,izmir,karsiyaka,ornekkoy,1,1,100,7,1,15000
1405,izmir,odemis,suleyman_demirel,3,1,130,30,4,6000
1407,izmir,buca,ufuk,3,1,160,16,0,17000
1409,izmir,menemen,gazi,2,1,90,0,3,15000
1410,izmir,konak,barbaros,2,1,90,30,3,20000
1412,izmir,buca,yildiz,1,1,45,2,0,9000
1414,izmir,buca,yaylacik,2,1,90,16,0,12000
1415,izmir,karsiyaka,semikler,1,1,55,4,1,15000
1416,izmir,tire,4_eylul,3,1,140,15,3,13250
1417,izmir,konak,alsancak,3,1,110,25,3,19000
1419,izmir,karabaglar,peker,2,1,110,20,3,11000
1420,izmir,torbali,yedi_eylul,1,1,60,0,2,10000
1421,izmir,balcova,koruturk,2,1,90,35,3,29000
1422,izmir,menderes,gumuldur_fevzi_cakmak,2,1,80,5,1,15000
1423,izmir,torbali,muratbey,2,1,85,0,5,13000
1425,izmir,kemalpasa,ulucak_mustafa_kemal_ataturk,3,1,180,0,1,25000
1426,izmir,konak,goztepe,3,1,120,39,2,18500
1428,izmir,buca,kurucesme,2,1,80,28,2,14000
1429,izmir,cigli,yeni_mahalle,2,1,100,15,1,11000
1431,izmir,karabaglar,doganay,3,1,130,30,4,20000
1435,izmir,balcova,fevzi_cakmak,3,1,121,7,4,20000
1437,izmir,karabaglar,kazim_karabekir,3,1,110,14,5,15000
1438,izmir,buca,aydogdu,3,1,141,8,5,30000
1440,izmir,foca,haciveli,3,1,110,0,2,16000
1441,izmir,karsiyaka,bostanli,3,1,170,31,5,25000
1442,izmir,buca,efeler,3,1,110,2,4,25000
1443,izmir,bayrakli,tepekule,3,1,120,19,3,12000
1444,izmir,narlidere,yenikale,2,1,90,20,2,25000
1446,izmir,foca,fevzipasa,2,1,65,35,1,37500
1448,izmir,buca,adatepe,1,1,55,5,3,11000
1452,izmir,bayrakli,adalet,3,1,130,25,2,16000
1454,izmir,bornova,erzene,3,1,130,28,1,20500
1455,izmir,karabaglar,doganay,3,1,105,30,2,13500
1456,izmir,karsiyaka,bostanli,3,1,145,26,5,25000
1457,izmir,buca,ataturk,2,1,80,15,0,11500
1458,izmir,menderes,kuner,2,1,120,7,2,17000
1459,izmir,cesme,alacati,2,1,130,12,0,4500
1460,izmir,seferihisar,colak_ibrahim_bey,2,1,85,0,5,17000
1463,izmir,buca,yaylacik,1,1,50,5,1,10000
1464,izmir,gaziemir,hurriyet,3,1,120,15,0,13000
1465,izmir,balcova,cetin_emec,2,1,87,16,6,25000
1466,izmir,balcova,cetin_emec,1,1,70,26,0,15000
1467,izmir,menderes,mithatpasa,1,1,60,4,3,12500
1468,izmir,odemis,cumhuriyet,2,1,110,16,1,10500
1469,izmir,karabaglar,calikusu,2,1,110,31,1,12000
1471,izmir,karsiyaka,zubeyde_hanim,1,1,65,3,1,18000
1472,izmir,gaziemir,sevgi,3,1,120,29,1,22000
1473,izmir,buca,murathan,3,1,146,8,1,30000
1475,izmir,gaziemir,irmak,3,1,140,25,3,15000
1476,izmir,karsiyaka,aksoy,3,1,220,25,1,50000
1477,izmir,bornova,evka_3,3,1,120,35,3,20000
1478,izmir,karabaglar,bahcelievler,2,1,90,0,3,22000
1479,izmir,buca,yesilbaglar,3,1,125,25,2,12500
1482,izmir,karabaglar,vatan,2,1,85,0,3,15500
1484,izmir,cesme,germiyan,2,1,110,2,2,15000
1485,izmir,balcova,egitim,2,1,85,14,3,16000
1486,izmir,foca,kazim_dirik,2,1,90,2,2,14000
1487,izmir,seferihisar,ataturk,3,1,130,17,2,45000
1488,izmir,konak,alsancak,3,1,160,25,2,20000
1489,izmir,menemen,gazi_mustafa_kemal,2,1,85,6,3,12500
1490,izmir,buca,yesilbaglar,2,1,125,21,3,10000
1491,izmir,karsiyaka,bostanli,3,1,130,30,2,22000
1492,izmir,seferihisar,camikebir,3,1,108,5,5,18000
1493,izmir,balcova,cetin_emec,1,1,60,25,1,12000
1495,izmir,seferihisar,colak_ibrahim_bey,2,1,105,3,2,22000
1496,izmir,gaziemir,irmak,2,1,85,4,2,22000
1497,izmir,menemen,inonu,1,1,50,7,3,10000
1498,izmir,bornova,ataturk,2,1,130,20,2,14000
1500,izmir,balcova,fevzi_cakmak,1,1,50,5,2,21500
1502,izmir,cigli,balatcik,2,1,95,15,1,12000
1504,izmir,karabaglar,arap_hasan,3,1,135,27,2,16000
1505,izmir,urla,gulbahce,2,1,70,8,0,26000
1506,izmir,balcova,cetin_emec,2,1,105,10,4,20000
1507,izmir,karsiyaka,semikler,1,1,85,4,5,22500
1508,izmir,menemen,gazi_mustafa_kemal,1,1,47,0,0,8000
1509,izmir,buca,kurucesme,1,1,55,4,2,10000
1511,izmir,bornova,kazimdirik,1,1,43,0,1,22500
1512,izmir,menemen,inonu,1,1,55,4,1,10500
1514,izmir,karsiyaka,bostanli,3,1,160,32,5,25000
1516,izmir,bayrakli,muhittin_erener,2,1,85,21,3,7500
1518,izmir,karaburun,mordogan,2,1,100,0,0,22000
1519,izmir,bornova,gazi_osman_pasa,1,1,70,20,3,8000
1520,izmir,cigli,atasehir,2,1,95,0,6,39000
1523,izmir,balcova,onur,1,1,85,28,0,19000
1524,izmir,bayrakli,osmangazi,3,1,125,20,3,15000
1525,izmir,buca,laleli,2,1,120,14,0,16500
1526,izmir,guzelbahce,yali,2,1,80,25,5,22500
1527,izmir,balcova,egitim,2,1,120,35,0,20000
1528,izmir,konak,mehmet_ali_akman,3,1,120,40,2,29500
1529,izmir,bayrakli,manavkuyu,3,1,130,25,3,20000
1530,izmir,karabaglar,vatan,3,1,100,31,-1,13000
1531,izmir,torbali,muratbey,3,1,155,11,4,12500
1532,izmir,karabaglar,devrim,3,1,135,20,1,15750
1533,izmir,karabaglar,bahcelievler,3,1,110,31,2,15000
1534,izmir,urla,yelalti,2,1,90,5,2,17000
1535,izmir,gaziemir,emrez,3,1,95,35,3,10000
1536,izmir,buca,kurucesme,1,1,55,4,2,12000
1537,izmir,konak,mimar_sinan,4,1,200,30,1,40000
1538,izmir,karsiyaka,bahcelievler,3,1,140,25,1,21750
1539,izmir,buca,yildiz,1,1,50,4,2,12000
1540,izmir,karabaglar,gulyaka,2,1,63,3,1,12000
1544,izmir,karsiyaka,fikri_altay,3,1,135,25,3,25000
1545,izmir,gaziemir,sevgi,3,1,120,30,3,22000
1546,izmir,guzelbahce,siteler,2,1,80,35,5,25500
1547,izmir,karsiyaka,aksoy,3,1,120,28,1,25000
1548,izmir,konak,guzelyali,3,1,120,40,6,21000
1549,izmir,dikili,candarli,1,1,55,1,0,10000
1550,izmir,karabaglar,cennetoglu,3,1,148,16,3,12000
1551,izmir,menemen,inonu,2,1,65,0,1,10500
1552,izmir,gaziemir,hurriyet,3,1,120,11,0,10000
1553,izmir,menemen,irmak,3,1,130,10,3,12000
1554,izmir,karsiyaka,semikler,3,1,125,26,2,18000
1555,izmir,konak,mimar_sinan,2,1,100,26,3,25000
1556,izmir,foca,ataturk,2,1,65,25,5,20000
1557,izmir,cesme,yali,3,1,140,5,0,25000
1558,izmir,bornova,inonu,3,1,120,25,1,15000
1561,izmir,buca,guven,2,1,35,30,2,16500
1562,izmir,guzelbahce,yali,3,1,190,11,2,30000
1564,izmir,konak,atilla,2,1,70,15,1,12000
1565,izmir,konak,kahramanlar,2,1,100,26,1,20000
1566,izmir,konak,atilla,2,1,70,30,2,12000
1568,izmir,menemen,29_ekim,3,1,160,1,1,25000
1569,izmir,odemis,akincilar,3,1,130,25,5,13000
1570,izmir,menemen,istiklal,2,1,100,15,1,11000
1572,izmir,foca,mustafa_kemal_ataturk,2,1,85,6,1,18000
1573,izmir,buca,adatepe,2,1,85,6,3,19000
1576,izmir,gaziemir,ataturk,1,1,70,15,0,8000
1578,izmir,seferihisar,camikebir,2,1,110,21,1,15000
1580,izmir,seferihisar,camikebir,3,1,119,0,4,22000
1581,izmir,buca,kurucesme,1,1,55,4,2,10000
1582,izmir,karabaglar,bahcelievler,2,1,80,38,3,15000
1583,izmir,karaburun,merkez,1,1,35,4,0,10000
1585,izmir,kinik,turkcedit,2,1,90,4,0,10000
1586,izmir,foca,mustafa_kemal_ataturk,2,1,90,31,3,55000
1587,izmir,bayrakli,adalet,3,1,120,18,3,10000
1589,izmir,urla,iskele,1,1,85,2,0,18000
1590,izmir,cesme,germiyan,2,1,100,21,2,15000
1592,izmir,bayrakli,r_sevket_ince,3,1,155,15,3,9000
1593,izmir,cigli,inonu,2,1,120,12,5,17000
1594,izmir,bornova,kazimdirik,3,1,125,25,3,19000
1595,izmir,bornova,doganlar,2,1,100,13,2,23000
1596,izmir,buca,ataturk,2,1,65,0,3,15000
1597,izmir,konak,kilic_reis,3,1,135,28,4,15000
1598,izmir,konak,kultur,2,1,95,31,2,18000
1599,izmir,bergama,maltepe,3,1,110,25,5,10000
1600,izmir,menemen,istiklal,3,1,140,5,3,20000
1601,izmir,konak,kemal_reis,2,1,95,35,5,16000
1602,izmir,cigli,atasehir,2,1,85,0,0,35000
1603,izmir,karabaglar,bahcelievler,2,1,95,21,2,22000
1604,izmir,dikili,salimbey,3,1,170,16,3,45000
1605,izmir,odemis,suleyman_demirel,3,1,132,26,4,12000
1607,izmir,dikili,candarli,3,1,120,5,0,18000
1608,izmir,kemalpasa,ornekkoy,3,1,150,0,0,37500
1609,izmir,karabaglar,gunaltay,3,1,120,11,4,13000
1610,izmir,kemalpasa,ulucak_cumhuriyet,3,1,135,5,4,18000
1611,izmir,karabaglar,esenlik,3,1,130,30,3,15000
1612,izmir,buca,akincilar,3,1,142,44,2,19750
1613,izmir,cigli,ahmet_taner_kislali,4,1,165,29,2,19000
1614,izmir,urla,zeytinalani,2,1,100,0,0,22000
1615,izmir,guzelbahce,mustafa_kemal_pasa,2,1,100,1,0,45000
1616,izmir,aliaga,kultur,4,1,150,13,3,30000
1618,izmir,buca,yigitler,2,1,100,26,3,15000
1620,izmir,bornova,kemalpasa,3,1,145,11,3,16000
1621,izmir,konak,kilic_reis,2,1,100,35,3,22000
1622,izmir,odemis,ataturk,3,1,120,28,3,6000
1623,izmir,gaziemir,hurriyet,3,1,145,17,2,15000
1624,izmir,torbali,tepekoy,2,1,110,20,1,13500
1625,izmir,torbali,torbali,2,1,200,6,2,21000
1627,izmir,bornova,inonu,3,1,120,11,1,18000
1628,izmir,foca,mustafa_kemal_ataturk,2,1,85,21,2,20000
1629,izmir,konak,alsancak,2,1,70,25,2,20000
1630,izmir,buca,kozagac,2,1,120,20,5,20000
1631,izmir,menemen,mermerli,3,1,140,5,3,20000
1632,izmir,karabaglar,maliyeciler,3,1,120,10,4,20000
1633,izmir,bornova,erzene,3,1,110,26,6,18000
1634,izmir,narlidere,2_inonu,3,1,166,11,4,34000
1635,izmir,konak,kultur,3,1,145,30,3,52500
1636,izmir,konak,alsancak,3,1,120,40,1,32000
1637,izmir,karsiyaka,bostanli,3,1,145,28,4,25000
1638,izmir,menderes,mithatpasa,1,1,65,25,5,15000
1639,izmir,karabaglar,kazim_karabekir,1,1,60,1,1,10000
1641,izmir,menderes,gumuldur_fevzi_cakmak,2,1,80,5,0,10000
1642,izmir,foca,ataturk,3,1,135,15,0,25000
1643,izmir,menemen,9_eylul,3,1,120,20,5,16000
1645,izmir,cigli,cumhuriyet,3,1,145,5,1,16000
1646,izmir,gaziemir,yesil,2,1,96,26,5,25000
1647,izmir,gaziemir,gazikent,3,1,130,21,1,19360
1650,izmir,foca,kazim_dirik,2,1,90,4,2,15000
1651,izmir,bornova,evka_4,2,1,85,20,1,13000
1652,izmir,konak,atilla,2,1,90,15,-2,4000
1653,izmir,urla,yelalti,4,1,125,20,5,35000
1654,izmir,balcova,fevzi_cakmak,1,1,41,30,0,8000
1655,izmir,konak,alsancak,3,1,120,30,3,20000
1656,izmir,konak,guzelyali,3,1,120,35,5,17500
1657,izmir,menderes,cukuralti,3,1,150,26,0,35000
1658,izmir,buca,yildiz,1,1,55,4,2,12000
1659,izmir,karabaglar,esenyali,3,1,130,30,4,13250
1660,izmir,bayrakli,sogukkuyu,3,1,135,18,5,15000
1661,izmir,cesme,reisdere,4,1,120,10,2,4000
1662,izmir,buca,baris,2,1,115,7,3,10000
1663,izmir,odemis,hurriyet,3,1,125,0,3,13500
1664,izmir,menemen,mermerli,3,1,110,30,4,10000
1665,izmir,tire,hurriyet,3,1,143,0,3,19500
1666,izmir,buca,yaylacik,1,1,50,4,2,13000
1668,izmir,karsiyaka,yali,1,1,64,8,3,25500
1670,izmir,narlidere,sahilevleri,2,1,100,15,0,20000
1671,izmir,karabaglar,esenlik,2,1,65,0,1,16000
1672,izmir,cigli,balatcik,1,1,55,4,4,15000
1673,izmir,menemen,gazi_mustafa_kemal,1,1,47,0,0,8000
1674,izmir,buca,ataturk,1,1,65,7,6,13000
1675,izmir,foca,mustafa_kemal_ataturk,2,1,90,11,0,30000
1676,izmir,bayrakli,tepekule,2,1,100,17,0,8000
1677,izmir,menderes,gumuldur_inonu,2,1,65,25,0,3500
1678,izmir,foca,ataturk,3,1,95,25,2,17000
1679,izmir,buca,kurucesme,1,1,55,7,3,12000
1680,izmir,karsiyaka,dedebasi,3,1,120,3,1,18000
1681,izmir,karsiyaka,dedebasi,1,1,70,4,3,15000
1682,izmir,bayrakli,osmangazi,1,1,65,4,1,18000
1684,izmir,buca,baris,3,1,140,25,5,16500
1685,izmir,cigli,kucuk_cigli,2,1,90,20,3,15500
1686,izmir,buca,inkilap,2,1,100,30,5,9800
1687,izmir,menderes,golcukler,3,1,130,10,5,16500
1688,izmir,karabaglar,bahcelievler,2,1,90,31,2,17500
1689,izmir,karsiyaka,aksoy,2,1,95,35,1,18000
1690,izmir,bornova,inonu,3,1,130,16,1,15000
1691,izmir,menemen,inonu,2,1,75,0,2,13000
1692,izmir,konak,kilic_reis,2,1,85,40,2,11000
1693,izmir,buca,baris,2,1,80,35,3,12500
1694,izmir,bornova,evka_4,2,1,75,25,3,12000
1696,izmir,odemis,cumhuriyet,2,1,110,26,4,8000
1697,izmir,odemis,cumhuriyet,3,1,135,30,5,8500
1698,izmir,menemen,inonu,1,1,45,0,3,11000
1699,izmir,buca,dicle,2,1,110,20,3,13500
1700,izmir,buca,akincilar,2,1,75,5,2,16000
1703,izmir,cesme,yali,3,1,140,22,2,30000
1704,izmir,torbali,ataturk,3,1,165,5,2,12000
1705,izmir,odemis,ataturk,1,1,110,26,5,8500
1706,izmir,bayrakli,muhittin_erener,3,1,105,2,2,18000
1707,izmir,balcova,cetin_emec,3,1,150,11,3,25000
1708,izmir,buca,kozagac,3,1,143,12,0,25000
1710,izmir,menderes,oglananasi_ataturk,1,1,45,3,0,11500
1711,izmir,kemalpasa,armutlu_85_yil_cumhuriyet,2,1,90,0,3,12000
1712,izmir,bornova,inonu,1,1,45,15,5,15000
1713,izmir,narlidere,ilica,3,1,160,21,1,34500
1714,izmir,karabaglar,bahar,2,1,100,20,2,10000
1715,izmir,bornova,kizilay,3,1,130,4,2,18000
1716,izmir,karabaglar,gunaltay,1,1,70,16,1,11000
1717,izmir,menderes,sasal,2,1,150,0,5,20000
1718,izmir,cigli,ataturk,3,1,170,11,5,20000
1719,izmir,menderes,gumuldur_fevzi_cakmak,2,1,80,12,5,14000
1721,izmir,foca,kazim_dirik,2,1,80,10,2,15000
1722,izmir,buca,kurucesme,1,1,70,0,2,10000
1725,izmir,selcuk,cumhuriyet,3,1,120,20,2,15000
1726,izmir,gaziemir,menderes,3,1,150,15,1,18000
1727,izmir,karabaglar,bahcelievler,2,1,85,8,5,18000
1728,izmir,buca,ataturk,2,1,100,21,1,14000
1729,izmir,bornova,kazimdirik,2,1,100,28,2,17000
1730,izmir,foca,kazim_dirik,2,1,90,2,0,13000
1731,izmir,buca,camlikule,2,1,85,15,1,13000
1732,izmir,bayrakli,sogukkuyu,3,1,170,5,4,35000
1733,izmir,torbali,torbali,3,1,120,10,5,12000
1734,izmir,cigli,guzeltepe,2,1,90,25,3,10000
1735,izmir,karabaglar,metin_oktay,2,1,105,25,4,13000
1736,izmir,bergama,ertugrul,4,1,150,18,5,13500
1737,izmir,buca,sirinkapi,3,1,170,30,2,15000
1740,izmir,menemen,inonu,2,1,81,7,2,13000
1742,izmir,bornova,kazimdirik,1,1,60,7,5,22500
1743,izmir,karsiyaka,semikler,3,1,105,30,2,10000
1745,izmir,seferihisar,colak_ibrahim_bey,3,1,130,10,4,20000
1746,izmir,buca,baris,3,1,120,30,4,14000
1748,izmir,karabaglar,metin_oktay,3,1,140,26,4,16000
1749,izmir,foca,kozbeyli,2,1,85,5,0,10500
1750,izmir,foca,mustafa_kemal_ataturk,3,1,100,3,0,30000
1752,izmir,cigli,atasehir,1,1,86,5,5,20000
1753,izmir,menemen,gazi_mustafa_kemal,3,1,120,11,3,16000
1755,izmir,konak,mimar_sinan,2,1,100,35,1,15000
1756,izmir,konak,murat_reis,2,1,95,27,1,15000
1757,izmir,buca,yenigun,3,1,200,11,3,20000
1759,izmir,menemen,ataturk,2,1,110,1,3,14500
1760,izmir,karsiyaka,tersane,3,1,105,25,5,15500
1761,izmir,bayrakli,manavkuyu,3,1,130,21,3,20000
1762,izmir,narlidere,2_inonu,3,1,168,13,2,26500
1764,izmir,buca,hurriyet,3,1,115,15,1,15000
1765,izmir,odemis,anafartalar,3,1,135,20,3,10000
1766,izmir,bornova,kazimdirik,2,1,116,0,2,32000
1767,izmir,buca,kurucesme,1,1,55,4,2,13000
1768,izmir,seferihisar,camikebir,2,1,93,0,3,15500
1769,izmir,bornova,inonu,3,1,120,16,1,15000
1770,izmir,bornova,inonu,3,1,115,19,2,16000
1773,izmir,konak,mithatpasa,3,1,141,22,3,18450
1775,izmir,gaziemir,dokuz_eylul,3,1,170,10,-2,15000
1776,izmir,buca,kozagac,1,1,50,0,3,13000
1777,izmir,menderes,gumuldur_fevzi_cakmak,1,1,60,5,1,11000
1778,izmir,bornova,kemalpasa,3,1,95,18,0,13000
1779,izmir,bornova,ataturk,1,1,50,25,0,8500
1780,izmir,foca,kazim_dirik,2,1,90,2,3,15000
1781,izmir,karsiyaka,yali,3,1,165,4,6,40000
1782,izmir,gaziemir,zafer,3,1,110,24,3,15000
1783,izmir,buca,menderes,3,1,120,31,5,16000
1785,izmir,odemis,hurriyet,3,1,155,0,1,15000
1786,izmir,bornova,kazimdirik,1,1,59,9,0,20000
1787,izmir,odemis,bengisu,3,1,140,4,0,11000
1788,izmir,torbali,bahcelievler,3,1,95,15,2,10000
1789,izmir,odemis,ataturk,3,1,115,25,5,5500
1790,izmir,buca,adatepe,3,1,125,5,0,15000
1791,izmir,kemalpasa,armutlu_85_yil_cumhuriyet,1,1,77,0,2,11000
1792,izmir,buca,efeler,2,1,120,20,2,11000
1793,izmir,gaziemir,irmak,1,1,75,0,1,18000
1795,izmir,dikili,cumhuriyet,3,1,220,14,2,28000
1796,izmir,menderes,kasimpasa,3,1,160,0,3,25000
1797,izmir,urla,gulbahce,2,1,60,6,0,25000
1798,izmir,konak,guzelyali,3,1,140,40,4,30000
1799,izmir,cigli,atasehir,1,1,65,3,5,21000
1800,izmir,menderes,gumuldur_fevzi_cakmak,2,1,80,10,1,15000
1801,izmir,torbali,inonu,2,1,110,4,4,17500
1802,izmir,foca,kazim_dirik,2,1,145,3,0,15000
1803,izmir,selcuk,cumhuriyet,3,1,125,25,3,20000
1805,izmir,bornova,ataturk,3,1,115,25,0,14000
1806,izmir,balcova,koruturk,3,1,110,34,5,16000
1807,izmir,bayrakli,yamanlar,3,1,140,30,1,11000
1808,izmir,karabaglar,general_kazim_ozalp,1,1,65,6,2,15000
1809,izmir,karabaglar,bahar,3,1,145,25,3,20000
1810,izmir,menemen,irmak,2,1,110,0,2,11000
1812,izmir,bornova,mevlana,1,1,55,1,1,13000
1813,izmir,menderes,gumuldur_cumhuriyet,1,1,50,25,2,15000
1814,izmir,cigli,kucuk_cigli,1,1,55,0,1,15250
1815,izmir,konak,alsancak,2,1,90,25,1,14000
1816,izmir,karsiyaka,ornekkoy,3,1,140,10,2,17000
1817,izmir,konak,atilla,3,1,140,25,5,15500
1820,izmir,karabaglar,adnan_suvari,2,1,80,5,1,13000
1821,izmir,buca,ataturk,1,1,65,3,3,12000
1822,izmir,buca,kurucesme,2,1,70,3,-1,12000
1823,izmir,karabaglar,poligon,3,1,145,25,3,20000
1824,izmir,karsiyaka,bostanli,3,1,110,30,1,23000
1825,izmir,gaziemir,beyazevler,1,1,60,6,6,20000
1826,izmir,konak,kahramanlar,3,1,135,35,2,30000
1827,izmir,karsiyaka,fikri_altay,3,1,120,20,4,20000
1828,izmir,karabaglar,fahrettin_altay,3,1,120,26,3,18000
1829,izmir,buca,adatepe,1,1,55,4,4,12500
1830,izmir,odemis,cumhuriyet,1,1,100,5,5,9000
1831,izmir,bornova,rafet_pasa,1,1,98,5,6,24000
1832,izmir,bayrakli,bayrakli,2,1,100,25,4,12000
1834,izmir,narlidere,sahilevleri,2,1,100,15,1,20000
1835,izmir,konak,cankaya,2,1,110,25,2,16000
1836,izmir,bayrakli,osmangazi,3,1,130,20,2,13000
1837,izmir,balcova,onur,3,1,145,23,5,19000
1839,izmir,odemis,ataturk,3,1,160,15,4,16500
1840,izmir,karabaglar,calikusu,3,1,160,11,4,23500
1841,izmir,bornova,inonu,1,1,80,25,4,13500
1842,izmir,menemen,85_yil_cumhuriyet,1,1,50,0,1,10000
1845,izmir,buca,camlikule,2,1,100,15,-1,13000
1846,izmir,foca,kazim_dirik,2,1,110,2,2,15000
1848,izmir,menderes,barbaros,2,1,106,13,1,22000
1849,izmir,bornova,kazimdirik,2,1,120,21,3,15000
1851,izmir,karabaglar,bahar,2,1,100,26,2,13000
1852,izmir,gaziemir,zafer,3,1,110,24,3,13000
1853,izmir,odemis,zafer,3,1,160,3,5,18000
1854,izmir,buca,yenigun,1,1,50,1,2,17000
1855,izmir,cigli,atasehir,3,1,145,2,3,25000
1856,izmir,gaziemir,irmak,3,1,125,21,3,20000
1857,izmir,menemen,30_agustos,3,1,110,25,4,15000
1858,izmir,karsiyaka,ornekkoy,2,1,100,11,2,15000
1859,izmir,konak,murat_reis,2,1,90,40,1,15000
1860,izmir,menderes,mithatpasa,4,1,220,0,0,30000
1864,izmir,gaziemir,irmak,2,1,125,5,3,22000
1866,izmir,konak,altintas,3,1,130,35,1,12500
1867,izmir,buca,goksu,2,1,100,20,3,14000
1869,izmir,buca,inkilap,2,1,110,20,3,15000
1870,izmir,selcuk,ataturk,2,1,110,0,3,22000
1871,izmir,karsiyaka,aksoy,2,1,95,35,0,18000
1872,izmir,buca,akincilar,2,1,110,15,3,12500
1873,izmir,cigli,balatcik,1,1,57,1,2,15000
1874,izmir,konak,kemal_reis,2,1,90,32,1,16000
1875,izmir,buca,yaylacik,3,1,150,25,3,18500
1876,izmir,buca,buca_koop,2,1,125,10,2,12500
1877,izmir,odemis,emmioglu,2,1,120,15,5,11500
1878,izmir,menemen,85_yil_cumhuriyet,1,1,60,0,1,10000
1879,izmir,kemalpasa,ulucak_mustafa_kemal_ataturk,2,1,90,16,3,7000
1881,izmir,urla,rustem,3,1,130,10,5,30000
1883,izmir,gaziemir,sevgi,2,1,96,25,3,18000
1884,izmir,buca,efeler,3,1,130,8,1,18000
1885,izmir,konak,murat_reis,2,1,95,31,1,15000
1886,izmir,buca,kurucesme,2,1,65,4,3,13500
1887,izmir,gaziemir,sevgi,2,1,95,15,2,9500
1889,izmir,bergama,fatih,3,1,165,4,5,15000
1890,izmir,karsiyaka,aksoy,2,1,85,7,1,36000
1891,izmir,buca,yildiz,1,1,65,1,3,10000
1892,izmir,karsiyaka,imbatli,3,1,125,0,4,24000
1893,izmir,foca,ataturk,2,1,85,35,3,20000
1894,izmir,karsiyaka,atakent,3,1,130,30,2,27500
1895,izmir,bornova,doganlar,2,1,90,21,0,10500
1896,izmir,konak,alsancak,1,1,75,30,1,16000
1897,izmir,cigli,ahmet_efendi,1,1,74,2,5,13500
1898,izmir,karsiyaka,ornekkoy,2,1,90,5,1,15000
1899,izmir,menderes,ahmetbeyli,3,1,170,20,1,18000
1900,izmir,bergama,tepekoy,2,1,90,0,1,15000
1901,izmir,konak,alsancak,3,1,115,35,1,23000
1902,izmir,urla,haci_isa,3,1,120,35,2,30000
1904,izmir,konak,atilla,3,1,140,21,5,15500
1905,izmir,cigli,balatcik,1,1,55,5,2,16000
1906,izmir,karabaglar,refet_bele,2,1,110,25,-2,10000
1907,izmir,karabaglar,esenyali,3,1,100,30,5,16000
1909,izmir,bornova,kazimdirik,2,1,68,0,1,30000
1910,izmir,karabaglar,arap_hasan,3,1,135,30,6,20000
1911,izmir,buca,kurucesme,1,1,55,3,2,15000
1913,izmir,karabaglar,esenyali,2,1,80,31,1,15000
1914,izmir,dikili,candarli,3,1,120,11,0,18000
1915,izmir,seferihisar,tepecik,3,1,135,21,0,22000
1916,izmir,buca,kurucesme,1,1,50,5,1,10400
1918,izmir,buca,sirinkapi,1,1,50,15,2,4500
1919,izmir,urla,gulbahce,1,1,40,6,0,25000
1920,izmir,buca,camlipinar,2,1,150,25,4,13000
1921,izmir,karsiyaka,bahcelievler,3,1,130,35,1,15000
1922,izmir,seferihisar,hidirlik,2,1,100,15,2,28000
1923,izmir,karabaglar,bahcelievler,3,1,160,30,3,25000
1924,izmir,karabaglar,arap_hasan,3,1,130,19,0,15000
1925,izmir,karsiyaka,yali,2,1,90,5,5,18500
1926,izmir,konak,guzelyali,2,1,100,25,0,20000
1927,izmir,odemis,hurriyet,1,1,60,10,5,8000
1928,izmir,guzelbahce,kahramandere,4,1,180,20,2,35000
1929,izmir,buca,camlipinar,2,1,90,2,3,20000
1930,izmir,cigli,ugur_mumcu,3,1,130,4,3,23000
1931,izmir,balcova,teleferik,1,1,60,11,0,20000
1932,izmir,foca,kazim_dirik,3,1,160,0,-1,13000
1933,izmir,karabaglar,gulyaka,2,1,95,35,1,13000
1934,izmir,narlidere,ilica,3,1,200,22,2,25000
1935,izmir,konak,murat_reis,2,1,90,35,4,13000
1937,izmir,konak,murat_reis,2,1,80,2,1,21000
1938,izmir,balcova,onur,3,1,100,30,1,16000
1939,izmir,menderes,develi,3,1,170,1,2,15000
1940,izmir,karsiyaka,donanmaci,2,1,110,30,3,20000
1941,izmir,foca,ataturk,2,1,85,32,5,20000
1942,izmir,torbali,inonu,3,1,145,1,6,14000
1943,izmir,buca,ataturk,1,1,45,6,3,13000
1944,izmir,bornova,karacaoglan,1,1,78,4,4,25000
1949,izmir,karabaglar,poligon,2,1,75,39,4,15000
1950,izmir,konak,akin_simav,2,1,85,30,1,13000
1951,izmir,karabaglar,doganay,2,1,100,21,2,18000
1953,izmir,konak,alsancak,2,1,100,30,6,22500
1954,izmir,menemen,85_yil_cumhuriyet,1,1,52,0,3,7950
1955,izmir,menderes,kasimpasa,3,1,150,20,5,15500
1956,izmir,bornova,inonu,3,1,110,16,2,15000
1959,izmir,karabaglar,esenlik,2,1,85,26,1,15000
1961,izmir,buca,goksu,2,1,100,17,3,13000
1962,izmir,buca,akincilar,2,1,120,25,4,20000
1963,izmir,buca,vali_rahmi_bey,3,1,150,26,2,20000
1965,izmir,selcuk,zafer,3,1,125,20,2,15000
1966,izmir,dikili,candarli,3,1,100,8,0,13000
1968,izmir,menderes,gumuldur_fevzi_cakmak,1,1,55,17,3,12000
1969,izmir,konak,altintas,2,1,85,35,3,11000
1970,izmir,bayrakli,bayrakli,2,1,110,21,2,15000
1972,izmir,urla,icmeler,1,1,135,1,1,13500
1974,izmir,bornova,inonu,3,1,120,0,2,20000
1975,izmir,buca,kurucesme,1,1,40,5,1,11000
1976,izmir,karabaglar,vatan,2,1,90,28,4,11000
1977,izmir,bayrakli,mansuroglu,2,1,74,1,5,27500
1978,izmir,bayrakli,korfez,3,1,160,11,3,25000
1979,izmir,karsiyaka,nergiz,3,1,150,25,5,15000
1980,izmir,gaziemir,gazikent,2,1,95,20,5,29000
1981,izmir,buca,menderes,1,1,55,3,1,15000
1983,izmir,karsiyaka,imbatli,1,1,65,4,3,20000
1984,izmir,buca,ataturk,1,1,60,5,3,10500
1985,izmir,torbali,torbali,1,1,65,3,3,13000
1986,izmir,bornova,birlik,2,1,110,21,2,13500
1987,izmir,buca,yildiz,3,1,110,16,0,14000
1988,izmir,karsiyaka,bahcelievler,3,1,115,25,4,16000
1989,izmir,odemis,zafer,2,1,100,30,4,7500
1990,izmir,bergama,ataturk,2,1,85,0,1,14000
1992,izmir,cigli,balatcik,1,1,55,8,4,15000
1993,izmir,karsiyaka,imbatli,2,1,100,0,4,18000
1994,izmir,dikili,candarli,2,1,60,3,1,20000
1995,izmir,foca,cumhuriyet,4,1,200,21,2,55000
1996,izmir,balcova,cetin_emec,3,1,115,17,3,32000
1999,izmir,karabaglar,refet_bele,3,1,135,15,1,15000
2000,izmir,konak,murat_reis,3,1,130,26,3,17000
2001,izmir,karsiyaka,bahcelievler,2,1,95,30,5,14000
2002,izmir,karsiyaka,semikler,1,1,55,5,1,15000
2003,izmir,karsiyaka,zubeyde_hanim,1,1,55,5,2,20500
2004,izmir,menemen,85_yil_cumhuriyet,1,1,60,2,2,10000
2005,izmir,urla,denizli,3,1,150,21,0,50000
2007,izmir,buca,efeler,3,1,110,2,4,25000
2009,izmir,foca,kazim_dirik,2,1,150,0,0,20000
2013,izmir,karabaglar,bahcelievler,3,1,135,35,2,18000
2014,izmir,urla,gulbahce,1,1,40,1,1,24000
2017,izmir,konak,goztepe,3,1,125,39,3,20000
2019,izmir,buca,menderes,3,1,150,23,5,16500
2020,izmir,torbali,inonu,2,1,90,20,1,9000
2021,izmir,buca,sirinkapi,1,1,50,0,2,10000
2023,izmir,menemen,kasimpasa,3,1,130,25,1,12500
2025,izmir,konak,kahramanlar,2,1,120,31,3,20000
2026,izmir,urla,ozbek,1,1,25,8,2,16000
2027,izmir,karabaglar,doganay,2,1,115,25,2,18000
2028,izmir,cigli,yeni_mahalle,1,1,50,7,3,12500
2030,izmir,menderes,cuneytbey,1,1,60,4,1,12000
2031,izmir,karabaglar,vatan,2,1,80,0,3,17000
2036,izmir,gaziemir,menderes,2,1,125,15,5,15000
2037,izmir,bayrakli,tepekule,3,1,120,20,1,12000
2039,izmir,odemis,inonu,3,1,135,31,2,10500
2040,izmir,konak,alsancak,3,1,105,15,4,28000
2041,izmir,cigli,kucuk_cigli,3,1,180,5,1,20000
2042,izmir,karabaglar,arap_hasan,1,1,90,0,1,20000
2043,izmir,torbali,inonu,2,1,100,8,3,10000
2045,izmir,bornova,zafer,3,1,141,30,0,12000
2046,izmir,torbali,tepekoy,2,1,100,3,4,11500
2047,izmir,seferihisar,tepecik,3,1,110,9,2,30000
2049,izmir,urla,barbaros,3,1,125,2,0,20000
2052,izmir,bayrakli,tepekule,3,1,140,15,5,22500
2053,izmir,seferihisar,camikebir,3,1,160,7,1,22000
2055,izmir,karabaglar,doganay,2,1,105,30,3,16000
2056,izmir,dikili,salihler,3,1,140,2,0,45000
2057,izmir,urla,kalabak,4,1,196,0,2,55000
2058,izmir,menderes,golcukler,2,1,105,0,3,17000
2059,izmir,cigli,cumhuriyet,3,1,130,15,5,15000
2060,izmir,bornova,erzene,2,1,90,25,3,13000
2061,izmir,menemen,istiklal,2,1,100,0,4,15500
2068,izmir,cesme,alacati,4,1,160,10,2,25000
2070,izmir,bayrakli,75_yil,3,1,160,25,2,25000
2072,izmir,bornova,mevlana,3,1,120,15,2,19000
2073,izmir,menderes,cukuralti,2,1,100,10,1,50000
2076,izmir,cesme,sifne,4,1,165,4,2,50000
2078,izmir,bergama,kurtulus,3,1,130,20,1,12500
2079,izmir,buca,ataturk,1,1,65,5,6,12500
2080,izmir,narlidere,2_inonu,3,1,159,15,3,50000
2081,izmir,urla,yagcilar,3,1,180,22,2,40000
2082,izmir,karsiyaka,zubeyde_hanim,1,1,55,2,2,19500
2083,izmir,seferihisar,bengiler,3,1,195,25,5,60000
2084,izmir,buca,aydogdu,3,1,130,10,3,21750
2087,izmir,guzelbahce,yelki,2,1,80,3,3,18000
2090,izmir,buca,akincilar,3,1,130,20,3,15500
2091,izmir,seferihisar,bengiler,1,1,75,10,0,14500
2092,izmir,bornova,kazimdirik,2,1,85,10,4,18000
2093,izmir,bornova,inonu,3,1,110,10,0,14000
2094,izmir,konak,alsancak,2,1,85,11,2,23000
2095,izmir,karabaglar,arap_hasan,2,1,100,28,3,20000
2096,izmir,seferihisar,colak_ibrahim_bey,3,1,125,0,2,16000
2097,izmir,bornova,ataturk,3,1,120,0,2,20000
2098,izmir,karabaglar,doganay,3,1,110,30,4,12000
2099,izmir,konak,alsancak,3,1,115,40,3,15500
2100,izmir,cesme,germiyan,2,1,90,3,0,15000
2101,izmir,karabaglar,basin_sitesi,3,1,145,35,2,20000
2102,izmir,gaziemir,yesil,3,1,130,25,3,16500
2103,izmir,konak,mimar_sinan,3,1,140,30,4,19000
2104,izmir,menemen,85_yil_cumhuriyet,1,1,60,0,2,10000
2105,izmir,menderes,oglananasi_cumhuriyet,3,1,200,3,2,50000
2106,izmir,karabaglar,calikusu,1,1,85,31,0,7000
2107,izmir,karabaglar,bozyaka,2,1,70,21,1,9000
2108,izmir,bayrakli,alpaslan,2,1,80,28,0,4500
2111,izmir,konak,murat_reis,3,1,120,31,3,16500
2112,izmir,foca,kozbeyli,2,1,230,6,2,20000
2113,izmir,foca,mustafa_kemal_ataturk,2,1,90,7,3,17000
2114,izmir,bornova,evka_3,1,1,55,0,4,18000
2115,izmir,konak,mithatpasa,3,1,100,35,1,15000
2117,izmir,karabaglar,devrim,3,1,130,25,2,13500
2118,izmir,foca,kazim_dirik,2,1,140,0,0,18000
2122,izmir,buca,adatepe,1,1,50,10,2,10000
2124,izmir,buca,kurucesme,2,1,90,3,0,11000
2125,izmir,balcova,koruturk,1,1,35,25,1,15000
2126,izmir,urla,gulbahce,1,1,50,2,1,24000
2127,izmir,buca,efeler,3,1,120,30,2,15000
2128,izmir,urla,ozbek,1,1,25,8,2,30000
2131,izmir,buca,adatepe,1,1,55,0,6,12000
2132,izmir,buca,kurucesme,1,1,55,0,0,9999
2133,izmir,karabaglar,bahcelievler,2,1,110,30,4,22000
2135,izmir,bornova,kazimdirik,1,1,65,4,2,24000
2138,izmir,konak,barbaros,3,1,220,35,3,30000
2139,izmir,cesme,sifne,2,1,80,20,-2,20000
2140,izmir,menemen,gazi_mustafa_kemal,1,1,55,5,1,9200
2141,izmir,buca,guven,3,1,145,12,2,22000
2142,izmir,balcova,teleferik,2,1,100,31,0,15000
2144,izmir,odemis,zafer,3,1,185,11,2,13000
2145,izmir,karsiyaka,zubeyde_hanim,2,1,100,4,2,18000
2146,izmir,odemis,turkmen,3,1,100,0,0,13000
2147,izmir,karsiyaka,dedebasi,3,1,120,31,3,20000
2149,izmir,urla,kalabak,4,1,230,0,0,55000
2150,izmir,torbali,yedi_eylul,1,1,55,3,0,12000
2151,izmir,bayrakli,sogukkuyu,3,1,170,9,4,40000
2153,izmir,bornova,erzene,3,1,110,26,6,18000
2155,izmir,karsiyaka,inonu,1,1,55,5,4,19000
2159,izmir,buca,kurucesme,2,1,75,5,5,13500
2161,izmir,torbali,yedi_eylul,1,1,70,5,1,13000
2162,izmir,konak,turgut_reis,2,1,100,40,3,18000
2166,izmir,karsiyaka,tersane,2,1,90,30,3,20000
2167,izmir,karabaglar,uckuyular,1,1,35,21,0,13500
2168,izmir,konak,guzelyali,3,1,100,25,1,15500
2169,izmir,gaziemir,atifbey,2,1,85,0,4,22000
2170,izmir,karabaglar,yurdoglu,3,1,110,20,3,13250
2171,izmir,buca,izkent,2,1,80,25,5,11500
2172,izmir,cesme,sifne,3,1,160,8,2,14000
2173,izmir,karsiyaka,mavisehir,1,1,78,25,5,27500
2175,izmir,karabaglar,vatan,2,1,90,5,3,14000
2176,izmir,torbali,turkmenkoy,1,1,55,4,1,15000
2177,izmir,karabaglar,reis,2,1,95,28,2,13000
2178,izmir,karabaglar,bahcelievler,3,1,125,38,5,20000
2179,izmir,dikili,gazipasa,2,1,90,4,0,20000
2180,izmir,odemis,inonu,2,1,90,10,4,8000
2181,izmir,bornova,mevlana,2,1,90,7,4,19000
2183,izmir,buca,kurucesme,1,1,55,0,5,20000
2184,izmir,karsiyaka,bostanli,3,1,120,31,0,23500
2186,izmir,karabaglar,cennetoglu,3,1,148,20,3,12000
2187,izmir,konak,murat_reis,3,1,130,30,3,17000
2189,izmir,karsiyaka,bahariye,3,1,140,30,1,15000
2190,izmir,konak,turgut_reis,3,1,125,30,6,32000
2191,izmir,bornova,inonu,3,1,100,11,1,15000
2192,izmir,cigli,atasehir,3,1,150,11,4,46000
2195,izmir,bornova,inonu,3,1,120,0,2,20000
2196,izmir,kemalpasa,armutlu_hurriyet,2,1,80,5,1,10000
2198,izmir,torbali,yemislik,1,1,60,5,1,13000
2199,izmir,buca,ataturk,1,1,45,5,4,11000
2200,izmir,cigli,yakakent,1,1,57,3,1,20000
2202,izmir,narlidere,camtepe,3,1,140,16,1,20000
2203,izmir,karsiyaka,semikler,2,1,85,10,1,16500
2204,izmir,buca,ataturk,1,1,60,7,6,12500
2205,izmir,buca,kurucesme,1,1,60,9,2,12000
2206,izmir,buca,adatepe,1,1,65,4,0,12500
2207,izmir,karsiyaka,atakent,1,1,55,35,5,23000
2208,izmir,karabaglar,peker,2,1,70,15,1,9000
2209,izmir,bornova,kazimdirik,1,1,60,4,2,18500
2211,izmir,urla,m_fevzi_cakmak,1,1,65,30,0,12500
2212,izmir,cesme,dalyan,2,1,90,5,1,57500
2214,izmir,bornova,birlik,2,1,110,26,1,12500
2217,izmir,bornova,kazimdirik,3,1,130,25,2,20000
2218,izmir,odemis,suleyman_demirel,2,1,105,23,5,7500
2219,izmir,gaziemir,fatih,3,1,165,2,2,25000
2222,izmir,karsiyaka,donanmaci,3,1,145,31,5,40000
2224,izmir,bornova,erzene,3,1,125,23,1,16000
2225,izmir,karsiyaka,dedebasi,4,1,180,11,3,25000
2226,izmir,karsiyaka,tersane,3,1,211,22,5,35000
2227,izmir,menemen,istiklal,3,1,140,0,6,17500
2228,izmir,bornova,kazimdirik,2,1,68,1,3,29750
2229,izmir,torbali,inonu,2,1,100,4,2,15000
2230,izmir,menderes,cukuralti,2,1,110,11,1,48000
2231,izmir,seferihisar,colak_ibrahim_bey,2,1,100,2,3,17500
2232,izmir,karsiyaka,donanmaci,3,1,145,42,3,35000
2233,izmir,gaziemir,zafer,2,1,80,25,6,20000
2236,izmir,karsiyaka,tuna,3,1,120,32,1,18000
2237,izmir,buca,adatepe,2,1,100,21,2,13500
2238,izmir,gaziemir,zafer,2,1,80,20,3,10000
2239,izmir,selcuk,14_mayis,2,1,100,25,3,13000
2240,izmir,konak,kahramanlar,3,1,125,31,4,18000
2241,izmir,buca,adatepe,3,1,120,12,1,10000
2242,izmir,tire,adnan_menderes,3,1,120,11,1,18000
2243,izmir,foca,mustafa_kemal_ataturk,2,1,75,4,3,15500
2244,izmir,bayrakli,mansuroglu,3,1,165,5,1,35000
2245,izmir,konak,turgut_reis,3,1,110,1,1,26000
2247,izmir,buca,yigitler,2,1,100,25,2,14250
2248,izmir,odemis,ataturk,4,1,145,25,4,8500
2250,izmir,karsiyaka,dedebasi,3,1,120,7,5,25000
2253,izmir,karabaglar,bahcelievler,2,1,100,21,2,12000
2254,izmir,menderes,cuneytbey,2,1,85,5,2,21000
2255,izmir,konak,murat_reis,3,1,120,35,3,18000
2256,izmir,karabaglar,refet_bele,2,1,100,7,3,12000
2257,izmir,balcova,cetin_emec,4,1,200,15,1,30000
2258,izmir,karsiyaka,aksoy,3,1,105,2,2,27000
2259,izmir,karabaglar,vatan,3,1,125,28,2,15000
2260,izmir,bayrakli,osmangazi,2,1,100,20,1,10000
2261,izmir,foca,haciveli,3,1,110,31,0,18000
2267,izmir,balcova,koruturk,3,1,170,30,3,32000
2268,izmir,seferihisar,duzce,2,1,90,2,2,18500
2270,izmir,karabaglar,fahrettin_altay,2,1,75,40,1,17000
2271,izmir,buca,kurucesme,1,1,55,3,2,12000
2272,izmir,foca,kozbeyli,1,1,65,5,0,10000
2273,izmir,cigli,kucuk_cigli,2,1,95,0,3,21000
2274,izmir,narlidere,yenikale,4,1,185,11,2,36500
2275,izmir,karabaglar,general_kazim_ozalp,1,1,65,5,2,15000
2277,izmir,cigli,atasehir,3,1,100,26,0,18000
2278,izmir,torbali,pancar,2,1,110,0,1,12000
2279,izmir,bayrakli,muhittin_erener,2,1,85,19,0,5000
2281,izmir,balcova,fevzi_cakmak,3,1,105,42,0,15000
2283,izmir,karsiyaka,semikler,2,1,75,5,2,22000
2285,izmir,buca,ataturk,2,1,70,0,3,15000
2286,izmir,konak,cankaya,4,1,220,40,3,40000
2287,izmir,karsiyaka,atakent,3,1,120,31,0,32000
2288,izmir,balcova,koruturk,1,1,70,30,0,25000
2289,izmir,menderes,gumuldur_fevzi_cakmak,2,1,85,13,0,12000
2290,izmir,cigli,harmandali_gazi_mustafa_kemal_ataturk,3,1,130,1,1,15000
2292,izmir,menemen,9_eylul,2,1,95,0,3,17000
2294,izmir,cesme,ismet_inonu,2,1,100,2,2,25000
2295,izmir,karabaglar,esentepe,2,1,95,38,2,18000
2298,izmir,seferihisar,ataturk,3,1,140,20,0,50000
2299,izmir,balcova,egitim,1,1,45,2,3,16000
2300,izmir,buca,ataturk,1,1,75,4,0,13000
2302,izmir,karabaglar,gulyaka,2,1,95,20,2,14000
2303,izmir,bornova,evka_3,1,1,45,7,0,10000
2304,izmir,odemis,suleyman_demirel,3,1,130,8,5,13000
2305,izmir,buca,adatepe,2,1,55,10,1,10500
2306,izmir,bayrakli,postacilar,1,1,90,25,2,8000
2307,izmir,gaziemir,hurriyet,2,1,200,20,1,15000
2308,izmir,cigli,balatcik,2,1,88,4,2,22500
2311,izmir,konak,alsancak,1,1,80,30,1,25000
2312,izmir,bornova,ataturk,1,1,75,20,3,14000
2313,izmir,buca,buca_koop,2,1,110,20,2,16000
2314,izmir,konak,kahramanlar,2,1,95,35,1,20000
2315,izmir,gaziemir,zafer,4,1,145,20,0,12500
2316,izmir,balcova,teleferik,2,1,90,25,5,18000
2318,izmir,gaziemir,irmak,3,1,125,3,3,20000
2320,izmir,karabaglar,gulyaka,3,1,115,5,3,18000
2321,izmir,bornova,inonu,2,1,88,11,0,14500
2322,izmir,bornova,yesilova,2,1,126,21,1,15000
2323,izmir,karsiyaka,bostanli,3,1,130,30,6,25000
2324,izmir,karsiyaka,ornekkoy,3,1,160,15,2,35000
2326,izmir,buca,adatepe,1,1,55,4,1,10000
2330,izmir,torbali,yazibasi,2,1,100,5,3,10000
2332,izmir,karsiyaka,mavisehir,3,1,160,26,1,28000
2333,izmir,karabaglar,doganay,4,1,140,30,4,18000
2335,izmir,karsiyaka,bostanli,3,1,130,30,4,18000
2336,izmir,menemen,istiklal,3,1,135,8,0,17000
2339,izmir,cesme,musalla,3,1,120,11,3,40000
2341,izmir,karabaglar,poligon,2,1,80,0,5,20000
2343,izmir,bornova,inonu,2,1,120,0,0,24000
2344,izmir,menderes,barbaros,2,1,120,5,0,25000
2346,izmir,buca,yenigun,3,1,135,5,1,35000
2347,izmir,menderes,gumuldur_fevzi_cakmak,3,1,150,0,2,50000
2348,izmir,karabaglar,uckuyular,2,1,96,40,3,20000
2349,izmir,menderes,kuner,2,1,120,7,2,17000
2350,izmir,menderes,gumuldur_fevzi_cakmak,2,1,85,5,0,15000
2351,izmir,cesme,ismet_inonu,1,1,72,1,0,30000
2353,izmir,buca,kurucesme,1,1,65,12,1,12000
2354,izmir,bornova,kazimdirik,1,1,50,4,3,27000
2356,izmir,odemis,zafer,2,1,110,25,1,8000
2357,izmir,buca,kurucesme,1,1,70,5,2,14000
2358,izmir,karsiyaka,bahcelievler,2,1,105,35,4,14000
2359,izmir,karabaglar,bozyaka,2,1,90,5,1,14000
2360,izmir,karsiyaka,semikler,1,1,50,1,2,17500
2362,izmir,foca,kazim_dirik,2,1,85,5,1,13000
2363,izmir,bornova,ataturk,2,1,110,21,1,13000
2366,izmir,urla,kalabak,4,1,150,5,2,32000
2367,izmir,narlidere,camtepe,3,1,140,25,4,20000
2368,izmir,karabaglar,refet_bele,1,1,35,0,0,12000
2369,izmir,narlidere,camtepe,3,1,127,9,3,27500
2370,izmir,cigli,atasehir,2,1,90,0,3,15000
2371,izmir,karsiyaka,fikri_altay,3,1,150,25,2,18000
2372,izmir,konak,mithatpasa,1,1,11,0,1,11111
2374,izmir,narlidere,2_inonu,3,1,154,3,6,42500
2377,izmir,konak,alsancak,3,1,120,30,0,25000
2378,izmir,bornova,mevlana,1,1,60,3,1,12000
2381,izmir,buca,adatepe,2,1,80,10,2,15000
2382,izmir,menderes,gumuldur_fevzi_cakmak,3,1,90,0,0,20000
2383,izmir,konak,turgut_reis,3,1,220,35,1,50000
2384,izmir,buca,ataturk,1,1,60,0,5,12500
2385,izmir,bornova,inonu,3,1,110,25,2,16000
2386,izmir,buca,inkilap,3,1,137,12,3,15000
2387,izmir,foca,kemal_ataturk,2,1,95,0,0,18000
2390,izmir,dikili,candarli,2,1,70,2,3,15000
2391,izmir,balcova,cetin_emec,2,1,80,3,0,28000
2392,izmir,karsiyaka,ornekkoy,2,1,90,0,2,19000
2394,izmir,karsiyaka,bostanli,2,1,100,31,1,19500
2395,izmir,gaziemir,ataturk,3,1,140,15,3,15000
2396,izmir,buca,vali_rahmi_bey,1,1,55,0,1,20000
2397,izmir,karsiyaka,alaybey,1,1,160,35,0,22000
2398,izmir,konak,aziziye,3,1,135,35,1,11000
2399,izmir,bornova,kazimdirik,1,1,55,5,6,23000
2400,izmir,konak,altintas,2,1,85,30,6,26000
2401,izmir,bayrakli,org_nafiz_gurman,3,1,150,10,6,20000
2404,izmir,menemen,zafer,3,1,120,15,3,10000
2405,izmir,karabaglar,metin_oktay,3,1,100,25,2,6000
2406,izmir,bayrakli,manavkuyu,2,1,110,22,2,20500
2407,izmir,odemis,ataturk,2,1,90,25,0,11000
2408,izmir,konak,alsancak,2,1,75,20,5,20000
2411,izmir,buca,laleli,3,1,135,20,3,15000
2412,izmir,buca,adatepe,2,1,80,5,2,13000
2414,izmir,odemis,umurbey,3,1,160,25,2,10000
2415,izmir,buca,kurucesme,1,1,55,8,5,12000
2417,izmir,karabaglar,gunaltay,2,1,80,30,1,8500
2419,izmir,konak,alsancak,4,1,170,31,4,55000
2420,izmir,gaziemir,beyazevler,1,1,66,5,6,18000
2421,izmir,buca,menderes,2,1,105,25,5,15000
2424,izmir,konak,gunesli,3,1,130,20,3,22000
2427,izmir,konak,cinarli,4,1,187,0,5,50000
2428,izmir,karabaglar,vatan,2,1,95,26,0,9000
2429,izmir,balcova,inciralti,3,1,135,26,0,15000
2430,izmir,foca,mustafa_kemal_ataturk,3,1,120,17,2,14000
2431,izmir,buca,akincilar,3,1,130,0,2,22000
2432,izmir,torbali,torbali,3,1,140,1,4,17500
2433,izmir,menderes,gumuldur_fevzi_cakmak,2,1,80,4,2,15000
2434,izmir,cesme,dalyan,1,1,100,5,0,50000
2435,izmir,cigli,egekent,3,1,125,20,4,13000
2436,izmir,bornova,inonu,3,1,120,16,1,18000
2438,izmir,dikili,gazipasa,2,1,120,30,2,12000
2440,izmir,karabaglar,uzundere,2,1,85,0,5,17000
2441,izmir,konak,mithatpasa,3,1,145,25,1,21000
2442,izmir,karabaglar,calikusu,2,1,95,30,3,10000
2444,izmir,buca,yaylacik,1,1,40,2,2,14000
2445,izmir,bornova,kazimdirik,3,1,170,25,3,25000
2446,izmir,buca,camlikule,2,1,100,10,0,13000
2447,izmir,buca,mustafa_kemal,3,1,145,5,2,15000
2448,izmir,foca,mustafa_kemal_ataturk,1,1,50,2,5,35000
2450,izmir,konak,etiler,2,1,110,31,2,18000
2453,izmir,buca,buca_koop,1,1,60,1,5,15950
2455,izmir,buca,inkilap,3,1,130,30,4,20000
2456,izmir,buca,kurucesme,1,1,50,5,0,12500
2457,izmir,foca,ataturk,2,1,85,23,0,25000
2458,izmir,karsiyaka,tuna,3,1,110,4,1,30000
2460,izmir,konak,goztepe,3,1,140,31,4,20000
2461,izmir,narlidere,yenikale,3,1,130,28,3,19000
2462,izmir,karabaglar,esenlik,2,1,100,28,1,12000
2465,izmir,menemen,29_ekim,3,1,150,2,2,25000
2467,izmir,cigli,atasehir,1,1,60,3,3,22000
2468,izmir,menemen,gazi_mustafa_kemal,1,1,55,0,3,10750
2469,izmir,balcova,onur,2,1,85,28,1,18000
2470,izmir,karabaglar,bahar,1,1,80,40,0,10000
2471,izmir,konak,tuzcu,1,1,50,30,1,9000
2473,izmir,buca,ataturk,2,1,85,11,-1,10500
2474,izmir,buca,hurriyet,2,1,80,7,1,16500
2475,izmir,cesme,16_eylul,2,1,120,2,0,13000
2476,izmir,balcova,cetin_emec,2,1,100,30,4,18000
2477,izmir,buca,kurucesme,1,1,60,3,1,10000
2483,izmir,karabaglar,gulyaka,2,1,100,7,3,17500
2484,izmir,buca,karanfil,2,1,90,26,3,13000
2485,izmir,karabaglar,maliyeciler,3,1,110,30,1,18000
2486,izmir,menderes,gorece_cumhuriyet,2,1,100,15,3,14000
2487,izmir,karsiyaka,mavisehir,1,1,70,29,3,25000
2488,izmir,bornova,cinar,2,1,105,30,3,15000
2489,izmir,urla,guvendik,1,1,55,1,0,25000
2490,izmir,bergama,fatih,3,1,145,20,3,12000
2495,izmir,cigli,koyici,2,1,110,25,2,12000
2496,izmir,buca,inonu,2,1,96,10,2,11000
2497,izmir,bornova,inonu,3,1,110,16,0,10000
2501,izmir,bornova,evka_4,2,1,66,26,1,12000
2502,izmir,menemen,gazi_mustafa_kemal,1,1,55,4,5,10000
2503,izmir,urla,iskele,1,1,70,1,0,18000
2507,izmir,buca,menderes,3,1,100,30,3,15000
2508,izmir,konak,mehmet_ali_akman,3,1,140,26,5,23000
2509,izmir,balcova,egitim,2,1,120,40,5,15000
2510,izmir,dikili,salihler,3,1,140,3,0,36000
2511,izmir,selcuk,isa_bey,2,1,90,16,4,17000
2512,izmir,karabaglar,bahcelievler,3,1,150,25,3,20000
2513,izmir,buca,buca_koop,3,1,120,25,6,19000
2514,izmir,cigli,atasehir,2,1,92,20,3,13000
2515,izmir,menemen,gazi_mustafa_kemal,1,1,50,5,1,13000
2518,izmir,karabaglar,bahar,2,1,120,16,5,12000
2521,izmir,buca,adatepe,2,1,80,5,5,15000
2522,izmir,cigli,koyici,2,1,60,35,1,10000
2523,izmir,karabaglar,poligon,3,1,110,31,3,18000
2525,izmir,buca,kurucesme,1,1,60,4,1,11000
2527,izmir,seferihisar,camikebir,3,1,160,1,2,35000
2528,izmir,buca,kurucesme,1,1,50,1,0,9000
2529,izmir,buca,yildiz,1,1,65,6,2,11000
2530,izmir,cigli,balatcik,1,1,70,8,6,17000
2531,izmir,cigli,yeni_mahalle,1,1,48,6,1,13000
2533,izmir,buca,mustafa_kemal,3,1,146,20,2,18000
2534,izmir,urla,ozbek,3,1,100,20,2,45000
2535,izmir,buca,adatepe,1,1,89,0,2,20000
2536,izmir,buca,mustafa_kemal,3,1,145,5,3,15000
2537,izmir,urla,ataturk,1,1,66,10,1,14999
2538,izmir,karabaglar,esenlik,2,1,105,15,3,9500
2541,izmir,bornova,inonu,3,1,120,0,2,20000
2542,izmir,gaziemir,menderes,3,1,135,15,0,10000
2544,izmir,urla,sirinkent,3,1,180,4,2,35000
2546,izmir,konak,mithatpasa,2,1,91,8,1,18500
2547,izmir,karabaglar,sevgi,3,1,120,25,2,13500
2548,izmir,konak,mithatpasa,3,1,160,21,3,45000
2549,izmir,buca,ufuk,3,1,120,25,2,11000
2550,izmir,balcova,fevzi_cakmak,3,1,140,25,2,30000
2551,izmir,foca,ataturk,2,1,90,20,5,20000
2552,izmir,bornova,kemalpasa,3,1,130,1,1,19000
2554,izmir,karsiyaka,mavisehir,1,1,70,29,4,20000
2555,izmir,odemis,zafer,4,1,160,5,3,20000
2556,izmir,konak,mehmet_ali_akman,3,1,100,40,0,20000
2558,izmir,bornova,mevlana,3,1,126,21,2,16000
2560,izmir,karabaglar,ali_fuat_cebesoy,3,1,115,25,2,20000
2561,izmir,buca,izkent,2,1,90,30,5,14000
2562,izmir,bornova,kazimdirik,1,1,86,5,2,21000
2563,izmir,karsiyaka,zubeyde_hanim,3,1,115,23,1,13000
2566,izmir,selcuk,isa_bey,2,1,90,20,5,17000
2567,izmir,menemen,85_yil_cumhuriyet,1,1,65,0,2,10000
2568,izmir,urla,haci_isa,2,1,90,8,2,20000
2569,izmir,karabaglar,esenyali,2,1,110,26,1,16000
2570,izmir,karabaglar,bahar,2,1,120,20,5,12000
2572,izmir,dikili,salimbey,1,1,45,0,3,9500
2573,izmir,menemen,inonu,1,1,45,5,2,11500
2574,izmir,bornova,kazimdirik,3,1,150,20,3,20000
2575,izmir,konak,kemal_reis,3,1,135,26,0,22000
2577,izmir,buca,caldiran,3,1,130,21,2,9000
2578,izmir,karabaglar,basin_sitesi,3,1,130,31,4,19500
2581,izmir,gaziemir,gazi,3,1,130,16,3,20000
2583,izmir,bornova,inonu,3,1,110,25,0,10000
2584,izmir,karsiyaka,donanmaci,2,1,120,30,5,25000
2586,izmir,bornova,kazimdirik,2,1,60,0,6,25000
2587,izmir,odemis,gunluce,2,1,200,31,1,5000
2588,izmir,balcova,cetin_emec,1,1,45,21,0,13000
2589,izmir,tire,fatih,3,1,130,20,2,13000
2590,izmir,konak,alsancak,3,1,135,30,3,20000
2591,izmir,konak,kahramanlar,2,1,110,30,1,21000
2592,izmir,bornova,mevlana,2,1,100,30,1,10000
2593,izmir,karsiyaka,cumhuriyet,1,1,68,15,0,8000
2594,izmir,buca,hurriyet,1,1,50,30,0,7500
2595,izmir,karsiyaka,nergiz,2,1,110,25,3,17000
2596,izmir,gaziemir,menderes,3,1,150,15,2,20000
2597,izmir,menderes,gumuldur_fevzi_cakmak,2,1,80,5,3,14000
2598,izmir,bornova,mevlana,1,1,70,5,2,20000
2600,izmir,odemis,inonu,3,1,130,32,4,6500
2601,izmir,menderes,gumuldur_ataturk,2,1,90,3,0,10000
2602,izmir,torbali,inonu,2,1,110,1,1,16000
2603,izmir,karsiyaka,tersane,3,1,95,31,4,12000
2604,izmir,bornova,doganlar,3,1,130,11,1,10500
2605,izmir,menderes,cukuralti,2,1,160,21,2,45000
2606,izmir,karsiyaka,zubeyde_hanim,3,1,130,23,5,16000
2607,izmir,odemis,inonu,2,1,115,10,3,7500
2609,izmir,konak,kahramanlar,2,1,88,25,1,13000
2611,izmir,karsiyaka,donanmaci,3,1,190,31,5,50000
2612,izmir,konak,barbaros,3,1,120,40,4,11000
2613,izmir,buca,kurucesme,1,1,45,3,3,12500
2614,izmir,odemis,zafer,3,1,150,17,2,13000
2615,izmir,menemen,9_eylul,2,1,85,0,-2,15000
2616,izmir,balcova,koruturk,3,1,145,26,1,28000
2618,izmir,gaziemir,yesil,3,1,110,21,1,16000
2619,izmir,buca,baris,3,1,125,16,2,16000
2621,izmir,bornova,kazimdirik,1,1,43,0,1,22500
2623,izmir,balcova,onur,3,1,140,30,3,15000
2624,izmir,karabaglar,fahrettin_altay,3,1,170,28,3,25000
2625,izmir,buca,ataturk,2,1,130,13,0,13000
2626,izmir,bornova,rafet_pasa,2,1,90,40,2,17000
2627,izmir,cesme,alacati,2,1,150,20,2,25000
2628,izmir,odemis,cumhuriyet,2,1,110,0,5,12000
2629,izmir,konak,mithatpasa,3,1,135,31,5,20000
2630,izmir,konak,guzelyali,2,1,100,25,0,13000
2631,izmir,urla,ataturk,3,1,135,32,3,20000
2633,izmir,buca,gaziler,1,1,55,0,2,13000
2634,izmir,cigli,balatcik,3,1,144,11,3,19500
2635,izmir,bornova,inonu,2,1,110,25,3,13000
2636,izmir,cigli,koyici,2,1,95,25,1,12000
2638,izmir,guzelbahce,mustafa_kemal_pasa,2,1,95,5,0,22000
2639,izmir,menderes,mithatpasa,4,1,220,0,2,30000
2640,izmir,foca,mustafa_kemal_ataturk,2,1,80,20,2,35000
2641,izmir,bornova,kazimdirik,3,1,156,11,1,30000
2642,izmir,bergama,ataturk,1,1,65,0,3,12000
2645,izmir,foca,yenibagarasi,2,1,80,0,2,15000
2647,izmir,cesme,cumhuriyet,2,1,70,0,0,45000
2648,izmir,karsiyaka,mavisehir,3,1,204,21,4,32000
2649,izmir,menderes,gumuldur_fevzi_cakmak,3,1,150,0,2,50000
2652,izmir,karabaglar,tahsin_yazici,2,1,100,16,1,13500
2653,izmir,karsiyaka,bahariye,3,1,135,25,3,25000
2656,izmir,menemen,kasimpasa,3,1,125,25,4,11000
2657,izmir,narlidere,catalkaya,3,1,115,31,3,30000
2658,izmir,odemis,akincilar,2,1,80,4,2,10000
2659,izmir,buca,ataturk,1,1,55,14,3,10000
2662,izmir,karabaglar,bahcelievler,2,1,95,25,2,25000
2663,izmir,seferihisar,ataturk,3,1,130,20,0,40000
2664,izmir,konak,kultur,3,1,140,26,2,35000
2666,izmir,menemen,inonu,1,1,50,0,2,11000
2667,izmir,karsiyaka,atakent,3,1,125,31,0,20000
2669,izmir,menemen,villakent,2,1,105,5,0,15000
2670,izmir,karsiyaka,tuna,2,1,110,30,3,25000
2671,izmir,menderes,gumuldur_inonu,3,1,160,17,2,25000
2673,izmir,menemen,gazi_mustafa_kemal,1,1,50,4,3,9000
2674,izmir,bornova,inonu,3,1,120,0,1,21000
2675,izmir,karsiyaka,demirkopru,2,1,120,5,5,27500
2676,izmir,gaziemir,dokuz_eylul,2,1,110,21,2,20000
2677,izmir,buca,guven,2,1,120,30,3,12500
2678,izmir,foca,kazim_dirik,3,1,135,3,0,17000
2679,izmir,buca,inkilap,3,1,150,31,4,18000
2681,izmir,karabaglar,bahar,3,1,105,25,1,10000
2684,izmir,cigli,balatcik,2,1,100,0,0,15000
2685,izmir,bornova,birlik,2,1,110,25,2,13500
2686,izmir,buca,kurucesme,1,1,65,5,3,16000
2688,izmir,bornova,inonu,3,1,110,25,4,16000
2689,izmir,karsiyaka,bahcelievler,3,1,125,12,1,17000
2690,izmir,urla,kalabak,1,1,65,15,1,18000
2691,izmir,balcova,cetin_emec,3,1,105,11,1,20000
2692,izmir,buca,guven,2,1,115,30,3,10000
2693,izmir,torbali,muratbey,2,1,85,1,2,15000
2694,izmir,menemen,30_agustos,1,1,15,30,3,5500
2695,izmir,foca,mustafa_kemal_ataturk,1,1,55,6,5,13000
2696,izmir,cesme,musalla,2,1,80,1,2,25000
2697,izmir,karsiyaka,tuna,2,1,110,16,0,25000
2700,izmir,selcuk,isa_bey,2,1,95,15,2,20000
2701,izmir,foca,kazim_dirik,2,1,75,2,5,14000
2702,izmir,menemen,inonu,1,1,55,6,1,10000
2704,izmir,bornova,yesilova,3,1,140,25,1,13000
2705,izmir,buca,ataturk,1,1,55,5,2,12000
2706,izmir,balcova,onur,2,1,110,30,0,18500
2707,izmir,konak,mimar_sinan,2,1,130,26,6,19000
2708,izmir,bornova,inonu,3,1,130,25,4,14000
2710,izmir,buca,kurucesme,1,1,50,4,0,12000
2711,izmir,menderes,barbaros,2,1,100,5,3,20000
2712,izmir,foca,kazim_dirik,2,1,100,3,1,15000
2713,izmir,menderes,cuneytbey,2,1,80,6,5,13000
2714,izmir,karsiyaka,imbatli,2,1,90,5,2,18000
2715,izmir,buca,adatepe,3,1,145,13,3,20000
2717,izmir,konak,murat_reis,3,1,110,31,5,20000
2718,izmir,menemen,9_eylul,2,1,75,0,1,15000
2719,izmir,karabaglar,muammer_akar,3,1,110,26,1,15000
2720,izmir,menemen,bagcilar,2,1,100,0,2,20000
2722,izmir,karsiyaka,dedebasi,3,1,150,16,2,24000
2723,izmir,urla,gulbahce,1,1,200,10,1,9500
2725,izmir,odemis,mesrutiyet,3,1,130,25,4,11000
2726,izmir,bayrakli,mansuroglu,2,1,90,30,2,20000
2727,izmir,bayrakli,osmangazi,2,1,90,30,1,12000
2728,izmir,gaziemir,sevgi,3,1,130,26,2,25000
2729,izmir,bayrakli,alpaslan,2,1,100,0,4,14500
2730,izmir,foca,kazim_dirik,3,1,155,1,0,18000
2731,izmir,buca,inkilap,3,1,135,11,3,19500
2733,izmir,bayrakli,mansuroglu,2,1,100,38,3,16500
2734,izmir,karabaglar,vatan,2,1,90,28,2,9000
2736,izmir,odemis,akincilar,2,1,75,31,2,8000
2739,izmir,torbali,ataturk,3,1,165,8,3,12000
2740,izmir,dikili,ismetpasa,3,1,120,30,3,13000
2742,izmir,buca,kurucesme,1,1,56,0,5,15000
2744,izmir,karabaglar,vatan,2,1,75,0,2,17000
2745,izmir,cigli,ahmet_efendi,1,1,65,1,5,18000
2746,izmir,buca,hurriyet,3,1,125,28,3,14750
2750,izmir,konak,konak,3,1,200,20,5,34000
2751,izmir,karabaglar,maliyeciler,3,1,95,25,0,7000
2752,izmir,karsiyaka,alaybey,2,1,90,35,1,18000
2753,izmir,buca,ataturk,1,1,55,4,2,12000
2756,izmir,buca,yigitler,3,1,125,28,4,17950
2757,izmir,menderes,barbaros,3,1,135,9,1,18000
2758,izmir,konak,turgut_reis,3,1,125,38,2,24000
2761,izmir,konak,goztepe,3,1,120,26,1,25000
2762,izmir,menderes,barbaros,4,1,190,0,0,35000
2764,izmir,selcuk,14_mayis,1,1,45,0,2,15000
2765,izmir,konak,alsancak,3,1,130,26,3,21000
2766,izmir,karabaglar,bahcelievler,3,1,125,31,1,22000
2767,izmir,bayrakli,gumuspala,1,1,65,30,1,7000
2768,izmir,karabaglar,fahrettin_altay,2,1,110,30,3,18000
2769,izmir,cigli,balatcik,3,1,155,8,6,18000
2770,izmir,karabaglar,fahrettin_altay,3,1,135,20,3,25000
2771,izmir,gaziemir,atifbey,3,1,200,5,4,33000
2772,izmir,gaziemir,hurriyet,3,1,135,26,0,15000
2773,izmir,buca,guven,2,1,85,11,4,13000
2774,izmir,buca,kurucesme,1,1,55,7,5,12000
2777,izmir,konak,kilic_reis,3,1,120,35,3,20000
2778,izmir,karabaglar,general_kazim_ozalp,2,1,90,9,1,13500
2779,izmir,cesme,ismet_inonu,1,1,50,15,5,18000
2780,izmir,guzelbahce,siteler,2,1,100,3,5,20000
2781,izmir,foca,ataturk,2,1,100,30,3,16000
2782,izmir,buca,efeler,3,1,140,25,3,25000
2783,izmir,foca,fevzi_cakmak,2,1,80,10,-2,17000
2786,izmir,buca,yaylacik,1,1,60,8,2,10000
2787,izmir,menderes,kemalpasa,3,1,180,3,3,20000
2789,izmir,konak,piri_reis,2,1,130,38,0,15000
2790,izmir,buca,efeler,2,1,100,31,2,13000
2794,izmir,buca,adatepe,1,1,55,5,2,13000
2795,izmir,buca,guven,2,1,110,26,1,10000
2796,izmir,cigli,balatcik,1,1,74,2,5,14990
2797,izmir,gaziemir,menderes,3,1,120,26,2,13000
2798,izmir,gaziemir,menderes,3,1,140,14,0,14000
2799,izmir,balcova,fevzi_cakmak,3,1,130,30,2,30000
2801,izmir,konak,akdeniz,2,1,72,1,6,35000
2802,izmir,karsiyaka,cumhuriyet,2,1,80,40,3,9500
2803,izmir,karsiyaka,donanmaci,3,1,125,31,2,17000
2804,izmir,buca,yildiz,1,1,55,11,1,9000
2805,izmir,dikili,kabakum,3,1,220,20,2,48000
2808,izmir,balcova,fevzi_cakmak,3,1,150,20,4,27500
2809,izmir,konak,goztepe,3,1,135,21,2,25500
2811,izmir,buca,ataturk,2,1,110,20,2,15000
2812,izmir,foca,yenibagarasi,2,1,120,1,1,15000
2814,izmir,balcova,egitim,3,1,120,40,2,14000
2815,izmir,karsiyaka,bahariye,4,1,170,25,4,19000
2821,izmir,menemen,85_yil_cumhuriyet,1,1,55,0,2,12000
2822,izmir,torbali,cumhuriyet,2,1,95,20,1,10000
2823,izmir,menderes,kemalpasa,2,1,100,0,4,18000
2824,izmir,cesme,alacati,4,1,140,30,2,30000
2825,izmir,karsiyaka,bahariye,4,1,170,21,4,18000
2826,izmir,konak,mimar_sinan,3,1,150,35,5,30000
2827,izmir,cigli,harmandali_gazi_mustafa_kemal_ataturk,3,1,115,15,4,16500
2828,izmir,buca,efeler,3,1,125,21,2,15000
2829,izmir,urla,iskele,2,1,95,5,1,40000
2830,izmir,karabaglar,doganay,2,1,90,25,1,16000
2833,izmir,buca,goksu,2,1,80,8,5,12000
2834,izmir,buca,adatepe,3,1,130,31,2,15000
2835,izmir,gaziemir,yesil,2,1,95,26,1,18500
2836,izmir,menemen,doga,1,1,70,0,1,12000
2837,izmir,konak,gungor,3,1,95,40,4,9500
2840,izmir,bornova,ergene,2,1,100,21,4,16000
2841,izmir,konak,kahramanlar,2,1,95,35,4,15000
2842,izmir,konak,kilic_reis,2,1,90,30,3,12000
2843,izmir,buca,kurucesme,2,1,65,3,2,15000
2846,izmir,karsiyaka,aksoy,2,1,93,31,1,20000
2847,izmir,bornova,yesilova,2,1,140,21,4,17000
2850,izmir,balcova,fevzi_cakmak,3,1,150,30,2,30000
2852,izmir,bornova,erzene,3,1,130,35,3,15000
2853,izmir,menemen,istiklal,1,1,60,0,4,12500
2854,izmir,konak,piri_reis,2,1,100,31,1,20000
2855,izmir,buca,goksu,2,1,100,21,2,12000
2856,izmir,gaziemir,atifbey,2,1,114,16,1,18000
2858,izmir,karsiyaka,atakent,3,1,130,35,3,30000
2861,izmir,bornova,umit,2,1,100,4,1,15000
2862,izmir,konak,mimar_sinan,3,1,100,31,1,17000
2864,izmir,guzelbahce,camli,3,1,145,16,2,12000
2865,izmir,bornova,ataturk,2,1,90,25,0,14000
2868,izmir,buca,ataturk,1,1,55,13,5,9000
2869,izmir,foca,ataturk,2,1,80,35,2,20000
2870,izmir,buca,hurriyet,2,1,85,0,3,15000
2871,izmir,karabaglar,refet_bele,2,1,95,15,1,12500
2872,izmir,konak,selcuk,1,1,50,40,2,3000
2874,izmir,bornova,karacaoglan,1,1,65,5,3,14000
2877,izmir,odemis,akincilar,2,1,105,30,3,10000
2878,izmir,cigli,balatcik,1,1,56,5,1,23000
2880,izmir,bayrakli,mansuroglu,1,1,55,30,0,10000
2881,izmir,konak,murat_reis,1,1,55,40,0,8000
2882,izmir,urla,iskele,3,1,180,21,2,60000
2883,izmir,gaziemir,ataturk,2,1,110,17,2,10000
2884,izmir,gaziemir,yesil,3,1,135,16,4,16000
2885,izmir,konak,halkapinar,1,1,56,3,5,26000
2886,izmir,bayrakli,bayrakli,2,1,85,25,3,15000
2889,izmir,menderes,cuneytbey,2,1,100,6,3,15500
2890,izmir,narlidere,limanreis,2,1,110,25,2,32000
2892,izmir,urla,ataturk,1,1,100,10,0,17500
2893,izmir,balcova,cetin_emec,2,1,100,20,1,23000
2894,izmir,karabaglar,basin_sitesi,2,1,75,0,3,20000
2895,izmir,bornova,mevlana,2,1,120,15,2,20000
2898,izmir,cigli,atasehir,2,1,105,30,3,15000
2899,izmir,karsiyaka,bahriye_ucok,3,1,120,29,4,16000
2900,izmir,buca,kurucesme,2,1,70,5,1,13500
2901,izmir,karabaglar,fahrettin_altay,3,1,110,31,1,20000
2902,izmir,menderes,oglananasi_ataturk,1,1,60,2,0,11000
2904,izmir,konak,mimar_sinan,3,1,100,31,1,17500
2908,izmir,balcova,cetin_emec,2,1,90,21,1,15000
2909,izmir,torbali,turkmenkoy,2,1,75,0,6,12500
2910,izmir,bornova,mevlana,2,1,120,15,2,10800
2911,izmir,buca,kurucesme,2,1,90,10,1,10000
2912,izmir,bornova,evka_4,2,1,80,21,4,16000
2916,izmir,bornova,kazimdirik,1,1,50,5,5,19000
2917,izmir,karsiyaka,bahriye_ucok,3,1,130,10,1,30000
2922,izmir,cesme,ismet_inonu,3,1,120,30,1,20000
2923,izmir,konak,kahramanlar,2,1,120,35,3,20000
2924,izmir,cesme,ildir,4,1,208,5,2,6000
2926,izmir,buca,ataturk,2,1,100,0,5,17000
2927,izmir,buca,kurucesme,2,1,60,5,1,13000
2928,izmir,narlidere,camtepe,2,1,95,35,3,17500
2930,izmir,gaziemir,gazikent,1,1,75,30,4,16000
2932,izmir,karsiyaka,dedebasi,3,1,130,16,3,17500
2933,izmir,karabaglar,fahrettin_altay,3,1,150,31,4,25000
2934,izmir,menderes,gumuldur_ataturk,2,1,100,31,2,12500
2935,izmir,cigli,sasalli_merkez,2,1,90,0,1,12500
2937,izmir,konak,yildiz,1,1,60,5,5,25000
2938,izmir,buca,sirinkapi,2,1,75,14,0,11000
2940,izmir,bornova,kizilay,2,1,106,20,1,11500
2941,izmir,konak,kahramanlar,2,1,95,30,4,17000
2942,izmir,torbali,kazim_karabekir,1,1,75,8,3,8000
2944,izmir,urla,kalabak,3,1,120,16,1,18500
2945,izmir,buca,yenigun,2,1,120,23,2,13950
2947,izmir,karsiyaka,donanmaci,1,1,65,36,3,9500
2948,izmir,cesme,musalla,2,1,90,0,0,25000
2951,izmir,buca,kozagac,2,1,100,35,3,12000
2952,izmir,narlidere,2_inonu,3,1,115,24,3,16500
2953,izmir,karsiyaka,inonu,3,1,110,11,6,30000
2956,izmir,bornova,kazimdirik,2,1,80,25,0,17000
2957,izmir,menemen,ataturk,1,1,65,0,3,10000
2958,izmir,menemen,cumhuriyet,1,1,50,12,0,17000
2959,izmir,buca,yaylacik,2,1,110,20,0,10000
2961,izmir,buca,kurucesme,1,1,55,3,1,11500
2962,izmir,foca,yenibagarasi,2,1,80,0,2,14500
2963,izmir,konak,halkapinar,2,1,94,1,1,35000
2964,izmir,menemen,85_yil_cumhuriyet,1,1,60,2,2,11000
2965,izmir,bornova,kazimdirik,1,1,43,0,4,20000
2966,izmir,bornova,ataturk,2,1,110,25,1,13000
2967,izmir,buca,aydogdu,3,1,148,5,2,30000
2968,izmir,bornova,barbaros,2,1,110,30,4,15000
2969,izmir,karabaglar,tahsin_yazici,2,1,100,16,1,13500
2970,izmir,menderes,kemalpasa,4,1,180,0,2,40000
2971,izmir,tire,kurtulus,2,1,90,25,2,8000
2972,izmir,bornova,inonu,3,1,120,25,0,18000
2973,izmir,cigli,kucuk_cigli,2,1,67,4,5,12000
2974,izmir,gaziemir,aktepe,2,1,80,31,2,8000
2975,izmir,foca,mustafa_kemal_ataturk,2,1,80,5,5,15000
2976,izmir,buca,ataturk,1,1,60,4,3,10000
2978,izmir,buca,kurucesme,1,1,60,5,1,10000
2979,izmir,narlidere,yenikale,3,1,115,11,1,35000
2980,izmir,buca,goksu,2,1,95,25,1,10000
2981,izmir,buca,akincilar,1,1,50,20,1,10000
2983,izmir,konak,alsancak,1,1,75,30,1,22000
2986,izmir,buca,akincilar,3,1,140,28,3,11500
2987,izmir,foca,yenibagarasi,3,1,120,5,2,12000
2988,izmir,karsiyaka,inonu,3,1,173,10,3,40000
2994,izmir,konak,goztepe,3,1,125,31,2,18000
2995,izmir,karsiyaka,bahcelievler,4,1,170,21,3,17500
2996,izmir,bayrakli,r_sevket_ince,2,1,90,21,2,12000
2997,izmir,seferihisar,hidirlik,1,1,48,3,1,12500
2998,izmir,torbali,yedi_eylul,1,1,70,10,1,13000
3001,izmir,buca,efeler,2,1,100,28,3,19000
3002,izmir,buca,kurucesme,2,1,95,5,3,15000
3003,izmir,selcuk,isa_bey,2,1,90,25,2,18000
3004,izmir,narlidere,catalkaya,3,1,155,12,1,28000
3005,izmir,buca,ataturk,1,1,60,0,1,12500
3006,izmir,karsiyaka,bostanli,2,1,95,20,3,18000
3008,izmir,buca,kurucesme,1,1,45,5,1,8500
3011,izmir,bornova,ataturk,4,1,195,11,2,27500
3013,izmir,bornova,barbaros,2,1,110,30,0,15000
3014,izmir,bornova,mevlana,4,1,125,24,3,14000
3015,izmir,foca,kazim_dirik,3,1,140,0,0,18000
3021,izmir,gaziemir,dokuz_eylul,1,1,65,4,3,25000
3023,izmir,karsiyaka,semikler,1,1,56,0,1,16000
3024,izmir,buca,ataturk,1,1,50,3,2,10500
3025,izmir,foca,kazim_dirik,2,1,85,2,5,13000
3026,izmir,buca,buca_koop,3,1,165,22,3,16000
3027,izmir,urla,torasan,4,1,200,21,0,29500
3028,izmir,selcuk,ataturk,2,1,75,20,3,18000
3032,izmir,buca,kurucesme,1,1,55,4,2,10000
3033,izmir,karsiyaka,semikler,3,1,125,15,4,18000
3034,izmir,buca,ataturk,1,1,50,5,1,8750
3037,izmir,konak,gunesli,2,1,70,30,2,7000
3039,izmir,menderes,gumuldur_fevzi_cakmak,2,1,90,21,0,12500
3041,izmir,seferihisar,hidirlik,1,1,60,5,2,13000
3042,izmir,konak,alsancak,2,1,100,30,1,15000
3044,izmir,buca,ataturk,1,1,65,4,-1,11500
3045,izmir,konak,goztepe,3,1,150,31,1,23000
3047,izmir,karsiyaka,bostanli,3,1,130,35,3,30000
3050,izmir,karabaglar,esenyali,3,1,135,31,3,18000
3051,izmir,foca,kazim_dirik,2,1,140,5,5,15000
3053,izmir,buca,yildiz,1,1,60,5,2,16000
3054,izmir,cigli,cumhuriyet,3,1,120,16,6,13000
3055,izmir,menderes,gumuldur_fevzi_cakmak,2,1,90,25,0,10000
3056,izmir,buca,vali_rahmi_bey,1,1,55,4,4,15000
3057,izmir,cesme,alacati,3,1,140,11,0,50000
3058,izmir,foca,kazim_dirik,2,1,96,0,2,14000
3059,izmir,karsiyaka,fikri_altay,2,1,90,5,1,18000
3060,izmir,buca,adatepe,1,1,55,4,1,9500
3063,izmir,karsiyaka,tuna,3,1,105,31,6,22000
3064,izmir,buca,ufuk,3,1,110,25,2,13000
3065,izmir,dikili,cumhuriyet,3,1,130,15,2,19000
3066,izmir,bornova,mevlana,2,1,100,15,0,10000
3067,izmir,konak,murat_reis,3,1,120,30,4,12000
3068,izmir,gaziemir,menderes,2,1,81,0,2,15900
3069,izmir,cesme,sifne,3,1,150,8,2,14000
3070,izmir,tire,fatih,3,1,135,12,3,13000
3071,izmir,balcova,fevzi_cakmak,3,1,105,25,3,25000
3072,izmir,karaburun,mordogan,2,1,90,0,0,20000
3073,izmir,buca,ataturk,1,1,90,5,3,13000
3076,izmir,odemis,zafer,2,1,185,2,1,20000
3077,izmir,foca,fatih,2,1,65,11,1,35000
3079,izmir,dikili,candarli,2,1,100,5,2,26000
3080,izmir,buca,kozagac,2,1,95,5,3,17000
3081,izmir,buca,yigitler,3,1,100,31,4,12000
3082,izmir,buca,goksu,3,1,120,28,4,13500
3083,izmir,bornova,mevlana,3,1,140,11,2,20000
3086,izmir,menderes,gumuldur_fevzi_cakmak,2,1,95,4,4,13500
3089,izmir,karabaglar,esenlik,2,1,90,30,5,15000
3093,izmir,menemen,cumhuriyet,2,1,100,25,3,13000
3094,izmir,urla,sira,3,1,130,11,2,24000
3095,izmir,buca,kurucesme,1,1,55,4,3,10000
3096,izmir,urla,sira,2,1,130,16,0,20000
3097,izmir,bornova,erzene,2,1,130,3,2,24000
3098,izmir,karabaglar,gunaltay,2,1,100,21,2,10000
3099,izmir,buca,firat,3,1,160,9,5,40000
3100,izmir,seferihisar,ataturk,2,1,90,2,5,12000
3101,izmir,torbali,turkmenkoy,1,1,56,0,3,10500
3103,izmir,menemen,istiklal,1,1,60,3,5,12500
3104,izmir,buca,yildiz,1,1,45,5,1,9500
3106,izmir,torbali,muratbey,1,1,76,0,1,9500
3109,izmir,konak,murat_reis,2,1,90,30,3,15000
3110,izmir,konak,guzelyali,3,1,135,40,3,24000
3111,izmir,cesme,16_eylul,1,1,60,20,3,15000
3112,izmir,gaziemir,sevgi,3,1,140,21,5,21000
3114,izmir,buca,kurucesme,1,1,50,7,1,16000
3115,izmir,menemen,gazi_mustafa_kemal,1,1,55,5,0,12000
3119,izmir,menderes,gumuldur_fevzi_cakmak,2,1,90,11,2,20000
3120,izmir,odemis,bengisu,3,1,125,16,5,13000
3123,izmir,buca,goksu,2,1,95,28,5,10000
3124,izmir,cesme,cumhuriyet,2,1,71,2,3,50000
3126,izmir,gaziemir,dokuz_eylul,1,1,60,7,3,17500
3127,izmir,konak,gunesli,2,1,95,30,1,7000
3129,izmir,bornova,inonu,3,1,120,20,1,18000
3131,izmir,buca,ataturk,1,1,55,4,2,9500
3132,izmir,cigli,atasehir,2,1,120,20,2,18000
3135,izmir,bornova,evka_4,3,1,120,21,3,13000
3137,izmir,foca,kazim_dirik,2,1,70,0,2,14000
3138,izmir,konak,cankaya,3,1,140,31,3,20000
3139,izmir,buca,kurucesme,1,1,55,5,3,9000
3140,izmir,bornova,ataturk,2,1,100,25,0,10500
3142,izmir,buca,baris,3,1,115,25,5,14000
3146,izmir,bornova,mevlana,2,1,110,20,1,11500
3147,izmir,karaburun,mordogan,2,1,80,5,0,15000
3150,izmir,buca,yaylacik,1,1,60,11,0,9500
3152,izmir,buca,kurucesme,1,1,55,4,2,10000
3153,izmir,menemen,kasimpasa,3,1,125,10,5,11000
3155,izmir,karabaglar,poligon,4,1,220,21,6,30000
3156,izmir,kemalpasa,ulucak_cumhuriyet,2,1,110,3,3,14000
3157,izmir,guzelbahce,yali,2,1,85,1,0,22000
3158,izmir,karabaglar,uzundere,2,1,100,21,0,8000
3159,izmir,bayrakli,osmangazi,3,1,135,26,3,20000
3160,izmir,menemen,ugur_mumcu,2,1,95,1,3,25000
3162,izmir,urla,gulbahce,2,1,60,4,0,25000
3163,izmir,karsiyaka,donanmaci,2,1,95,31,4,16000
3166,izmir,cesme,ovacik,2,1,80,0,3,16500
3167,izmir,menemen,kasimpasa,3,1,125,12,3,15500
3168,izmir,menemen,kasimpasa,3,1,125,12,3,15500
3170,izmir,buca,yildiz,2,1,76,0,0,13500
3171,izmir,karsiyaka,cumhuriyet,2,1,100,30,2,8500
3172,izmir,cesme,altinyunus,1,1,50,1,2,35000
3174,izmir,bornova,ataturk,3,1,100,22,5,15250
3175,izmir,balcova,cetin_emec,2,1,110,5,1,25000
3176,izmir,dikili,yaylayurt,3,1,110,5,2,20000
3177,izmir,buca,guven,1,1,43,4,3,14500
3180,izmir,karsiyaka,bahriye_ucok,3,1,100,35,2,17500
3181,izmir,konak,alsancak,3,1,160,40,3,37500
3182,izmir,buca,ataturk,1,1,55,5,2,10500
3183,izmir,cigli,atasehir,2,1,95,15,3,13000
3185,izmir,buca,ataturk,2,1,90,0,1,17000
3186,izmir,torbali,torbali,3,1,145,1,2,17500
3187,izmir,odemis,hurriyet,3,1,130,0,1,15500
3189,izmir,karabaglar,esentepe,4,1,210,13,4,30000
3190,izmir,karabaglar,gunaltay,3,1,130,16,1,13000
3192,izmir,bornova,inonu,3,1,125,5,2,22000
3194,izmir,seferihisar,colak_ibrahim_bey,1,1,45,3,1,11500
3196,izmir,buca,yildiz,1,1,55,4,4,13000
3197,izmir,foca,haciveli,1,1,50,0,2,10000
3198,izmir,menemen,85_yil_cumhuriyet,1,1,50,0,1,10000
3200,izmir,odemis,ocakli,2,1,110,30,5,6000
3202,izmir,cigli,atasehir,2,1,84,2,3,30000
3203,izmir,karabaglar,ali_fuat_cebesoy,3,1,130,23,3,14000
3205,izmir,buca,sirinkapi,2,1,110,15,0,13000
3206,izmir,menderes,gumuldur_inonu,3,1,150,6,2,25000
3207,izmir,menderes,golcukler,2,1,100,0,3,18500
3209,izmir,buca,kozagac,2,1,80,4,-1,13000
3210,izmir,menemen,kasimpasa,3,1,125,10,3,15000
3214,izmir,bornova,kazimdirik,3,1,110,26,2,18000
3215,izmir,torbali,torbali,1,1,65,0,2,14250
3216,izmir,karabaglar,ali_fuat_cebesoy,2,1,90,5,1,13000
3217,izmir,menderes,gumuldur_fevzi_cakmak,2,1,95,4,-1,10500
3219,izmir,konak,alsancak,3,1,120,25,3,19000
3220,izmir,bornova,kazimdirik,2,1,60,0,2,24000
3225,izmir,bornova,kazimdirik,1,1,51,0,3,20500
3228,izmir,konak,murat_reis,3,1,110,35,3,18000
3230,izmir,foca,mustafa_kemal_ataturk,2,1,100,11,3,16000
3231,izmir,buca,karanfil,2,1,90,26,4,13000
3232,izmir,cigli,balatcik,3,1,125,10,3,13000
3233,izmir,torbali,torbali,2,1,125,4,2,16000
3235,izmir,menderes,gumuldur_ataturk,2,1,100,35,2,12500
3236,izmir,seferihisar,camikebir,2,1,80,0,4,20000
3238,izmir,kemalpasa,yukarikizilca_merkez,4,1,170,12,2,30000
3240,izmir,bornova,kazimdirik,1,1,40,0,5,22000
3242,izmir,konak,goztepe,2,1,120,40,3,35000
3243,izmir,buca,kurucesme,1,1,55,4,2,11000
3246,izmir,cigli,atasehir,2,1,84,2,6,28500
3247,izmir,menemen,inonu,2,1,65,7,3,9000
3249,izmir,karsiyaka,bostanli,3,1,125,30,1,18000
3250,izmir,bornova,inonu,1,1,45,26,0,7000
3251,izmir,buca,yigitler,3,1,170,30,4,19500
3253,izmir,kemalpasa,sekiz_eylul,2,1,90,21,3,10500
3254,izmir,gaziemir,atifbey,3,1,138,16,4,22000
3255,izmir,guzelbahce,siteler,2,1,105,26,4,25000
3257,izmir,karsiyaka,cumhuriyet,2,1,70,31,4,9000
3258,izmir,buca,kozagac,2,1,70,5,2,13500
3259,izmir,cigli,evka_2,3,1,125,10,0,22500
3262,izmir,odemis,suleyman_demirel,3,1,100,30,5,5500
3263,izmir,dikili,candarli,3,1,120,25,2,16000
3264,izmir,buca,ufuk,1,1,50,0,2,12500
3265,izmir,gaziemir,irmak,3,1,140,15,1,25000
3266,izmir,buca,adatepe,1,1,45,4,3,12000
3269,izmir,buca,inonu,3,1,140,21,2,8950
3270,izmir,buca,guven,2,1,95,28,2,13000
3271,izmir,menemen,gazi_mustafa_kemal,1,1,50,0,1,9500
3273,izmir,bornova,erzene,1,1,50,0,1,16500
3274,izmir,foca,mustafa_kemal_ataturk,2,1,120,1,5,14000
3275,izmir,karabaglar,karabaglar,2,1,100,35,3,9000
3276,izmir,karsiyaka,tuna,2,1,110,28,3,16250
3277,izmir,buca,kurucesme,2,1,85,4,2,13500
3278,izmir,konak,alsancak,3,1,170,35,1,50000
3279,izmir,cigli,sirintepe,1,1,65,10,1,7000
3281,izmir,menemen,inonu,2,1,60,4,2,12000
3282,izmir,konak,murat_reis,3,1,140,35,3,16000
3283,izmir,karabaglar,bahar,2,1,100,30,5,11000
3284,izmir,buca,yigitler,3,1,150,20,2,18500
3286,izmir,karsiyaka,bahcelievler,2,1,85,4,3,20000
3287,izmir,narlidere,2_inonu,1,1,65,8,3,26900
3288,izmir,torbali,ertugrul,4,1,200,16,4,13000
3290,izmir,menderes,gumuldur_fevzi_cakmak,1,1,55,4,0,7500
3291,izmir,guzelbahce,maltepe,2,1,100,40,0,25000
3292,izmir,buca,akincilar,2,1,115,15,2,16000
3294,izmir,menemen,85_yil_cumhuriyet,2,1,70,5,3,14000
3295,izmir,foca,mustafa_kemal_ataturk,2,1,90,7,5,20000
3296,izmir,urla,kalabak,3,1,160,0,2,50000
3298,izmir,seferihisar,ataturk,4,1,140,18,1,40000
3299,izmir,bornova,kazimdirik,1,1,58,0,2,18000
3300,izmir,konak,turgut_reis,2,1,110,26,4,14000
3301,izmir,balcova,fevzi_cakmak,2,1,111,20,2,13000
3302,izmir,buca,ataturk,1,1,45,5,2,9000
3304,izmir,cigli,sirintepe,3,1,125,15,1,10500
3305,izmir,bornova,kazimdirik,1,1,43,0,3,20000
3308,izmir,buca,yildiz,1,1,55,11,1,8000
3311,izmir,konak,tinaztepe,2,1,75,30,2,6000
3312,izmir,konak,alsancak,2,1,75,30,5,20000
3315,izmir,odemis,ataturk,1,1,85,10,5,9000
3316,izmir,odemis,inonu,2,1,125,25,5,7500
3317,izmir,konak,goztepe,3,1,120,40,1,18000
3318,izmir,konak,aziziye,2,1,120,10,2,15000
3319,izmir,buca,ataturk,1,1,55,4,1,9500
3320,izmir,cigli,koyici,2,1,85,15,1,9000
3321,izmir,bornova,kazimdirik,1,1,43,0,6,20000
3323,izmir,bornova,kazimdirik,1,1,43,0,5,22000
3325,izmir,karabaglar,kazim_karabekir,2,1,100,30,3,11000
3326,izmir,bornova,mevlana,1,1,45,22,1,7000
3331,izmir,buca,akincilar,2,1,115,15,4,12000
3332,izmir,menderes,ozdere_cumhuriyet,2,1,85,5,2,15000
3333,izmir,torbali,cumhuriyet,2,1,100,21,5,9000
3334,izmir,buca,yildiz,1,1,45,5,1,9500
3335,izmir,cigli,balatcik,3,1,125,5,6,20000
3336,izmir,menderes,barbaros,2,1,85,7,3,15000
3338,izmir,bornova,kazimdirik,1,1,38,0,6,17000
3345,izmir,cesme,16_eylul,1,1,55,3,0,35000
3346,izmir,karabaglar,basin_sitesi,2,1,90,40,3,23000
3352,izmir,buca,yaylacik,1,1,60,11,0,9500
3353,izmir,buca,laleli,3,1,150,15,3,15500
3354,izmir,seferihisar,ataturk,4,1,130,20,1,45000
3355,izmir,bornova,inonu,1,1,65,20,2,10000
3357,izmir,balcova,teleferik,3,1,120,30,2,17000
3360,izmir,cesme,universite,1,1,60,20,0,60000
3362,izmir,karabaglar,bahcelievler,2,1,95,35,1,20000
3363,izmir,gaziemir,atifbey,2,1,110,10,1,22000
3364,izmir,buca,kurucesme,2,1,100,8,2,15000
3366,izmir,menemen,inonu,1,1,55,7,3,9000
3367,izmir,buca,kurucesme,1,1,50,7,2,9500
3369,izmir,konak,kemal_reis,2,1,105,30,5,16500
3371,izmir,buca,ataturk,1,1,55,5,2,10500
3372,izmir,cigli,guzeltepe,1,1,85,0,1,9000
3373,izmir,konak,cankaya,3,1,160,31,4,55000
3374,izmir,buca,menderes,1,1,55,4,1,19000
3377,izmir,konak,alsancak,3,1,120,25,4,20000
3378,izmir,buca,kozagac,3,1,120,14,5,15500
3379,izmir,karsiyaka,yali,2,1,80,11,4,25000
3385,izmir,karabaglar,vatan,3,1,128,15,1,13500
3387,izmir,buca,yesilbaglar,2,1,90,10,5,12000
3389,izmir,buca,kurucesme,1,1,55,5,1,10500
3390,izmir,cigli,guzeltepe,3,1,125,15,1,16000
3392,izmir,gaziemir,atifbey,2,1,95,0,3,27000
3394,izmir,buca,ataturk,1,1,60,2,2,13000
3396,izmir,konak,mimar_sinan,3,1,120,40,1,20000
3399,izmir,konak,mimar_sinan,3,1,120,20,2,18000
3401,izmir,bornova,inonu,3,1,110,16,1,14000
3402,izmir,cesme,ilica,1,1,50,18,1,15000
3403,izmir,cesme,reisdere,2,1,65,1,1,23000
3407,izmir,torbali,pancar,2,1,100,1,4,13000
3408,izmir,torbali,pancar,2,1,100,1,4,13000
3410,izmir,buca,ataturk,1,1,60,5,2,10500
3411,izmir,cigli,sirintepe,3,1,125,12,2,15000
3413,izmir,konak,cankaya,3,1,135,26,1,23000
3414,izmir,buca,kurucesme,1,1,60,3,1,10000
3416,izmir,buca,camlipinar,2,1,110,10,1,11500
3417,izmir,buca,vali_rahmi_bey,2,1,90,4,1,18000
3423,izmir,konak,cankaya,3,1,140,31,3,20000
3425,izmir,konak,kultur,3,1,150,31,6,45000
3426,izmir,cesme,16_eylul,1,1,55,16,3,15000
3427,izmir,cesme,ovacik,2,1,90,8,3,15000
3428,izmir,urla,icmeler,2,1,110,25,2,20000
3429,izmir,buca,efeler,3,1,130,25,3,30000
3430,izmir,buca,kurucesme,1,1,50,5,5,11000
3431,izmir,cigli,kucuk_cigli,3,1,125,10,2,17000
3434,izmir,foca,ataturk,1,1,55,2,2,15000
3435,izmir,narlidere,2_inonu,2,1,115,15,1,15000
3436,izmir,konak,alsancak,1,1,70,30,2,15000
3438,izmir,karabaglar,doganay,3,1,120,18,1,15000
3439,izmir,menemen,inonu,1,1,60,2,1,9500
3445,izmir,balcova,koruturk,3,1,110,35,3,19000
3447,izmir,buca,kurucesme,1,1,55,5,1,11500
3448,izmir,cigli,kucuk_cigli,3,1,130,10,2,18000
3449,izmir,cesme,ismet_inonu,1,1,40,15,2,15000
3452,izmir,foca,ataturk,3,1,135,26,2,25000
3456,izmir,buca,ataturk,1,1,55,5,2,12000
3457,izmir,cigli,atasehir,2,1,95,20,2,9000
3458,izmir,buca,yildiz,3,1,105,25,5,12500
3459,izmir,buca,aydogdu,3,1,178,5,1,32000
3460,izmir,kemalpasa,ulucak_mustafa_kemal_ataturk,2,1,90,0,0,11500
3461,izmir,bornova,inonu,3,1,120,20,2,15000
3462,izmir,konak,kultur,3,1,155,16,3,40000
3464,izmir,cesme,reisdere,1,1,60,1,1,20000
3471,izmir,karabaglar,gazi,3,1,212,15,2,8000
3472,izmir,karabaglar,gazi,3,1,212,11,2,8000
3473,izmir,konak,etiler,2,1,70,40,2,6500
3475,izmir,bornova,inonu,2,1,100,11,5,12000
3479,izmir,foca,ataturk,2,1,80,30,3,15000
3481,izmir,buca,ataturk,3,1,150,26,0,15000
3482,izmir,konak,alsancak,2,1,120,31,1,20000
3484,izmir,cigli,ataturk_osb,2,1,125,10,2,19500
3485,izmir,torbali,yedi_eylul,1,1,65,0,3,10000
3489,izmir,buca,yenigun,3,1,200,5,3,25000
3490,izmir,cesme,ismet_inonu,1,1,65,3,2,55000
3491,izmir,cigli,kucuk_cigli,3,1,125,15,2,12000
3492,izmir,buca,adatepe,1,1,65,1,1,15000
3497,izmir,menemen,29_ekim,3,1,160,2,1,18500
3498,izmir,foca,fevzipasa,2,1,75,26,1,25000
3499,izmir,cigli,maltepe,2,1,110,8,0,19000
3500,izmir,buca,ataturk,3,1,135,21,4,17000
3501,izmir,bornova,egemenlik,2,1,120,20,2,10000
3502,izmir,cesme,16_eylul,1,1,50,5,-2,40000
3503,izmir,cigli,kucuk_cigli,2,1,105,15,4,12000
3504,izmir,urla,yeni,2,1,100,16,1,18000
3506,izmir,cesme,ilica,1,1,90,7,0,50000
3510,izmir,bornova,kizilay,3,1,130,20,3,14000
3512,izmir,konak,mehmet_ali_akman,4,1,190,31,5,26500
3513,izmir,menemen,irmak,3,1,125,7,5,13000
3516,izmir,karabaglar,gunaltay,2,1,100,25,1,10000
3518,izmir,bornova,kizilay,2,1,110,20,1,12000
3520,izmir,cesme,ismet_inonu,2,1,100,34,2,30000
3521,izmir,cigli,atasehir,2,1,90,0,3,20000
3522,izmir,buca,yenigun,3,1,200,5,3,20000
3523,izmir,karsiyaka,semikler,3,1,167,8,6,36000
3529,izmir,konak,cankaya,3,1,110,40,2,13500
3532,izmir,buca,ataturk,2,1,65,3,2,12000
3533,izmir,cigli,evka_5,2,1,85,8,2,12000
3540,izmir,bornova,kizilay,2,1,120,16,1,12000
3543,izmir,buca,adatepe,1,1,50,17,0,6000
3544,izmir,karsiyaka,dedebasi,3,1,125,10,2,14000
3546,izmir,buca,kurucesme,2,1,65,3,-1,12500
3547,izmir,bornova,doganlar,3,1,140,21,2,12500
3549,izmir,cesme,16_eylul,1,1,40,35,5,13000
3556,izmir,konak,mimar_sinan,2,1,100,25,1,20000
3562,izmir,cigli,sirintepe,3,1,105,3,1,19000
3564,izmir,gaziemir,yesil,2,1,90,30,5,17000
3568,izmir,cesme,dalyan,3,1,150,40,2,30000
3572,izmir,buca,kurucesme,1,1,55,4,0,11000
3575,izmir,cigli,ahmet_efendi,1,1,74,1,5,17500
3576,izmir,konak,alsancak,1,1,75,30,2,15000
3578,izmir,buca,goksu,1,1,65,26,2,5000
3579,izmir,bayrakli,alpaslan,2,1,102,20,1,9000
3583,izmir,karsiyaka,bostanli,3,1,122,20,5,25000
3586,izmir,menemen,kazimpasa,2,1,90,5,2,18500
3589,izmir,menemen,gazi_mustafa_kemal,1,1,55,0,2,9500
3591,izmir,bayrakli,org_nafiz_gurman,2,1,95,10,1,10000
3594,izmir,cigli,balatcik,1,1,60,5,1,17000
3596,izmir,cigli,esentepe,3,1,122,0,4,22000
3597,izmir,menemen,inonu,1,1,52,5,1,11000
3598,izmir,buca,buca_koop,2,1,102,11,0,15000
3601,izmir,menemen,golcuk,3,1,145,0,3,12000
3604,izmir,menemen,ataturk,3,1,125,15,3,12000
3606,izmir,cigli,balatcik,2,1,95,20,1,12000
3607,izmir,konak,mimar_sinan,3,1,147,25,1,21000
3608,izmir,bornova,karacaoglan,3,1,125,20,2,11000
3609,izmir,cigli,kucuk_cigli,2,1,105,10,2,16000
3611,izmir,cigli,yakakent,3,1,122,20,3,12000
3613,izmir,cigli,balatcik,2,1,95,12,1,13500
3615,izmir,cigli,evka_5,2,1,90,20,6,11000
3619,izmir,menderes,ozdere_cumhuriyet,2,1,100,9,2,11000
3620,izmir,cigli,balatcik,2,1,90,20,1,10000
3624,izmir,cigli,sirintepe,2,1,72,25,1,5000
3626,izmir,seferihisar,tepecik,1,1,90,12,0,40000
3628,izmir,karsiyaka,bostanli,3,1,120,30,2,31000
3630,izmir,bayrakli,org_nafiz_gurman,2,1,90,20,2,17000
3632,izmir,bayrakli,gumuspala,1,1,60,25,0,8000
3634,izmir,menemen,ahihidir,2,1,95,0,2,10000
3636,izmir,cigli,balatcik,2,1,85,10,4,18000
3638,izmir,urla,bademler,3,1,140,10,2,25000
3640,izmir,menemen,inonu,1,1,55,5,2,9000
3642,izmir,karsiyaka,cumhuriyet,3,1,120,20,2,18000
3643,izmir,menemen,incirli_pinar,3,1,122,15,1,10000
3645,izmir,cigli,balatcik,2,1,97,20,2,15000
3648,izmir,menemen,ataturk,3,1,125,10,0,13500
3650,izmir,cigli,kucuk_cigli,3,1,125,12,2,12000
3652,izmir,cigli,evka_2,3,1,122,20,1,22500
3653,izmir,menemen,irmak,2,1,92,15,1,12000
3654,izmir,menemen,85_yil_cumhuriyet,1,1,60,5,2,14500
3657,izmir,menemen,kasimpasa,2,1,92,20,2,20000
3659,izmir,menemen,kazimpasa,2,1,100,5,3,13000
3660,izmir,karsiyaka,semikler,2,1,80,5,2,22000
3661,izmir,menemen,ataturk,2,1,100,15,2,17000
3662,izmir,cigli,kucuk_cigli,3,1,130,20,4,15000
3663,izmir,karsiyaka,cumhuriyet,2,1,90,20,1,12000
3664,izmir,menemen,29_ekim,1,1,55,10,2,15000
3665,izmir,cigli,balatcik,2,1,100,20,1,10000
3666,izmir,karsiyaka,cumhuriyet,1,1,70,17,1,10000
3667,izmir,menemen,gazi_mustafa_kemal,1,1,60,8,3,13500
3668,izmir,bayrakli,postacilar,3,1,125,20,3,11000
3669,izmir,cigli,balatcik,1,1,60,5,1,15000
3670,izmir,bayrakli,onur,2,1,85,25,0,4000
3671,izmir,menemen,kasimpasa,3,1,110,20,2,10000
3672,izmir,karsiyaka,fikri_altay,3,1,122,20,3,21000
3675,izmir,cigli,balatcik,1,1,65,1,5,17500
3676,izmir,karsiyaka,inonu,2,1,90,30,2,8500
3678,manisa,yunusemre,muradiye,3,1,140,4,3,30000
3679,manisa,sehzadeler,2_anafartalar,2,1,95,30,3,12000
3680,manisa,yunusemre,kuyualan,2,1,85,23,1,14000
3681,manisa,sehzadeler,goktasli,1,1,65,20,0,10000
3682,manisa,sehzadeler,dincer,2,1,95,25,2,15000
3684,manisa,turgutlu,mustafa_kemal,3,1,120,5,1,10000
3685,manisa,akhisar,resat_bey,2,1,100,1,1,11000
3687,manisa,akhisar,ulu_camii,2,1,100,0,4,10000
3688,manisa,turgutlu,acarlar,2,1,80,28,5,8500
3689,manisa,akhisar,haci_ishak,2,1,130,0,3,12000
3690,manisa,akhisar,pasa,3,1,127,35,5,7800
3693,manisa,salihli,eski_cami,3,1,140,6,4,15000
3694,manisa,akhisar,resat_bey,2,1,85,8,0,9800
3695,manisa,salihli,kirveli,3,1,140,10,2,10000
3696,manisa,turgutlu,cumhuriyet,2,1,90,15,5,13000
3698,manisa,turgutlu,yeni,1,1,101,15,5,9000
3699,manisa,akhisar,efendi,3,1,135,0,2,13000
3700,manisa,salihli,cumhuriyet,1,1,55,3,4,6500
3701,manisa,yunusemre,muradiye,1,1,75,5,2,12000
3702,manisa,turgutlu,ergenekon,3,1,164,11,2,18500
3703,manisa,salihli,eski_cami,2,1,80,5,1,7750
3704,manisa,sehzadeler,arda,2,1,100,20,2,8000
3705,manisa,akhisar,ataturk,2,1,130,20,0,8000
3706,manisa,turgutlu,albayrak,3,1,125,17,4,10000
3707,manisa,saruhanli,cumhuriyet,2,1,90,5,2,9000
3708,manisa,sehzadeler,peker,3,1,130,20,3,15000
3709,manisa,yunusemre,muradiye,2,1,75,4,3,17000
3710,manisa,salihli,cumhuriyet,4,1,150,15,2,10000
3711,manisa,turgutlu,selvilitepe,2,1,95,15,4,9000
3713,manisa,akhisar,efendi,3,1,120,15,3,10000
3714,manisa,yunusemre,uncubozkoy,1,1,45,0,1,15000
3715,manisa,saruhanli,ataturk,3,1,140,10,2,11500
3716,manisa,salihli,kurtulus,2,1,95,20,2,8000
3717,manisa,yunusemre,topcuasim,3,1,130,20,3,3500
3718,manisa,akhisar,hurriyet,4,1,200,5,5,14500
3719,manisa,sehzadeler,arda,3,1,110,28,3,15000
3720,manisa,akhisar,ulu_camii,2,1,135,9,1,11000
3723,manisa,salihli,eski_cami,2,1,112,1,2,16000
3724,manisa,akhisar,hurriyet,3,1,140,17,2,12000
3725,manisa,akhisar,ragip_bey,3,1,200,10,0,22000
3726,manisa,turgutlu,altay,3,1,120,15,4,9500
3727,manisa,yunusemre,uncubozkoy,2,1,67,0,5,25000
3728,manisa,sehzadeler,dincer,2,1,80,20,3,12000
3729,manisa,yunusemre,mesir,2,1,85,30,1,10000
3730,manisa,sehzadeler,2_anafartalar,1,1,80,38,0,9000
3731,manisa,salihli,eski_cami,2,1,100,21,3,18000
3732,manisa,akhisar,ataturk,3,1,127,0,2,14000
3733,manisa,salihli,kocacesme,2,1,90,0,1,12750
3734,manisa,akhisar,resat_bey,3,1,135,6,3,17000
3735,manisa,turgutlu,ergenekon,2,1,100,0,3,12500
3737,manisa,turgutlu,selvilitepe,1,1,65,3,5,10000
3738,manisa,akhisar,resat_bey,3,1,130,10,2,12500
3739,manisa,turgutlu,selvilitepe,2,1,95,0,3,13000
3741,manisa,yunusemre,muradiye,1,1,70,9,3,9000
3742,manisa,yunusemre,muradiye,1,1,60,7,2,15000
3743,manisa,akhisar,hurriyet,3,1,136,10,5,14500
3744,manisa,akhisar,medar,3,1,120,0,1,12500
3745,manisa,akhisar,efendi,3,1,125,2,3,13000
3746,manisa,turgutlu,cumhuriyet,3,1,120,4,3,15000
3747,manisa,sehzadeler,tunca,2,1,98,25,3,9000
3748,manisa,salihli,yoruk,2,1,80,20,5,6500
3749,manisa,akhisar,efendi,3,1,135,0,2,12000
3750,manisa,turgutlu,selvilitepe,2,1,80,3,0,10000
3752,manisa,yunusemre,karaali,1,1,75,5,0,15000
3753,manisa,turgutlu,selvilitepe,2,1,90,10,5,9000
3754,manisa,turgutlu,acarlar,3,1,130,15,3,13000
3755,manisa,akhisar,ragip_bey,3,1,140,15,4,9000
3756,manisa,saruhanli,ataturk,3,1,158,12,3,10000
3757,manisa,turgutlu,acarlar,3,1,120,11,3,11250
3758,manisa,akhisar,ataturk,3,1,165,5,1,16500
3759,manisa,turgutlu,ergenekon,3,1,125,5,3,13500
3760,manisa,yunusemre,muradiye,2,1,115,0,3,14000
3761,manisa,akhisar,pasa,3,1,122,30,3,7900
3762,manisa,sehzadeler,1_anafartalar,3,1,170,16,5,25000
3763,manisa,sehzadeler,2_anafartalar,1,1,65,17,3,11000
3764,manisa,sehzadeler,yarhasanlar,2,1,80,35,1,8000
3765,manisa,sehzadeler,1_anafartalar,3,1,160,30,2,22500
3766,manisa,yunusemre,guzelyurt,1,1,65,13,5,15000
3767,manisa,salihli,aksoy,2,1,45,2,3,6500
3768,manisa,turgutlu,cumhuriyet,2,1,90,25,5,10000
3769,manisa,yunusemre,muradiye,3,1,135,0,5,30000
3770,manisa,salihli,sehitler,1,1,65,10,1,7500
3772,manisa,salihli,kurtulus,2,1,95,25,3,5000
3773,manisa,sehzadeler,1_anafartalar,3,1,120,20,3,12000
3774,manisa,akhisar,hurriyet,2,1,125,30,3,11000
3775,manisa,yunusemre,uncubozkoy,2,1,67,0,5,25000
3776,manisa,turgutlu,subasi,4,1,220,0,5,30000
3777,manisa,sehzadeler,1_anafartalar,2,1,68,15,3,12000
3778,manisa,akhisar,hurriyet,3,1,125,25,2,11000
3779,manisa,yunusemre,tevfikiye,3,1,110,25,3,10000
3780,manisa,salihli,kurtulus,3,1,200,25,3,14000
3781,manisa,turgutlu,ergenekon,2,1,100,0,4,15000
3783,manisa,yunusemre,yeni_mahalle,1,1,50,7,2,12000
3784,manisa,turgutlu,selvilitepe,3,1,135,5,1,13000
3785,manisa,akhisar,kethuda,3,1,120,25,0,10000
3786,manisa,akhisar,pasa,3,1,145,23,5,12500
3787,manisa,turgutlu,istasyonalti,2,1,80,0,2,9000
3788,manisa,soma,cumhuriyet,2,1,100,3,3,12000
3789,manisa,yunusemre,muradiye,1,1,75,4,2,12500
3790,manisa,akhisar,pasa,3,1,120,25,3,10750
3791,manisa,turgutlu,subasi,4,1,165,18,1,15000
3792,manisa,yunusemre,yeni_mahalle,1,1,50,0,1,13000
3793,manisa,akhisar,inonu,3,1,155,30,5,12000
3794,manisa,akhisar,kethuda,3,1,140,30,4,12000
3795,manisa,turgutlu,cumhuriyet,2,1,110,30,3,12000
3797,manisa,sehzadeler,arda,3,1,130,21,4,10000
3799,manisa,sehzadeler,dincer,2,1,120,3,2,18000
3800,manisa,yunusemre,muradiye,2,1,90,5,2,11500
3801,manisa,akhisar,pasa,2,1,90,12,0,10800
3802,manisa,akhisar,hurriyet,2,1,105,5,3,13000
3803,manisa,salihli,durasilli,2,1,85,5,3,7000
3804,manisa,akhisar,ragip_bey,3,1,125,25,2,10000
3805,manisa,sehzadeler,mimar_sinan,2,1,100,26,2,19000
3807,manisa,sehzadeler,utku,3,1,120,25,5,15000
3808,manisa,sehzadeler,dere,3,1,115,25,2,10500
3809,manisa,yunusemre,karaali,2,1,120,3,2,24000
3810,manisa,akhisar,seyit_ahmet,2,1,100,30,0,10000
3811,manisa,sehzadeler,peker,3,1,165,20,3,15000
3812,manisa,akhisar,gokceahmet,1,1,80,11,0,8750
3813,manisa,akhisar,seyit_ahmet,2,1,95,5,4,10500
3814,manisa,sehzadeler,peker,3,1,120,26,2,20000
3815,manisa,turgutlu,ataturk,4,1,161,20,3,10000
3816,manisa,akhisar,ragip_bey,2,1,115,25,5,10000
3817,manisa,yunusemre,ayni_ali,4,1,135,25,0,15000
3819,manisa,yunusemre,guzelyurt,2,1,85,2,3,15000
3820,manisa,yunusemre,yeni_mahalle,2,1,100,9,5,15000
3821,manisa,akhisar,medar,3,1,112,0,3,12000
3822,manisa,sehzadeler,arda,3,1,125,30,3,12000
3824,manisa,turgutlu,cumhuriyet,2,1,100,26,3,13500
3826,manisa,akhisar,pasa,3,1,127,40,3,8000
3827,manisa,akhisar,hurriyet,3,1,135,15,0,9500
3830,manisa,akhisar,ragip_bey,3,1,127,25,3,9500
3831,manisa,turgutlu,yeni,2,1,95,7,3,12000
3834,manisa,sehzadeler,peker,3,1,135,21,2,15000
3835,manisa,turgutlu,selvilitepe,1,1,57,5,4,10000
3836,manisa,akhisar,has_hoca,3,1,120,11,1,12000
3837,manisa,turgutlu,ataturk,3,1,180,2,5,15000
3838,manisa,alasehir,yenice,1,1,70,5,2,9000
3840,manisa,turgutlu,ergenekon,3,1,140,0,3,20000
3841,manisa,yunusemre,merkez_efendi,3,1,120,25,4,15000
3842,manisa,turgutlu,cumhuriyet,3,1,125,15,5,10000
3843,manisa,salihli,saripinar,3,1,135,15,1,8500
3844,manisa,yunusemre,muradiye,1,1,55,5,1,13000
3845,manisa,saruhanli,cengiz_topel,1,1,90,0,1,7500
3846,manisa,akhisar,inonu,3,1,120,15,5,7500
3847,manisa,yunusemre,kecili_koy,1,1,75,15,0,8500
3848,manisa,yunusemre,muradiye,1,1,45,0,2,10000
3849,manisa,turgutlu,selvilitepe,1,1,65,5,5,10000
3850,manisa,yunusemre,guzelyurt,4,1,196,5,1,36000
3851,manisa,yunusemre,tevfikiye,2,1,100,20,3,12500
3852,manisa,akhisar,ataturk,3,1,120,15,-2,15000
3853,manisa,sehzadeler,arda,2,1,95,30,2,10000
3854,manisa,akhisar,resat_bey,2,1,92,25,4,9000
3855,manisa,sehzadeler,adnan_menderes,2,1,80,7,5,11000
3856,manisa,sehzadeler,dere,3,1,125,25,4,15000
3857,manisa,akhisar,kethuda,3,1,120,34,5,9000
3858,manisa,yunusemre,muradiye,2,1,75,2,0,14750
3860,manisa,saruhanli,cengiz_topel,1,1,60,1,2,8000
3861,manisa,yunusemre,uncubozkoy,1,1,55,5,-1,14750
3862,manisa,turgutlu,istiklal,3,1,125,30,5,10000
3863,manisa,sehzadeler,carsi,2,1,90,30,4,6000
3864,manisa,turgutlu,altay,3,1,110,12,2,10500
3865,manisa,turgutlu,acarlar,2,1,100,2,4,11750
3866,manisa,turgutlu,ataturk,3,1,95,2,1,12000
3868,manisa,alasehir,kurtulus,1,1,80,15,5,8000
3869,manisa,yunusemre,guzelyurt,1,1,60,11,5,11000
3870,manisa,akhisar,kethuda,2,1,130,12,3,15000
3871,manisa,salihli,eski_cami,2,1,110,1,3,16000
3872,manisa,sehzadeler,ege,3,1,130,20,3,14000
3873,manisa,akhisar,hurriyet,3,1,135,20,2,12000
3875,manisa,salihli,kurtulus,2,1,100,20,2,11000
3876,manisa,akhisar,inonu,3,1,138,15,1,11000
3877,manisa,sehzadeler,1_anafartalar,3,1,145,10,2,25000
3878,manisa,sehzadeler,yarhasanlar,2,1,90,21,1,15000
3879,manisa,akhisar,hurriyet,3,1,130,20,3,5500
3880,manisa,yunusemre,muradiye,1,1,65,5,0,13000
3881,manisa,yunusemre,akmescit,3,1,130,15,2,12000
3882,manisa,akhisar,pasa,2,1,100,25,3,9000
3883,manisa,sehzadeler,dilsikar,3,1,120,20,2,12500
3884,manisa,akhisar,inonu,3,1,130,20,3,9000
3886,manisa,yunusemre,laleli,2,1,95,30,0,11000
3887,manisa,demirci,akincilar,2,1,80,10,5,11000
3888,manisa,sehzadeler,yarhasanlar,2,1,70,30,5,7900
3889,manisa,sehzadeler,alaybey,2,1,100,15,3,12000
3890,manisa,sehzadeler,sakarya,3,1,135,25,2,16000
3948,afyonkarahisar,merkez,hasan_karaagac,1,1,48,2,-1,8500
3949,afyonkarahisar,merkez,yenice,3,1,130,10,5,15000
3950,afyonkarahisar,merkez,erenler,1,1,70,5,3,5000
3951,afyonkarahisar,merkez,ali_ihsan_pasa,2,1,120,20,5,7000
3952,afyonkarahisar,merkez,fatih,3,1,130,1,2,15000
3953,afyonkarahisar,merkez,ali_ihsan_pasa,3,1,125,20,5,8000
3954,afyonkarahisar,merkez,erkmen_fevzi_cakmak,3,1,125,17,5,11000
3955,afyonkarahisar,merkez,istiklal,3,1,120,20,1,9000
3956,afyonkarahisar,merkez,ali_ihsan_pasa,3,1,130,15,1,9000
3957,afyonkarahisar,merkez,kanlica,1,1,80,30,0,3000
3958,afyonkarahisar,merkez,esentepe,3,1,135,28,2,10000
3959,afyonkarahisar,merkez,maresal_fevzi_cakmak,2,1,95,17,4,6500
3961,afyonkarahisar,merkez,sahipata,3,1,150,25,1,8000
3962,afyonkarahisar,merkez,osman_gazi,2,1,95,17,0,6000
3963,afyonkarahisar,merkez,erenler,2,1,95,15,2,6000
3964,afyonkarahisar,cay,asagi,2,1,100,30,5,5500
3965,afyonkarahisar,merkez,esentepe,2,1,105,16,3,8500
3966,afyonkarahisar,cay,aktas,2,1,100,21,2,5000
3967,afyonkarahisar,merkez,kanlica,3,1,120,18,2,8500
3968,afyonkarahisar,merkez,cumhuriyet,3,1,180,25,2,8000
3969,afyonkarahisar,cay,sirinevler,2,1,100,20,0,3000
3970,afyonkarahisar,merkez,dumlupinar,2,1,105,16,5,10000
3971,afyonkarahisar,merkez,veysel_karani,2,1,100,2,1,8750
3973,afyonkarahisar,merkez,dervis_pasa,2,1,95,31,3,8500
3974,afyonkarahisar,merkez,esrefpasa,2,1,100,21,1,6500
3975,afyonkarahisar,merkez,ali_ihsan_pasa,1,1,90,16,1,7000
3977,afyonkarahisar,bolvadin,imaret,2,1,76,15,1,4250
3978,afyonkarahisar,merkez,cumhuriyet,3,1,125,22,3,8500
3979,afyonkarahisar,merkez,marulcu,1,1,48,10,3,8500
3980,afyonkarahisar,merkez,esrefpasa,3,1,100,30,5,4500
3981,afyonkarahisar,merkez,karsiyaka,1,1,55,7,5,5500
3982,afyonkarahisar,suhut,haci_musa,3,1,120,2,2,8000
3983,afyonkarahisar,merkez,cumhuriyet,2,1,100,17,1,7500
3984,afyonkarahisar,merkez,dumlupinar,1,1,55,25,0,5000
3985,afyonkarahisar,merkez,dumlupinar,3,1,140,13,4,10000
3986,afyonkarahisar,merkez,yunus_emre,1,1,50,7,3,7500
3987,afyonkarahisar,merkez,karsiyaka,2,1,90,1,1,10000
3988,afyonkarahisar,merkez,marulcu,2,1,90,20,3,10000
3989,afyonkarahisar,merkez,dumlupinar,3,1,135,25,4,8000
3991,afyonkarahisar,merkez,kocatepe,3,1,120,9,3,12500
3992,afyonkarahisar,merkez,erenler,2,1,65,4,4,5250
3993,afyonkarahisar,merkez,cumhuriyet,3,1,120,25,5,10000
3994,afyonkarahisar,merkez,esentepe,3,1,120,9,1,12000
3996,afyonkarahisar,merkez,sahipata,2,1,95,15,5,8500
3997,afyonkarahisar,merkez,erenler,1,1,55,4,3,6750
3998,afyonkarahisar,merkez,maresal_fevzi_cakmak,3,1,120,20,2,7750
3999,afyonkarahisar,merkez,kanlica,2,1,90,6,3,10000
4000,afyonkarahisar,merkez,veysel_karani,2,1,90,20,0,3500
4001,afyonkarahisar,merkez,maresal_fevzi_cakmak,4,1,145,10,1,10000
4002,afyonkarahisar,merkez,erenler,1,1,45,5,5,5000
4003,afyonkarahisar,merkez,esrefpasa,3,1,110,15,0,4500
4004,afyonkarahisar,merkez,dumlupinar,1,1,60,18,3,10000
4005,afyonkarahisar,merkez,erenler,2,1,70,5,2,6600
4006,afyonkarahisar,merkez,nazmi_saatci,4,1,135,15,3,9000
4008,afyonkarahisar,merkez,cumhuriyet,1,1,60,0,2,12000
4009,afyonkarahisar,merkez,nazmi_saatci,3,1,115,6,1,8000
4010,afyonkarahisar,merkez,dumlupinar,2,1,90,20,1,10000
4012,afyonkarahisar,merkez,erenler,1,1,53,5,-1,6500
4013,afyonkarahisar,merkez,ali_ihsan_pasa,4,1,155,10,3,13000
4014,afyonkarahisar,merkez,selcuklu,2,1,80,0,3,12500
4015,afyonkarahisar,merkez,cumhuriyet,3,1,150,30,1,10000
4017,afyonkarahisar,merkez,dumlupinar,3,1,148,25,3,9000
4018,afyonkarahisar,merkez,erenler,2,1,60,3,4,5500
4020,afyonkarahisar,merkez,erenler,1,1,45,5,2,5000
4021,afyonkarahisar,merkez,esrefpasa,2,1,100,25,1,6500
4025,afyonkarahisar,merkez,erenler,1,1,55,4,2,5250
4027,afyonkarahisar,merkez,istiklal,3,1,145,17,3,10000
4028,afyonkarahisar,merkez,selcuklu,3,1,130,18,3,9500
4029,afyonkarahisar,merkez,dervis_pasa,3,1,120,18,1,8000
4030,afyonkarahisar,merkez,zafer,3,1,125,20,5,13000
4031,afyonkarahisar,merkez,erenler,2,1,78,4,4,6000
4032,afyonkarahisar,merkez,esrefpasa,3,1,125,16,2,8000
4033,afyonkarahisar,merkez,cumhuriyet,3,1,125,25,5,6000
4034,afyonkarahisar,merkez,dervis_pasa,2,1,80,0,3,10000
4035,afyonkarahisar,merkez,marulcu,2,1,120,35,1,5000
4036,afyonkarahisar,bolvadin,sazi,3,1,151,20,1,7500
4040,afyonkarahisar,merkez,erenler,1,1,50,5,1,4000
4042,aydin,incirliova,istiklal,3,1,138,15,2,8500
4043,aydin,kusadasi,guzelcamli,2,1,70,1,1,13000
4044,aydin,nazilli,isabeyli,2,1,90,10,3,7500
4045,aydin,nazilli,isabeyli,1,1,60,4,1,6750
4046,aydin,efeler,zafer,1,1,45,7,2,8000
4047,aydin,didim,akbuk,3,1,130,10,5,20000
4048,aydin,soke,yenikent,3,1,120,30,3,15000
4049,aydin,kusadasi,ikicesmelik,2,1,170,10,4,17500
4050,aydin,efeler,efeler,3,1,160,25,2,10000
4051,aydin,cine,yeni,1,1,45,0,5,10000
4052,aydin,didim,efeler,3,1,95,10,2,20000
4053,aydin,efeler,zeybek,3,1,140,29,2,7750
4055,aydin,efeler,guzelhisar,3,1,140,16,6,15000
4058,aydin,efeler,efeler,2,1,110,10,5,12500
4060,aydin,kusadasi,ege,3,1,110,10,3,20000
4061,aydin,didim,mavisehir,2,1,77,8,3,16000
4063,aydin,nazilli,isabeyli,1,1,55,6,2,7500
4064,aydin,efeler,adnan_menderes,2,1,140,5,2,16000
4065,aydin,soke,konak,3,1,90,31,2,10000
4066,aydin,efeler,fatih,4,1,220,16,1,28000
4067,aydin,efeler,guzelhisar,2,1,100,25,5,13000
4068,aydin,efeler,cuma,1,1,55,9,4,12000
4069,aydin,efeler,mimar_sinan,3,1,130,22,4,11000
4070,aydin,efeler,girne,2,1,117,35,2,10000
4071,aydin,kusadasi,davutlar,4,1,140,30,2,35000
4073,aydin,kusadasi,karaova,1,1,65,4,0,15000
4074,aydin,didim,camlik,2,1,90,12,3,18500
4075,aydin,kusadasi,karaova,1,1,65,4,0,35000
4076,aydin,soke,yenikent,1,1,55,4,3,10000
4077,aydin,efeler,ovaeymir,3,1,166,4,4,23000
4078,aydin,efeler,girne,2,1,65,1,3,15000
4079,aydin,efeler,efeler,3,1,140,16,3,12000
4080,aydin,efeler,zafer,1,1,60,2,3,9500
4081,aydin,efeler,hasanefendi_ramazan_pasa,1,1,55,5,2,9000
4082,aydin,didim,akbuk,2,1,95,10,0,23000
4083,aydin,soke,yenikent,1,1,55,6,3,10500
4084,aydin,efeler,orta,3,1,125,30,5,7000
4087,aydin,didim,hisar,3,1,95,17,2,14500
4088,aydin,efeler,cumhuriyet,3,1,180,20,5,17500
4089,aydin,efeler,adnan_menderes,2,1,110,13,4,18000
4090,aydin,didim,akbuk,2,1,80,5,0,16500
4093,aydin,didim,camlik,4,1,190,8,3,3000
4094,aydin,efeler,hasanefendi_ramazan_pasa,2,1,100,0,2,17000
4096,aydin,kusadasi,kadinlar_denizi,2,1,85,31,5,25000
4098,aydin,efeler,koprulu_veysipasa,3,1,115,20,3,11500
4099,aydin,efeler,orta,1,1,55,5,4,7000
4101,aydin,efeler,efeler,3,1,130,14,2,10000
4103,aydin,kusadasi,degirmendere,1,1,65,6,1,13000
4104,aydin,efeler,zafer,1,1,70,0,-1,8000
4105,aydin,nazilli,sumer,1,1,55,7,3,6000
4106,aydin,efeler,adnan_menderes,1,1,55,6,1,13500
4107,aydin,efeler,cuma,1,1,70,0,3,15000
4108,aydin,didim,altinkum,2,1,90,13,2,16000
4110,aydin,nazilli,zafer,3,1,170,30,5,15000
4112,aydin,kusadasi,turkmen,3,1,148,29,1,21000
4113,aydin,efeler,koprulu_veysipasa,3,1,120,21,4,13500
4114,aydin,efeler,ata,3,1,180,0,1,22500
4115,aydin,kusadasi,kadinlar_denizi,4,1,200,26,0,20000
4116,aydin,efeler,ata,2,1,130,2,1,14750
4117,aydin,kusadasi,davutlar,2,1,125,5,4,15000
4118,aydin,efeler,efeler,3,1,140,29,2,7750
4119,aydin,efeler,girne,3,1,115,20,1,13750
4120,aydin,kusadasi,turkmen,4,1,170,28,3,33000
4122,aydin,kusadasi,davutlar,3,1,160,5,1,15000
4123,aydin,efeler,cuma,1,1,60,3,2,12500
4124,aydin,kusadasi,davutlar,3,1,130,6,5,15000
4126,aydin,kusadasi,cumhuriyet,2,1,130,10,5,25000
4127,aydin,efeler,kurtulus,3,1,119,6,2,15000
4128,aydin,efeler,orta,2,1,100,5,2,12500
4129,aydin,kusadasi,degirmendere,2,1,90,7,5,15000
4130,aydin,kusadasi,davutlar,3,1,150,2,0,45000
4131,aydin,efeler,zafer,1,1,45,7,4,9000
4132,aydin,efeler,cuma,1,1,55,5,2,9000
4133,aydin,efeler,ata,3,1,170,0,4,23500
4134,aydin,efeler,kurtulus,2,1,67,5,2,13500
4135,aydin,efeler,cumhuriyet,3,1,120,28,5,9000
4136,aydin,efeler,zeytinkoy,2,1,120,5,0,10000
4137,aydin,efeler,fatih,3,1,150,0,0,16500
4138,aydin,didim,altinkum,3,1,135,20,2,40000
4139,aydin,kusadasi,sogucak,3,1,200,7,2,23000
4140,aydin,efeler,orta,2,1,85,5,2,13500
4142,aydin,kusadasi,turkmen,2,1,100,18,3,16000
4143,aydin,kusadasi,turkmen,3,1,135,25,2,25000
4144,aydin,efeler,cumhuriyet,2,1,115,30,3,12000
4145,aydin,kusadasi,kadinlar_denizi,3,1,165,11,0,20000
4146,aydin,nazilli,sumer,1,1,55,5,5,7000
4147,aydin,didim,efeler,2,1,100,10,3,3400
4149,aydin,efeler,zeybek,3,1,190,5,1,27000
4150,aydin,kusadasi,ikicesmelik,2,1,100,9,0,17000
4151,aydin,efeler,cumhuriyet,3,1,130,17,3,17000
4152,aydin,soke,yenicamii,1,1,60,7,6,10000
4153,aydin,kusadasi,ege,3,1,120,13,3,20000
4154,aydin,didim,cumhuriyet,1,1,55,10,3,10000
4155,aydin,germencik,istasyon,3,1,130,1,3,12500
4156,aydin,kusadasi,degirmendere,1,1,75,1,1,15000
4157,aydin,kusadasi,davutlar,1,1,70,5,3,13000
4158,aydin,efeler,orta,2,1,65,5,1,8500
4159,aydin,efeler,kurtulus,3,1,130,16,4,14000
4160,aydin,kusadasi,ege,2,1,85,1,2,25000
4161,aydin,germencik,camikebir,2,1,90,0,3,12000
4162,aydin,efeler,kemer,2,1,90,3,1,12500
4163,aydin,kusadasi,davutlar,2,1,85,0,5,16000
4164,aydin,nazilli,isabeyli,1,1,65,5,2,6000
4165,aydin,kusadasi,kadinlar_denizi,2,1,130,8,2,30000
4166,aydin,kusadasi,degirmendere,1,1,55,1,0,13500
4168,aydin,efeler,cumhuriyet,3,1,150,15,4,17500
4169,aydin,kusadasi,ikicesmelik,1,1,65,3,3,16500
4170,aydin,efeler,zeybek,4,1,195,2,3,28000
4171,aydin,kusadasi,hacifeyzullah,2,1,90,15,4,14300
4172,aydin,didim,akbuk,2,1,70,2,5,25000
4173,aydin,kusadasi,hacifeyzullah,3,1,180,20,2,30000
4174,aydin,efeler,hasanefendi_ramazan_pasa,2,1,100,0,2,17000
4175,aydin,kusadasi,kadinlar_denizi,2,1,95,3,3,30000
4176,aydin,kusadasi,karaova,2,1,95,15,0,30000
4177,aydin,kusadasi,sogucak,4,1,210,10,2,21000
4178,aydin,efeler,adnan_menderes,3,1,175,11,3,21000
4179,aydin,kusadasi,davutlar,3,1,70,6,2,35000
4180,aydin,kusadasi,ikicesmelik,2,1,100,6,-1,17000
4181,aydin,efeler,girne,2,1,90,6,3,15000
4182,aydin,soke,yenikent,1,1,60,7,2,13500
4183,aydin,kusadasi,ikicesmelik,3,1,150,0,5,33000
4184,aydin,kusadasi,sogucak,2,1,65,15,0,13000
4185,aydin,kusadasi,turkmen,3,1,160,16,5,30000
4186,aydin,nazilli,sumer,2,1,90,1,3,6500
4187,aydin,kusadasi,karaova,3,1,145,16,0,25000
4188,aydin,efeler,mesrutiyet,3,1,152,10,1,20000
4189,aydin,kusadasi,turkmen,3,1,160,11,3,21000
4190,aydin,kusadasi,degirmendere,2,1,100,15,3,11500
4191,aydin,didim,altinkum,2,1,115,16,4,25000
4192,aydin,efeler,kurtulus,2,1,110,18,2,12500
4193,aydin,kusadasi,kadikalesi,3,1,200,15,2,20000
4194,aydin,efeler,girne,2,1,95,9,1,15000
4195,aydin,kusadasi,davutlar,2,1,125,5,4,15000
4196,aydin,efeler,guzelhisar,3,1,130,16,5,21500
4198,aydin,kusadasi,ege,2,1,85,1,2,20000
4199,aydin,efeler,girne,2,1,90,1,3,14000
4200,aydin,kusadasi,degirmendere,1,1,60,3,0,12000
4201,aydin,kusadasi,ege,2,1,110,0,2,20000
4202,aydin,kusadasi,guzelcamli,2,1,95,16,1,12000
4203,aydin,kusadasi,sogucak,3,1,160,20,2,25000
4204,aydin,efeler,guzelhisar,2,1,100,20,5,14000
4205,aydin,kusadasi,karaova,3,1,140,20,2,4000
4206,aydin,efeler,orta,1,1,58,5,3,13000
4207,aydin,nazilli,isabeyli,3,1,150,17,1,14000
4208,aydin,nazilli,altintas,3,1,150,20,4,20000
4209,aydin,efeler,hasanefendi_ramazan_pasa,3,1,140,25,3,13000
4210,aydin,kusadasi,turkmen,2,1,85,25,0,30000
4211,aydin,efeler,fatih,2,1,65,5,3,10000
4213,aydin,kusadasi,kadinlar_denizi,2,1,120,20,2,60000
4215,aydin,efeler,kurtulus,3,1,140,25,3,10000
4216,aydin,kusadasi,ikicesmelik,2,1,85,4,3,16000
4217,aydin,nazilli,isabeyli,3,1,130,10,2,12000
4218,aydin,kusadasi,ege,2,1,85,0,0,17000
4219,aydin,kusadasi,turkmen,3,1,170,12,5,30000
4220,aydin,kusadasi,ikicesmelik,3,1,125,18,0,15000
4222,aydin,kusadasi,kadinlar_denizi,1,1,55,8,0,15000
4223,aydin,efeler,mimar_sinan,3,1,170,14,1,27000
4224,aydin,kusadasi,turkmen,3,1,140,21,4,17000
4225,aydin,didim,cumhuriyet,2,1,85,2,3,15000
4227,aydin,nazilli,dumlupinar,2,1,100,6,3,10000
4228,aydin,efeler,zafer,3,1,105,24,3,8000
4229,aydin,kusadasi,davutlar,2,1,125,5,4,15000
4230,aydin,didim,camlik,3,1,135,18,5,25000
4231,aydin,efeler,orta,1,1,50,7,1,8000
4232,aydin,kusadasi,turkmen,3,1,170,12,2,50000
4233,aydin,efeler,adnan_menderes,2,1,75,5,3,12000
4234,aydin,kusadasi,hacifeyzullah,4,1,150,20,2,17000
4235,aydin,kusadasi,ikicesmelik,2,1,90,1,4,20000
4238,aydin,efeler,zafer,3,1,135,25,3,8700
4240,aydin,efeler,yedi_eylul,3,1,140,25,4,10000
4241,aydin,didim,fevzipasa,4,1,180,15,2,35000
4242,aydin,nazilli,kurtulus,3,1,130,22,6,10000
4243,aydin,didim,mavisehir,3,1,160,0,0,20000
4244,aydin,soke,yenikent,1,1,55,6,1,12000
4246,aydin,efeler,zafer,3,1,130,35,4,30000
4247,aydin,buharkent,uceylul,2,1,55,4,3,7000
4248,aydin,soke,kemalpasa,4,1,110,15,3,10000
4249,aydin,efeler,zafer,3,1,155,10,3,13500
4250,aydin,efeler,guzelhisar,3,1,125,30,4,9000
4251,aydin,efeler,orta,1,1,55,5,3,8500
4253,aydin,nazilli,yeni,4,1,150,5,5,15000
4255,aydin,efeler,guzelhisar,3,1,110,10,4,15000
4256,aydin,kusadasi,degirmendere,2,1,105,0,2,20500
4262,aydin,efeler,ata,3,1,140,25,2,13500
4263,aydin,nazilli,zafer,3,1,155,10,2,22000
4264,aydin,nazilli,isabeyli,1,1,50,2,1,6500
4265,aydin,efeler,guzelhisar,1,1,55,6,2,10000
4266,aydin,kusadasi,ikicesmelik,3,1,125,0,2,20000
4267,aydin,kusadasi,ikicesmelik,2,1,90,18,2,15000
4268,aydin,kusadasi,davutlar,2,1,150,2,4,15000
4269,aydin,didim,efeler,3,1,120,5,2,25000
4272,aydin,nazilli,yesil,3,1,150,0,5,13000
4273,aydin,efeler,orta,2,1,80,7,3,13000
4274,aydin,kusadasi,degirmendere,2,1,75,3,3,30000
4275,aydin,nazilli,cumhuriyet,3,1,135,26,3,7000
4276,aydin,didim,akbuk,2,1,90,15,0,15000
4277,aydin,efeler,kurtulus,4,1,168,32,1,15000
4278,aydin,efeler,ata,3,1,176,0,3,25000
4280,aydin,efeler,mesrutiyet,3,1,160,22,2,9000
4282,aydin,nazilli,cumhuriyet,2,1,130,15,1,16000
4283,aydin,didim,hisar,4,1,150,5,2,18000
4284,aydin,efeler,orta,2,1,95,5,3,12500
4286,aydin,didim,akbuk,3,1,150,15,2,25000
4289,aydin,efeler,zafer,1,1,70,0,3,12500
4290,aydin,kusadasi,degirmendere,3,1,145,0,2,20000
4291,aydin,kusadasi,guzelcamli,3,1,155,5,1,27000
4292,aydin,efeler,efeler,3,1,130,20,5,17000
4294,aydin,cine,hamitabat,2,1,120,30,2,10000
4295,aydin,kusadasi,turkmen,1,1,55,15,2,15000
4296,aydin,kusadasi,turkmen,1,1,70,7,1,16500
4297,aydin,nazilli,aydogdu,3,1,120,30,5,7000
4298,aydin,efeler,kurtulus,3,1,145,27,1,16000
4299,aydin,nazilli,yesil,3,1,150,0,2,27000
4300,aydin,germencik,ortaklar,2,1,110,30,1,12000
4301,aydin,kusadasi,bayraklidede,3,1,120,20,2,25000
4303,aydin,kusadasi,degirmendere,2,1,100,4,3,20000
4305,aydin,efeler,hasanefendi_ramazan_pasa,1,1,65,6,3,9500
4306,aydin,nazilli,isabeyli,1,1,60,5,0,6000
4307,aydin,efeler,kurtulus,3,1,140,26,4,14000
4308,aydin,kusadasi,davutlar,3,1,160,6,1,15000
4309,aydin,efeler,cumhuriyet,3,1,130,30,3,10000
4310,aydin,nazilli,yeni,3,1,135,20,2,12000
4311,aydin,nazilli,yeni,3,1,135,10,2,13000
4312,aydin,kusadasi,yavansu,4,1,160,21,1,55000
4314,aydin,nazilli,zafer,2,1,110,25,0,7000
4316,aydin,kusadasi,kadinlar_denizi,2,1,95,2,2,30000
4317,aydin,efeler,ata,3,1,120,20,5,10000
4318,aydin,nazilli,zafer,3,1,140,15,2,15000
4319,aydin,efeler,orta,2,1,120,30,3,15000
4321,aydin,efeler,kurtulus,2,1,100,25,3,13000
4322,aydin,kusadasi,turkmen,3,1,150,16,0,21500
4323,aydin,efeler,kurtulus,2,1,100,25,5,8500
4325,aydin,soke,kemalpasa,3,1,135,0,2,21000
4327,aydin,kusadasi,turkmen,2,1,95,5,2,22000
4328,aydin,efeler,kurtulus,2,1,110,5,1,10000
4329,aydin,nazilli,sirinevler,2,1,115,26,1,13000
4330,aydin,efeler,kurtulus,3,1,150,21,6,13000
4331,aydin,efeler,efeler,3,1,135,30,1,13000
4332,aydin,cine,hamitabat,2,1,110,37,2,9000
4333,aydin,didim,akbuk,1,1,70,5,0,9000
4334,aydin,efeler,mimar_sinan,2,1,100,0,5,15500
4335,aydin,nazilli,yesil,3,1,130,30,3,10000
4336,aydin,soke,cumhuriyet,2,1,135,25,1,13000
4338,aydin,kusadasi,turkmen,1,1,60,5,1,20000
4339,aydin,efeler,efeler,3,1,147,25,4,14000
4340,aydin,didim,camlik,3,1,130,20,2,21000
4341,aydin,nazilli,altintas,4,1,175,20,3,18000
4342,aydin,efeler,mimar_sinan,2,1,100,0,3,15500
4344,aydin,nazilli,cumhuriyet,3,1,130,30,3,12000
4345,aydin,kusadasi,ikicesmelik,2,1,105,10,0,15000
4346,aydin,efeler,guzelhisar,2,1,85,8,1,15000
4347,aydin,cine,hamitabat,2,1,110,37,1,9000
4350,aydin,kusadasi,davutlar,3,1,120,0,0,32000
4351,aydin,kusadasi,turkmen,2,1,110,5,3,26000
4352,aydin,efeler,orta,4,1,115,1,3,12500
4353,aydin,kusadasi,ege,3,1,160,12,2,30000
4354,aydin,kusadasi,sogucak,3,1,170,15,2,40000
4357,aydin,kusadasi,davutlar,3,1,240,10,2,30000
4358,aydin,kusadasi,ikicesmelik,1,1,60,0,2,17500
4361,aydin,kusadasi,ege,4,1,240,7,3,50000
4362,aydin,efeler,kurtulus,3,1,140,30,2,14500
4363,aydin,efeler,guzelhisar,3,1,185,5,4,25000
4365,aydin,nazilli,yeni,3,1,130,25,3,10000
4366,aydin,kusadasi,davutlar,2,1,85,0,3,13500
4367,aydin,efeler,zafer,1,1,65,16,3,11000
4368,aydin,kusadasi,kadinlar_denizi,3,1,110,20,3,16000
4369,aydin,efeler,ata,3,1,170,0,1,22500
4371,aydin,didim,camlik,2,1,140,10,3,4000
4372,aydin,germencik,yedieylul,2,1,89,20,2,7000
4373,aydin,nazilli,isabeyli,1,1,55,6,2,6750
4374,aydin,kusadasi,kadinlar_denizi,4,1,160,28,2,30000
4376,aydin,kusadasi,ege,3,1,165,16,3,25000
4377,aydin,efeler,mimar_sinan,3,1,220,8,3,27500
4378,aydin,kusadasi,turkmen,3,1,130,15,0,28000
4379,aydin,kusadasi,kadinlar_denizi,3,1,182,0,3,40000
4381,aydin,soke,yamac,3,1,120,0,2,25000
4382,aydin,kusadasi,turkmen,1,1,65,5,2,15500
4383,aydin,cine,sevketiye,2,1,80,7,3,8000
4384,aydin,kusadasi,guzelcamli,2,1,100,10,2,15000
4385,aydin,cine,yeni,2,1,75,20,5,10000
4387,aydin,nazilli,isabeyli,1,1,60,5,2,7000
4388,aydin,efeler,guzelhisar,3,1,130,30,3,16000
4389,aydin,efeler,orta,2,1,85,9,3,13500
4390,aydin,efeler,cumhuriyet,2,1,85,0,3,15500
4391,aydin,efeler,ata,1,1,50,0,1,13000
4392,aydin,didim,akbuk,2,1,180,25,0,15000
4393,aydin,germencik,yedieylul,1,1,60,0,1,7000
4394,aydin,kusadasi,kadinlar_denizi,3,1,170,21,0,20000
4395,aydin,kusadasi,davutlar,3,1,180,20,2,20000
4396,aydin,kusadasi,sogucak,3,1,125,15,2,20000
4397,aydin,nazilli,zafer,3,1,135,11,3,9000
4398,aydin,nazilli,yesil,3,1,130,0,0,15000
4399,aydin,efeler,ata,3,1,180,0,5,20000
4400,aydin,efeler,zafer,3,1,175,30,2,13500
4401,aydin,efeler,girne,2,1,100,25,1,12000
4402,aydin,didim,akbuk,2,1,95,11,2,15000
4403,aydin,kusadasi,ikicesmelik,2,1,90,4,1,15000
4404,aydin,nazilli,yeni,3,1,110,30,1,7000
4405,aydin,kusadasi,karaova,3,1,150,16,1,50000
4406,aydin,cine,sevketiye,1,1,55,7,0,7500
4407,aydin,efeler,zafer,3,1,130,30,3,8000
4408,aydin,efeler,mimar_sinan,3,1,130,18,2,20000
4409,aydin,germencik,yedieylul,3,1,145,0,0,14000
4410,aydin,efeler,kurtulus,3,1,200,20,3,15500
4411,aydin,kusadasi,degirmendere,1,1,55,2,0,13500
4412,aydin,nazilli,isabeyli,1,1,55,6,3,6500
4413,aydin,efeler,hasanefendi_ramazan_pasa,3,1,155,30,5,15000
4414,aydin,efeler,adnan_menderes,2,1,95,1,2,15000
4415,aydin,kusadasi,degirmendere,1,1,70,8,0,18000
4416,aydin,nazilli,zafer,3,1,140,20,2,11000
4417,aydin,kusadasi,davutlar,2,1,90,10,1,17500
4418,aydin,didim,mavisehir,2,1,120,10,0,3000
4419,aydin,kusadasi,degirmendere,2,1,110,0,0,20000
4420,aydin,kusadasi,degirmendere,1,1,85,5,3,15000
4422,aydin,nazilli,isabeyli,1,1,55,2,3,5000
4424,aydin,didim,efeler,2,1,120,15,5,25000
4425,aydin,didim,altinkum,2,1,65,1,1,25000
4427,aydin,kusadasi,davutlar,3,1,135,3,5,15000
4429,aydin,efeler,yedi_eylul,3,1,140,26,3,15000
4430,aydin,kusadasi,yavansu,1,1,90,10,0,12000
4431,aydin,didim,yeni,2,1,85,10,1,16000
4434,aydin,efeler,zafer,1,1,45,4,1,11000
4435,aydin,nazilli,altintas,3,1,150,30,1,12000
4436,aydin,soke,konak,3,1,130,21,4,16000
4437,aydin,didim,altinkum,4,1,155,26,1,30000
4439,aydin,kusadasi,davutlar,3,1,145,3,2,40000
4440,aydin,efeler,mesrutiyet,3,1,150,40,6,10000
4441,aydin,efeler,zeybek,3,1,190,4,1,28000
4443,aydin,kusadasi,degirmendere,2,1,130,5,0,20000
4444,aydin,kusadasi,karaova,2,1,85,2,2,20000
4445,aydin,didim,yeni,2,1,65,15,5,10000
4446,aydin,efeler,kemer,3,1,165,5,3,25000
4447,aydin,efeler,guzelhisar,3,1,135,25,1,8500
4448,aydin,efeler,hasanefendi_ramazan_pasa,1,1,50,10,5,10000
4449,aydin,efeler,koprulu_veysipasa,1,1,45,7,1,10000
4451,aydin,kusadasi,sogucak,4,1,180,16,0,60000
4452,aydin,efeler,zafer,1,1,55,10,5,12000
4453,aydin,efeler,zafer,3,1,165,21,1,13500
4454,aydin,efeler,ata,2,1,80,0,2,15000
4455,aydin,kusadasi,cumhuriyet,2,1,110,5,2,18000
4456,aydin,efeler,mesrutiyet,2,1,75,4,2,9000
4457,aydin,kusadasi,karaova,4,1,103,16,1,25000
4458,aydin,soke,konak,3,1,187,31,4,25000
4459,aydin,kusadasi,ikicesmelik,2,1,90,18,2,15000
4461,aydin,cine,hamitabat,3,1,175,10,3,13000
4462,aydin,kusadasi,guzelcamli,2,1,90,5,0,13000
4463,aydin,didim,camlik,4,1,180,15,0,20000
4464,aydin,didim,efeler,3,1,185,7,5,15000
4465,aydin,kusadasi,davutlar,3,1,150,5,2,4500
4466,aydin,kusadasi,kadinlar_denizi,1,1,85,10,2,20000
4467,aydin,nazilli,yesil,3,1,150,15,2,13000
4468,aydin,didim,hisar,2,1,90,10,1,15000
4469,aydin,efeler,girne,3,1,180,19,2,15000
4471,aydin,efeler,efeler,3,1,230,21,0,18000
4472,aydin,efeler,ata,3,1,176,0,3,25000
4473,aydin,cine,hamitabat,2,1,110,25,5,8000
4474,aydin,didim,camlik,1,1,60,16,1,18000
4475,aydin,efeler,cuma,1,1,50,20,1,10000
4476,aydin,kusadasi,davutlar,3,1,120,3,0,15000
4477,aydin,efeler,koprulu_veysipasa,1,1,75,25,3,8000
4478,aydin,kusadasi,ikicesmelik,2,1,85,3,2,13000
4479,aydin,kusadasi,degirmendere,2,1,100,21,2,15000
4480,aydin,efeler,orta,2,1,85,8,1,14000
4481,aydin,kusadasi,davutlar,3,1,110,0,5,15000
4482,aydin,cine,hamitabat,3,1,165,8,5,16000
4483,aydin,kusadasi,karaova,1,1,65,5,0,25000
4484,aydin,soke,yenikent,2,1,85,5,4,13000
4485,aydin,efeler,guzelhisar,1,1,50,10,5,10000
4486,aydin,efeler,zafer,1,1,50,8,5,10000
4487,aydin,efeler,ata,2,1,130,0,3,15000
4489,aydin,nazilli,yesil,3,1,130,8,3,14000
4490,aydin,kusadasi,davutlar,2,1,155,2,4,15000
4491,aydin,kusadasi,turkmen,3,1,120,16,0,30000
4492,aydin,nazilli,yesil,3,1,145,3,5,15000
4493,aydin,didim,efeler,3,1,100,15,2,10000
4494,aydin,didim,altinkum,2,1,100,15,3,15000
4495,aydin,nazilli,yeni,2,1,110,25,1,9000
4496,aydin,soke,fevzipasa,2,1,90,7,3,15000
4497,aydin,kusadasi,karaova,3,1,135,11,1,50000
4498,aydin,efeler,mimar_sinan,3,1,170,12,6,16000
4499,aydin,kusadasi,davutlar,2,1,100,2,3,12000
4500,aydin,nazilli,zafer,3,1,160,1,3,18000
4501,aydin,efeler,hasanefendi_ramazan_pasa,2,1,85,6,5,16000
4502,aydin,didim,akbuk,4,1,120,8,0,20000
4504,aydin,didim,akbuk,1,1,70,18,0,9000
4505,aydin,kusadasi,guzelcamli,3,1,120,10,4,15000
4507,aydin,efeler,zeybek,3,1,160,0,1,28000
4508,aydin,cine,sevketiye,3,1,130,15,1,10000
4509,aydin,kusadasi,guzelcamli,2,1,90,5,3,15000
4510,aydin,efeler,kurtulus,2,1,90,5,1,15000
4511,aydin,kusadasi,turkmen,1,1,95,40,1,30000
4512,aydin,efeler,hasanefendi_ramazan_pasa,3,1,150,20,3,18000
4513,aydin,didim,yeni,2,1,85,10,1,20000
4514,aydin,efeler,efeler,3,1,200,25,4,15000
4516,aydin,efeler,efeler,3,1,135,30,0,11000
4517,aydin,kusadasi,davutlar,2,1,85,5,1,10000
4518,aydin,kusadasi,alacamescit,2,1,85,0,0,17000
4519,aydin,soke,kemalpasa,1,1,40,15,2,7500
4520,aydin,kusadasi,karaova,2,1,75,21,1,27000
4521,aydin,efeler,kurtulus,2,1,80,15,0,10000
4522,aydin,nazilli,altintas,2,1,110,30,2,7000
4523,aydin,efeler,adnan_menderes,4,1,220,11,2,16000
4524,aydin,kusadasi,ege,3,1,105,7,5,42000
4525,aydin,kusadasi,davutlar,3,1,160,1,2,35000
4527,aydin,kusadasi,kadinlar_denizi,4,1,240,12,4,25000
4528,aydin,kusadasi,degirmendere,2,1,110,1,1,20000
4529,aydin,kusadasi,kadinlar_denizi,1,1,55,1,1,20000
4531,aydin,kusadasi,degirmendere,2,1,71,0,0,14000
4534,aydin,kusadasi,sogucak,3,1,160,3,2,35000
4535,aydin,kusadasi,caferli,1,1,65,11,0,20000
4539,aydin,didim,yeni,2,1,75,3,3,14999
4541,aydin,kusadasi,guzelcamli,2,1,90,10,4,15000
4542,aydin,efeler,mesudiye,3,1,140,30,0,7500
4543,aydin,kusadasi,kadinlar_denizi,2,1,130,16,0,17000
4544,aydin,efeler,koprulu_veysipasa,3,1,135,25,4,12500
4545,aydin,efeler,adnan_menderes,3,1,160,1,3,27000
4547,aydin,kusadasi,turkmen,2,1,155,13,1,22500
4548,aydin,kusadasi,davutlar,2,1,90,1,5,14000
4549,aydin,efeler,zafer,3,1,135,5,3,12500
4550,aydin,soke,agacli,1,1,60,3,5,9000
4551,aydin,kusadasi,kadinlar_denizi,2,1,90,20,4,14300
4552,aydin,efeler,ata,3,1,120,16,3,10500
4553,aydin,kusadasi,ege,4,1,105,7,6,45000
4554,aydin,efeler,adnan_menderes,3,1,170,2,1,23000
4555,aydin,kusadasi,sogucak,4,1,180,20,2,30000
4556,aydin,efeler,yedi_eylul,3,1,145,30,5,13000
4558,aydin,efeler,cumhuriyet,2,1,125,28,1,7500
4559,aydin,kusadasi,degirmendere,2,1,110,5,3,20000
4560,aydin,kusadasi,kadinlar_denizi,1,1,55,1,2,20000
4561,aydin,kusadasi,degirmendere,2,1,100,5,3,16000
4562,aydin,didim,altinkum,2,1,65,1,1,25000
4563,aydin,efeler,mimar_sinan,3,1,145,12,5,15500
4564,aydin,efeler,mesudiye,2,1,130,20,2,12000
4565,aydin,efeler,adnan_menderes,3,1,135,20,2,14000
4566,aydin,kusadasi,davutlar,4,1,210,15,2,35000
4567,aydin,didim,altinkum,3,1,140,9,5,4000
4568,aydin,efeler,ata,1,1,50,0,2,13000
4569,aydin,efeler,ata,3,1,170,4,3,23000
4570,aydin,efeler,efeler,2,1,105,20,4,8500
4572,aydin,efeler,orta,1,1,50,5,-1,7500
4573,aydin,didim,camlik,2,1,80,10,1,20000
4574,aydin,efeler,efeler,2,1,120,11,2,18500
4575,aydin,kusadasi,ikicesmelik,3,1,135,4,2,20000
4576,aydin,kusadasi,ikicesmelik,2,1,85,6,3,17000
4578,aydin,efeler,imamkoy,2,1,95,0,2,8000
4579,aydin,efeler,mimar_sinan,2,1,125,25,3,15000
4582,aydin,kusadasi,davutlar,1,1,65,2,1,10000
4583,aydin,kusadasi,karaova,2,1,130,21,1,22000
4584,aydin,nazilli,yeni,1,1,60,0,0,10000
4585,aydin,soke,yenicamii,4,1,150,16,2,25000
4586,aydin,kusadasi,guzelcamli,3,1,110,9,2,28000
4587,aydin,kusadasi,kadinlar_denizi,1,1,65,2,2,20000
4588,aydin,nazilli,zafer,3,1,160,3,6,15000
4589,aydin,kusadasi,degirmendere,3,1,220,6,4,20000
4590,aydin,kusadasi,karaova,2,1,110,16,0,11111
4591,aydin,efeler,mimar_sinan,3,1,140,20,3,15000
4592,aydin,nazilli,isabeyli,1,1,60,4,2,5500
4593,aydin,didim,akbuk,2,1,100,5,2,10000
4594,aydin,efeler,orta,2,1,70,4,3,11500
4596,aydin,didim,altinkum,3,1,170,3,4,21000
4597,aydin,nazilli,zafer,3,1,170,12,2,12000
4598,aydin,kusadasi,degirmendere,2,1,205,2,2,20000
4599,aydin,efeler,efeler,3,1,210,0,4,25000
4600,aydin,cine,yeni,1,1,65,0,3,13000
4601,aydin,soke,yenicamii,2,1,140,7,5,15000
4602,aydin,kusadasi,ege,3,1,155,14,6,21750
4603,aydin,kusadasi,karaova,2,1,90,26,0,37500
4606,aydin,didim,akbuk,2,1,100,12,3,10000
4607,aydin,efeler,orta,1,1,50,7,4,13000
4608,aydin,kusadasi,davutlar,3,1,120,3,0,15000
4609,aydin,soke,yenikent,2,1,75,5,2,20000
4610,aydin,nazilli,isabeyli,2,1,85,2,3,10000
4611,aydin,efeler,cumhuriyet,3,1,175,25,3,20000
4612,aydin,efeler,zafer,1,1,55,7,-2,8000
4613,aydin,efeler,mimar_sinan,3,1,125,21,4,13000
4614,aydin,efeler,adnan_menderes,3,1,145,25,3,15000
4615,aydin,kusadasi,cumhuriyet,1,1,75,5,3,20000
4616,aydin,kusadasi,hacifeyzullah,3,1,110,7,0,15000
4617,aydin,kusadasi,guzelcamli,2,1,80,5,0,15000
4618,aydin,nazilli,turan,3,1,150,30,0,7500
4619,aydin,efeler,cumhuriyet,3,1,175,20,4,20000
4621,aydin,efeler,girne,4,1,220,0,3,23000
4622,aydin,efeler,adnan_menderes,3,1,135,25,5,12000
4623,aydin,kusadasi,davutlar,3,1,150,15,2,15000
4624,aydin,soke,kemalpasa,1,1,59,8,1,20000
4625,aydin,efeler,ata,3,1,160,0,4,22000
4626,aydin,efeler,zeybek,2,1,120,8,6,12500
4627,aydin,kusadasi,turkmen,2,1,95,10,1,23000
4628,aydin,efeler,zafer,1,1,45,15,1,12500
4629,aydin,incirliova,cumhuriyet,3,1,150,7,5,15000
4630,aydin,cine,sevketiye,3,1,155,15,1,13000
4631,aydin,didim,mavisehir,2,1,65,25,2,16500
4632,aydin,cine,yeni,1,1,150,8,5,8500
4634,aydin,efeler,adnan_menderes,3,1,135,30,0,12000
4635,aydin,nazilli,zafer,3,1,160,0,5,20000
4636,aydin,soke,kemalpasa,2,1,75,13,0,15000
4638,aydin,kusadasi,kadikalesi,3,1,150,7,2,30000
4639,aydin,incirliova,sandikli,2,1,90,1,1,12000
4640,aydin,soke,yenikent,1,1,60,10,1,9500
4641,aydin,efeler,cuma,2,1,125,4,0,13000
4643,aydin,efeler,orta,2,1,75,3,3,12500
4644,aydin,efeler,girne,2,1,70,0,4,15000
4645,aydin,cine,hamitabat,1,1,80,20,2,9500
4646,aydin,kusadasi,degirmendere,1,1,60,4,3,15000
4647,aydin,kusadasi,turkmen,1,1,58,4,3,20000
4649,aydin,efeler,orta,2,1,100,6,5,10500
4650,aydin,efeler,zeybek,3,1,180,0,4,35000
4651,aydin,didim,hisar,1,1,80,10,3,15000
4652,aydin,nazilli,isabeyli,3,1,150,10,1,13500
4653,aydin,kusadasi,sogucak,4,1,180,10,2,25000
4655,aydin,kusadasi,karaova,2,1,80,3,0,35000
4656,aydin,efeler,ata,2,1,125,0,3,13000
4657,aydin,kusadasi,degirmendere,2,1,100,0,4,20000
4658,aydin,kusadasi,karaova,2,1,115,3,0,25000
4659,aydin,efeler,hasanefendi_ramazan_pasa,1,1,55,25,3,8500
4660,aydin,efeler,fatih,3,1,200,5,1,20000
4661,aydin,kusadasi,degirmendere,1,1,55,0,2,20000
4662,aydin,kusadasi,karaova,3,1,235,3,2,45000
4663,aydin,didim,akbuk,2,1,80,3,3,15000
4665,aydin,kusadasi,karaova,1,1,65,4,0,8900
4666,aydin,efeler,zeybek,2,1,90,7,0,10000
4667,aydin,efeler,kurtulus,3,1,110,0,5,15000
4668,aydin,efeler,cuma,1,1,50,7,5,9000
4669,aydin,efeler,guzelhisar,3,1,70,5,1,11000
4670,aydin,kusadasi,degirmendere,1,1,65,4,2,14000
4672,aydin,efeler,cumhuriyet,1,1,65,0,0,12000
4673,aydin,kusadasi,davutlar,3,1,130,1,2,30000
4674,aydin,efeler,mesudiye,2,1,90,25,0,8000
4675,aydin,efeler,mimar_sinan,3,1,180,16,5,15000
4676,aydin,kusadasi,karaova,1,1,65,5,0,20000
4677,aydin,didim,akbuk,1,1,65,6,5,13000
4678,aydin,kusadasi,degirmendere,1,1,65,3,0,15000
4679,aydin,kusadasi,davutlar,1,1,55,0,0,8000
4680,aydin,efeler,orta,1,1,50,7,2,8000
4681,aydin,nazilli,yesil,3,1,178,10,1,18000
4683,aydin,efeler,adnan_menderes,4,1,220,15,1,17000
4685,aydin,kusadasi,hacifeyzullah,2,1,90,15,3,14000
4686,aydin,kusadasi,ikicesmelik,1,1,60,5,3,15000
4687,aydin,didim,yeni,3,1,175,12,2,16000
4688,aydin,kusadasi,camikebir,2,1,90,7,0,15000
4689,aydin,kusadasi,ege,3,1,160,7,3,22000
4690,aydin,kusadasi,turkmen,1,1,50,10,2,15000
4691,aydin,kusadasi,kadinlar_denizi,2,1,105,3,2,25000
4692,aydin,efeler,orta,1,1,55,0,2,17000
4693,aydin,efeler,guzelhisar,3,1,125,25,3,10000
4695,aydin,kusadasi,ege,2,1,110,0,2,18000
4696,aydin,soke,celtikci,2,1,90,12,2,15000
4697,aydin,efeler,koprulu_veysipasa,3,1,135,22,3,12000
4698,aydin,nazilli,karacay,3,1,130,15,1,12000
4699,aydin,efeler,zafer,3,1,120,30,2,9000
4700,aydin,kusadasi,davutlar,2,1,75,0,0,12000
4701,aydin,soke,celtikci,1,1,60,0,3,15000
4702,aydin,kusadasi,degirmendere,1,1,62,0,2,12000
4703,aydin,efeler,orta,1,1,60,8,4,7200
4704,aydin,kusadasi,turkmen,2,1,90,6,3,35000
4705,aydin,kusadasi,kadinlar_denizi,1,1,60,2,2,20000
4706,aydin,didim,akbuk,2,1,80,0,1,16000
4709,aydin,nazilli,yesil,3,1,140,1,3,15000
4710,aydin,kusadasi,yaylakoy,1,1,60,8,1,20000
4711,aydin,kusadasi,degirmendere,2,1,137,8,3,15000
4712,aydin,efeler,mesrutiyet,3,1,160,11,2,17000
4713,aydin,kusadasi,sogucak,4,1,165,0,2,25000
4714,aydin,efeler,hasanefendi_ramazan_pasa,2,1,120,30,2,8000
4715,aydin,kusadasi,yavansu,2,1,85,16,0,15000
4716,aydin,incirliova,hurriyet,2,1,140,0,3,10000
4717,aydin,kusadasi,ikicesmelik,1,1,60,3,3,15000
4718,aydin,efeler,guzelhisar,3,1,120,31,3,12000
4719,aydin,efeler,zafer,1,1,65,0,3,8000
4722,aydin,efeler,cumhuriyet,2,1,55,0,3,12000
4723,aydin,efeler,zafer,2,1,120,4,2,13000
4724,aydin,efeler,orta,1,1,60,7,3,12000
4725,aydin,kusadasi,sogucak,3,1,150,5,1,36000
4726,aydin,efeler,fatih,3,1,120,0,0,17000
4727,aydin,cine,hamitabat,1,1,60,0,2,7250
4728,aydin,kusadasi,degirmendere,2,1,90,4,0,15000
4729,aydin,nazilli,yesil,1,1,55,5,3,9000
4730,aydin,kusadasi,turkmen,3,1,175,20,2,25000
4731,aydin,kusadasi,ege,1,1,110,5,5,15000
4732,aydin,kusadasi,ege,3,1,120,10,2,18500
4733,aydin,nazilli,isabeyli,1,1,55,5,2,6500
4734,aydin,efeler,efeler,3,1,110,26,4,11500
4735,aydin,kusadasi,cumhuriyet,2,1,110,16,5,17500
4736,aydin,kusadasi,yavansu,3,1,110,16,0,22000
4737,aydin,germencik,ortaklar,3,1,140,2,2,15000
4738,aydin,kusadasi,davutlar,3,1,120,0,1,27000
4740,aydin,efeler,efeler,3,1,175,30,2,16000
4741,aydin,kusadasi,ikicesmelik,1,1,50,30,4,12000
4742,aydin,efeler,zafer,1,1,50,8,3,10000
4743,aydin,kusadasi,davutlar,2,1,80,25,4,28000
4744,aydin,efeler,girne,3,1,130,21,2,14000
4745,aydin,kusadasi,degirmendere,2,1,100,16,4,11000
4746,aydin,kusadasi,turkmen,1,1,50,10,3,20000
4747,aydin,kusadasi,ege,3,1,160,10,2,20000
4748,aydin,kusadasi,ikicesmelik,1,1,55,30,5,7000
4749,aydin,efeler,kurtulus,3,1,150,20,5,14000
4750,aydin,germencik,istasyon,3,1,150,4,4,10000
4752,aydin,kusadasi,ege,2,1,85,0,3,21000
4753,aydin,kusadasi,kadinlar_denizi,2,1,100,20,0,15000
4754,aydin,kusadasi,davutlar,2,1,88,0,3,14000
4755,aydin,didim,akbuk,3,1,150,25,2,25000
4756,aydin,efeler,orta,2,1,95,25,5,10500
4757,aydin,efeler,kurtulus,3,1,120,20,2,10000
4758,aydin,efeler,zafer,1,1,75,0,2,15000
4759,aydin,efeler,zafer,1,1,50,8,3,10000
4760,aydin,kusadasi,bayraklidede,3,1,100,20,2,15000
4761,aydin,efeler,orta,1,1,60,4,4,7500
4762,aydin,cine,hamitabat,1,1,60,0,2,9500
4763,aydin,kusadasi,degirmendere,2,1,100,5,0,20000
4765,aydin,efeler,zafer,1,1,62,25,3,10000
4766,aydin,kusadasi,yavansu,1,1,50,5,0,13000
4767,aydin,efeler,efeler,3,1,175,0,3,25000
4769,aydin,didim,akbuk,4,1,200,11,0,20000
4770,aydin,efeler,cuma,2,1,110,21,0,7500
4771,aydin,efeler,orta,1,1,55,8,3,11000
4772,aydin,efeler,orta,2,1,125,30,5,10000
4774,aydin,efeler,orta,1,1,55,8,2,8000
4775,aydin,efeler,efeler,3,1,130,25,5,15000
4776,aydin,efeler,cuma,1,1,70,5,4,10000
4777,aydin,kusadasi,degirmendere,3,1,150,11,2,22500
4781,aydin,efeler,orta,1,1,70,5,3,11900
4782,aydin,cine,karakollar,1,1,60,0,1,10000
4783,aydin,efeler,mesudiye,2,1,145,21,-2,11000
4784,aydin,efeler,zafer,1,1,55,8,1,11000
4785,aydin,buharkent,istiklal,1,1,50,0,4,9500
4786,aydin,kusadasi,davutlar,2,1,85,25,5,10000
4787,aydin,efeler,cumhuriyet,4,1,190,25,1,10000
4788,aydin,efeler,cuma,2,1,110,28,3,10000
4789,aydin,kusadasi,cumhuriyet,3,1,170,20,2,20000
4791,aydin,nazilli,isabeyli,2,1,75,5,5,6000
4792,aydin,kusadasi,kadinlar_denizi,2,1,110,3,2,20000
4794,aydin,kusadasi,ikicesmelik,1,1,85,10,5,18000
4795,aydin,didim,efeler,1,1,60,5,3,9000
4796,aydin,efeler,efeler,3,1,190,0,6,25000
4797,aydin,nazilli,yesil,2,1,140,4,1,15000
4799,aydin,kusadasi,karaova,4,1,130,20,0,32000
4801,aydin,didim,altinkum,2,1,75,30,0,15000
4802,aydin,efeler,adnan_menderes,3,1,160,11,3,15000
4803,aydin,efeler,kurtulus,3,1,130,35,5,8000
4804,aydin,kusadasi,degirmendere,1,1,65,4,4,9000
4805,aydin,efeler,orta,1,1,55,8,5,11000
4806,aydin,didim,mersindere,2,1,85,13,1,14500
4807,aydin,kusadasi,camiatik,2,1,84,3,2,20000
4808,aydin,efeler,zafer,1,1,60,0,3,10000
4809,aydin,didim,camlik,2,1,60,20,1,10000
4810,aydin,kusadasi,davutlar,4,1,200,21,0,17000
4811,aydin,efeler,cumhuriyet,2,1,60,0,0,12000
4813,denizli,merkezefendi,adalet,3,1,170,6,1,17000
4814,denizli,merkezefendi,degirmenonu,1,1,55,5,2,6500
4815,denizli,merkezefendi,muratdede,1,1,50,8,1,6500
4816,denizli,pamukkale,yunusemre,1,1,50,3,3,7000
4817,denizli,pamukkale,istiklal,1,1,55,4,3,6500
4818,denizli,pamukkale,topraklik,3,1,140,4,3,9500
4819,denizli,pamukkale,istiklal,1,1,55,4,3,7000
4820,denizli,pamukkale,kuspinar,2,1,140,30,3,9000
4821,denizli,merkezefendi,sirakapilar,3,1,165,15,4,12000
4822,denizli,pamukkale,topraklik,2,1,90,6,3,10000
4823,denizli,merkezefendi,akkonak,1,1,55,10,3,8000
4824,denizli,merkezefendi,muratdede,1,1,50,8,1,7500
4825,denizli,pamukkale,anafartalar,3,1,150,16,2,6500
4826,denizli,pamukkale,incilipinar,1,1,45,8,3,6500
4828,denizli,pamukkale,feslegen,1,1,50,6,3,11000
4829,denizli,merkezefendi,karaman,2,1,130,15,1,10000
4830,denizli,pamukkale,siteler,1,1,50,13,3,7500
4831,denizli,pamukkale,kuspinar,1,1,40,25,1,5000
4832,denizli,merkezefendi,gultepe,2,1,140,20,0,7500
4834,denizli,pamukkale,mehmetcik,2,1,140,20,2,14000
4835,denizli,pamukkale,yunusemre,2,1,63,7,3,9500
4836,denizli,pamukkale,siteler,2,1,82,2,5,15000
4837,denizli,merkezefendi,adalet,3,1,163,15,5,16000
4838,denizli,merkezefendi,selcuk_bey,3,1,165,17,1,15000
4840,denizli,merkezefendi,bahcelievler,2,1,115,20,2,12000
4841,denizli,merkezefendi,karahasanli,1,1,40,0,1,6000
4842,denizli,merkezefendi,saraylar,2,1,125,31,5,5000
4843,denizli,pamukkale,asmalievler,1,1,45,4,2,6500
4844,denizli,merkezefendi,selcuk_bey,1,1,45,5,3,9000
4845,denizli,merkezefendi,adalet,1,1,60,5,1,8500
4846,denizli,pamukkale,yunusemre,1,1,60,4,1,9500
4847,denizli,merkezefendi,semikler,2,1,80,3,5,17500
4848,denizli,pamukkale,kinikli,3,1,150,16,3,22000
4850,denizli,pamukkale,yunusemre,1,1,50,0,3,10000
4851,denizli,pamukkale,mehmetcik,2,1,150,20,2,12000
4852,denizli,pamukkale,incilipinar,2,1,75,4,1,11000
4853,denizli,pamukkale,hacikaplanlar,2,1,70,6,2,10000
4854,denizli,pamukkale,topraklik,2,1,120,6,3,20000
4855,denizli,pamukkale,bagbasi,3,1,130,1,3,17000
4856,denizli,pamukkale,kervansaray,1,1,62,25,3,7250
4857,denizli,pamukkale,asmalievler,2,1,65,4,3,10000
4858,denizli,pamukkale,topraklik,2,1,120,6,3,20000
4859,denizli,pamukkale,zeytinkoy,3,1,155,3,3,17000
4860,denizli,merkezefendi,karaman,2,1,120,18,3,10000
4861,denizli,pamukkale,topraklik,1,1,65,10,6,8000
4862,denizli,pamukkale,asmalievler,1,1,50,3,3,6000
4863,denizli,merkezefendi,gultepe,3,1,160,25,3,13000
4864,denizli,merkezefendi,sirakapilar,1,1,50,3,3,6500
4865,denizli,pamukkale,asmalievler,1,1,50,5,3,5500
4866,denizli,pamukkale,incilipinar,1,1,55,6,5,10000
4867,denizli,pamukkale,zeytinkoy,1,1,65,4,3,10000
4868,denizli,merkezefendi,sirakapilar,3,1,150,23,4,14000
4869,denizli,pamukkale,atalar,2,1,160,7,3,15000
4870,denizli,pamukkale,asmalievler,2,1,60,0,1,9500
4871,denizli,merkezefendi,gumuscay,3,1,170,20,3,11000
4873,denizli,pamukkale,bagbasi,2,1,110,12,1,12000
4875,denizli,pamukkale,zeytinkoy,1,1,55,4,3,9000
4876,denizli,merkezefendi,sirakapilar,1,1,50,4,1,7000
4878,denizli,pamukkale,kinikli,1,1,55,4,2,11000
4879,denizli,pamukkale,15_mayis,1,1,50,5,5,7000
4881,denizli,pamukkale,asmalievler,2,1,60,2,3,11500
4882,denizli,pamukkale,asmalievler,2,1,55,7,0,11500
4883,denizli,pamukkale,incilipinar,2,1,65,10,3,8500
4884,denizli,pamukkale,feslegen,1,1,50,15,2,7750
4885,denizli,merkezefendi,muratdede,2,1,80,2,2,9500
4886,denizli,merkezefendi,sevindik,2,1,125,15,2,6000
4887,denizli,merkezefendi,bahcelievler,1,1,55,10,1,8500
4889,denizli,pamukkale,mehmetcik,2,1,140,33,5,13500
4890,denizli,merkezefendi,gumuscay,3,1,160,4,3,10500
4891,denizli,pamukkale,istiklal,1,1,48,10,2,8000
4892,denizli,pamukkale,atalar,4,1,115,20,5,8750
4893,denizli,merkezefendi,karahasanli,2,1,80,4,3,8500
4894,denizli,pamukkale,yunusemre,1,1,55,4,0,6250
4895,denizli,merkezefendi,gultepe,1,1,60,4,1,13500
4896,denizli,pamukkale,istiklal,3,1,125,27,5,10000
4897,denizli,merkezefendi,selcuk_bey,4,1,200,0,3,25000
4898,denizli,pamukkale,siteler,2,1,130,30,4,15000
4899,denizli,civril,kizilcasogut,3,1,135,25,2,5000
4900,denizli,merkezefendi,saraylar,3,1,130,30,4,9000
4901,denizli,pamukkale,15_mayis,1,1,55,8,5,7000
4902,denizli,pamukkale,siteler,1,1,45,7,2,8100
4903,denizli,pamukkale,cumhuriyet,2,1,65,12,0,6500
4904,denizli,pamukkale,hacikaplanlar,3,1,130,25,5,5500
4905,denizli,merkezefendi,selcuk_bey,2,1,135,16,0,12000
4906,denizli,pamukkale,bagbasi,3,1,180,16,3,12000
4907,denizli,merkezefendi,karahasanli,3,1,125,15,3,14000
4908,denizli,pamukkale,atalar,3,1,160,25,1,12500
4910,denizli,pamukkale,deliktas,2,1,67,0,1,12750
4911,denizli,pamukkale,feslegen,1,1,51,7,2,7500
4912,denizli,merkezefendi,adalet,2,1,130,30,4,10000
4913,denizli,pamukkale,zeytinkoy,2,1,90,4,0,13000
4914,denizli,merkezefendi,selcuk_bey,4,1,200,17,3,15000
4915,denizli,pamukkale,bagbasi,2,1,100,14,2,10000
4916,denizli,pamukkale,zeytinkoy,1,1,55,4,3,10000
4918,denizli,merkezefendi,gerzele,3,1,195,19,-2,25000
4919,denizli,pamukkale,mehmetcik,3,1,170,25,5,9000
4920,denizli,pamukkale,zeytinkoy,1,1,60,5,3,8250
4921,denizli,merkezefendi,akkonak,1,1,50,1,3,6000
4922,denizli,pamukkale,pelitlibag,2,1,85,9,1,9000
4923,denizli,pamukkale,kuspinar,2,1,110,30,5,12750
4924,denizli,pamukkale,15_mayis,2,1,125,25,5,10000
4925,denizli,pamukkale,mehmetcik,2,1,70,4,1,15000
4926,denizli,merkezefendi,karaman,2,1,115,11,1,10000
4927,denizli,merkezefendi,bahcelievler,1,1,50,3,3,15000
4928,denizli,merkezefendi,mehmet_akif_ersoy,3,1,150,8,4,15000
4929,denizli,merkezefendi,karahasanli,4,1,190,0,1,20000
4930,denizli,merkezefendi,karaman,3,1,170,15,3,8000
4931,denizli,pamukkale,zeytinkoy,2,1,90,4,2,15000
4932,denizli,acipayam,yeni,1,1,65,1,3,4000
4933,denizli,pamukkale,kinikli,1,1,55,5,4,7000
4934,denizli,pamukkale,siteler,1,1,55,20,0,7000
4935,denizli,merkezefendi,degirmenonu,1,1,50,4,2,8500
4936,denizli,pamukkale,istiklal,1,1,55,7,1,8500
4937,denizli,merkezefendi,karaman,3,1,170,30,4,9000
4938,denizli,merkezefendi,gultepe,4,1,215,0,3,30000
4940,denizli,pamukkale,hacikaplanlar,1,1,55,6,3,9000
4941,denizli,pamukkale,kinikli,1,1,45,15,0,6000
4942,denizli,merkezefendi,gultepe,2,1,110,15,1,8000
4944,denizli,merkezefendi,selcuk_bey,3,1,170,5,3,25000
4945,denizli,pamukkale,zeytinkoy,1,1,50,10,5,5000
4946,denizli,pamukkale,kinikli,2,1,90,5,2,15000
4947,denizli,merkezefendi,selcuk_bey,3,1,135,30,1,10000
4949,denizli,merkezefendi,adalet,3,1,170,17,5,15000
4950,denizli,pamukkale,asmalievler,1,1,45,10,3,10000
4951,denizli,merkezefendi,karahasanli,3,1,130,15,2,12000
4952,denizli,pamukkale,asmalievler,1,1,50,4,2,7000
4953,denizli,merkezefendi,saraylar,1,1,60,3,4,8000
4954,denizli,pamukkale,kinikli,1,1,50,18,0,6000
4955,denizli,pamukkale,atalar,3,1,170,15,-1,13000
4956,denizli,pamukkale,topraklik,3,1,135,35,3,7500
4958,denizli,pamukkale,15_mayis,2,1,80,4,4,12500
4960,denizli,pamukkale,atalar,3,1,130,25,3,9000
4961,denizli,pamukkale,incilipinar,2,1,125,16,1,9000
4962,denizli,pamukkale,asmalievler,1,1,55,5,2,8500
4963,denizli,pamukkale,zeytinkoy,1,1,70,15,5,8250
4964,denizli,merkezefendi,semikler,2,1,100,0,2,12000
4965,denizli,merkezefendi,servergazi,2,1,140,25,5,15000
4967,denizli,merkezefendi,muratdede,2,1,80,2,2,10000
4968,denizli,pamukkale,kuspinar,1,1,75,0,3,8000
4969,denizli,pamukkale,asmalievler,3,1,150,20,3,11000
4970,denizli,merkezefendi,merkez_efendi,3,1,150,17,1,14500
4971,denizli,pamukkale,atalar,1,1,50,5,2,8000
4972,denizli,merkezefendi,saruhan,1,1,70,30,5,4000
4973,denizli,pamukkale,kinikli,2,1,75,10,1,7999
4974,denizli,merkezefendi,selcuk_bey,3,1,165,5,3,15000
4975,denizli,pamukkale,atalar,3,1,150,18,1,12000
4976,denizli,pamukkale,feslegen,2,1,140,25,3,9000
4977,denizli,pamukkale,kinikli,2,1,120,27,4,13000
4978,denizli,pamukkale,kinikli,1,1,50,15,3,9999
4979,denizli,merkezefendi,sirakapilar,1,1,50,5,1,8500
4980,denizli,merkezefendi,hallaclar,3,1,130,3,3,15000
4981,denizli,pamukkale,mehmetcik,2,1,70,3,3,11500
4982,denizli,merkezefendi,karaman,2,1,65,15,0,5000
4983,denizli,cameli,yeni,2,1,60,10,2,8000
4984,denizli,merkezefendi,karaman,2,1,120,13,3,10500
4985,denizli,pamukkale,bagbasi,1,1,50,8,3,7500
4986,denizli,merkezefendi,karaman,1,1,75,10,5,7500
4987,denizli,pamukkale,kinikli,1,1,55,3,2,12000
4988,denizli,merkezefendi,muratdede,1,1,45,4,2,8500
4989,denizli,pamukkale,kuspinar,1,1,55,6,3,10000
4990,denizli,pamukkale,mehmetcik,1,1,55,5,2,9000
4991,denizli,pamukkale,kinikli,2,1,60,3,3,11000
4992,denizli,merkezefendi,selcuk_bey,2,1,145,17,1,14000
4993,denizli,pamukkale,zeytinkoy,1,1,45,15,3,8000
4994,denizli,merkezefendi,karaman,3,1,171,12,3,10000
4995,denizli,merkezefendi,akkonak,2,1,180,10,3,11000
4996,denizli,pamukkale,hacikaplanlar,2,1,75,6,3,9500
4997,denizli,pamukkale,asmalievler,2,1,95,1,4,11500
4998,denizli,pamukkale,topraklik,2,1,130,8,3,15000
4999,denizli,merkezefendi,adalet,3,1,190,5,3,25000
5000,denizli,pamukkale,asmalievler,1,1,65,5,3,12500
5001,denizli,pamukkale,asmalievler,2,1,75,5,3,10000
5002,denizli,merkezefendi,altintop,3,1,165,25,2,14000
5003,denizli,pamukkale,atalar,1,1,65,3,2,8500
5004,denizli,merkezefendi,semikler,2,1,130,2,1,16000
5005,denizli,pamukkale,kuspinar,1,1,50,5,2,12000
5006,denizli,pamukkale,bagbasi,1,1,65,10,3,10000
5007,denizli,merkezefendi,karaman,2,1,90,10,1,6000
5008,denizli,pamukkale,kinikli,3,1,150,11,3,20000
5009,denizli,cardak,cumhuriyet,2,1,105,5,3,10000
5010,denizli,pamukkale,istiklal,2,1,138,25,5,10000
5011,denizli,pamukkale,incilipinar,2,1,60,7,3,7500
5013,denizli,pamukkale,kuspinar,1,1,60,3,3,8000
5014,denizli,pamukkale,asmalievler,1,1,55,5,3,6000
5015,denizli,pamukkale,incilipinar,1,1,45,10,5,6500
5016,denizli,pamukkale,asmalievler,2,1,68,10,4,14500
5017,denizli,pamukkale,kuspinar,3,1,150,25,2,13000
5018,denizli,pamukkale,siteler,2,1,135,20,2,11000
5019,denizli,pamukkale,fatih,2,1,80,5,3,8000
5020,denizli,pamukkale,topraklik,2,1,110,4,3,10000
5021,denizli,merkezefendi,karaman,3,1,171,12,5,9000
5022,denizli,pamukkale,bagbasi,1,1,50,4,5,7000
5023,denizli,pamukkale,incilipinar,1,1,45,25,0,7000
5024,denizli,pamukkale,topraklik,2,1,145,30,1,9000
5025,denizli,pamukkale,yunusemre,2,1,80,5,3,10000
5026,denizli,pamukkale,asmalievler,2,1,60,15,3,7500
5027,denizli,merkezefendi,selcuk_bey,3,1,165,11,3,16000
5028,denizli,pamukkale,asmalievler,2,1,60,15,3,7000
5029,denizli,merkezefendi,muratdede,2,1,125,9,3,10000
5030,denizli,pamukkale,asmalievler,1,1,55,4,3,7000
5031,denizli,merkezefendi,servergazi,2,1,75,10,0,12000
5034,denizli,pamukkale,kinikli,2,1,100,5,3,13500
5036,denizli,pamukkale,zeytinkoy,1,1,60,5,5,6000
5037,denizli,pamukkale,15_mayis,1,1,55,4,3,7500
5038,denizli,pamukkale,kinikli,1,1,35,5,2,7500
5040,denizli,merkezefendi,saraylar,1,1,50,12,3,6500
5041,denizli,merkezefendi,sirakapilar,1,1,55,5,2,8000
5042,denizli,pamukkale,kinikli,2,1,50,15,3,10000
5043,denizli,pamukkale,asmalievler,2,1,70,0,2,14000
5044,denizli,pamukkale,kuspinar,1,1,70,3,2,14750
5045,denizli,pamukkale,feslegen,1,1,80,20,2,3999
5046,denizli,pamukkale,hacikaplanlar,2,1,70,8,2,9500
5048,denizli,pamukkale,fatih,1,1,90,5,5,8000
5049,denizli,pamukkale,15_mayis,1,1,65,7,5,7500
5050,denizli,pamukkale,asmalievler,2,1,55,10,3,7500
5051,denizli,merkezefendi,servergazi,2,1,110,5,0,12000
5053,denizli,pamukkale,bagbasi,2,1,90,5,2,10000
5054,denizli,merkezefendi,karahasanli,3,1,120,15,5,15000
5055,denizli,pamukkale,yunusemre,1,1,50,5,0,7000
5056,denizli,pamukkale,kinikli,1,1,55,10,5,9000
5057,denizli,pamukkale,siteler,1,1,50,3,0,7900
5058,denizli,pamukkale,topraklik,1,1,50,5,5,5000
5059,denizli,pamukkale,kinikli,2,1,50,15,3,12000
5060,denizli,pamukkale,mehmetcik,2,1,75,5,1,15000
5061,denizli,pamukkale,atalar,2,1,75,4,2,10000
5062,denizli,merkezefendi,selcuk_bey,3,1,160,8,0,12000
5063,denizli,merkezefendi,ilbade,3,1,130,30,3,6000
5064,denizli,merkezefendi,saraylar,1,1,50,12,3,6000
5065,denizli,merkezefendi,sirakapilar,1,1,55,5,2,8000
5067,denizli,merkezefendi,semikler,3,1,160,5,6,20000
5068,denizli,merkezefendi,karaman,1,1,75,5,1,8000
5069,denizli,pamukkale,feslegen,1,1,50,5,2,6500
5071,denizli,merkezefendi,akkonak,2,1,60,3,3,6900
5072,denizli,pamukkale,fatih,1,1,70,5,3,7000
5073,denizli,pamukkale,asmalievler,2,1,70,8,0,8500
5074,denizli,pamukkale,15_mayis,1,1,50,6,3,8000
5075,denizli,pamukkale,kinikli,3,1,155,20,5,15000
5076,denizli,merkezefendi,degirmenonu,1,1,50,3,3,8500
5077,denizli,pamukkale,asmalievler,2,1,48,0,1,10000
5078,denizli,pamukkale,kinikli,1,1,50,5,0,8500
5079,denizli,pamukkale,siteler,2,1,120,30,2,13000
5080,denizli,merkezefendi,gumuscay,2,1,100,8,1,8000
5081,denizli,merkezefendi,degirmenonu,1,1,45,5,2,5750
5082,denizli,pamukkale,atalar,3,1,185,21,3,12500
5083,denizli,merkezefendi,yenisafak,3,1,160,0,3,22000
5084,denizli,pamukkale,asmalievler,2,1,80,10,3,7999
5085,denizli,pamukkale,15_mayis,1,1,55,8,1,6000
5086,denizli,merkezefendi,sirakapilar,2,1,127,25,3,14000
5088,denizli,pamukkale,feslegen,2,1,70,7,3,8500
5089,denizli,pamukkale,zeytinkoy,1,1,75,0,3,14000
5090,denizli,pamukkale,zeytinkoy,1,1,60,5,2,7500
5091,denizli,pamukkale,siteler,3,1,130,20,2,10000
5093,denizli,pamukkale,bagbasi,2,1,110,5,2,15000
5094,denizli,merkezefendi,semikler,3,1,190,6,6,22500
5095,denizli,pamukkale,zumrut,3,1,170,20,3,12000
5096,denizli,merkezefendi,karaman,2,1,115,15,1,10500
5097,denizli,pamukkale,asmalievler,2,1,80,12,3,10000
5098,denizli,pamukkale,zeytinkoy,1,1,60,4,0,8000
5099,denizli,merkezefendi,gumuscay,2,1,115,15,1,9000
5100,denizli,saraykoy,bala,3,1,150,20,1,10000
5101,denizli,merkezefendi,muratdede,1,1,50,5,1,8000
5103,denizli,pamukkale,cumhuriyet,2,1,75,2,3,13000
5104,denizli,merkezefendi,gerzele,2,1,175,5,3,15000
5105,denizli,pamukkale,hacikaplanlar,1,1,45,7,2,6500
5106,denizli,pamukkale,zeytinkoy,1,1,50,5,3,6250
5108,denizli,pamukkale,kinikli,1,1,55,5,1,10000
5109,denizli,pamukkale,bagbasi,1,1,70,5,1,11000
5110,denizli,pamukkale,asmalievler,2,1,60,1,3,12500
5111,denizli,merkezefendi,semikler,3,1,190,0,1,20000
5112,denizli,pamukkale,mehmetcik,3,1,173,15,1,15000
5113,denizli,merkezefendi,altintop,3,1,175,25,3,15000
5114,denizli,pamukkale,mehmetcik,2,1,110,25,0,5000
5115,denizli,merkezefendi,altintop,3,1,170,21,2,13000
5116,denizli,pamukkale,hacikaplanlar,1,1,50,3,5,7500
5117,denizli,pamukkale,hacikaplanlar,1,1,50,5,3,7000
5118,denizli,pamukkale,asmalievler,1,1,65,4,3,8500
5119,denizli,merkezefendi,altintop,3,1,170,25,6,16000
5120,denizli,merkezefendi,adalet,3,1,160,11,1,15000
5121,denizli,pamukkale,bagbasi,2,1,75,5,2,8000
5122,denizli,pamukkale,bagbasi,3,1,180,15,2,19500
5123,denizli,pamukkale,zeytinkoy,1,1,50,7,3,7400
5124,denizli,pamukkale,yunusemre,2,1,85,1,3,15000
5125,denizli,pamukkale,hacikaplanlar,1,1,65,7,5,7500
5126,denizli,merkezefendi,semikler,2,1,110,10,0,8000
5127,denizli,pamukkale,incilipinar,1,1,45,10,3,6999
5128,denizli,pamukkale,gokpinar,2,1,110,1,3,14000
5130,denizli,pamukkale,yunusemre,3,1,155,5,0,8000
5131,denizli,pamukkale,asmalievler,2,1,75,1,3,14500
5132,denizli,pamukkale,zumrut,3,1,165,15,3,15000
5133,denizli,pamukkale,zeytinkoy,1,1,65,4,3,8500
5134,denizli,pamukkale,kinikli,2,1,100,10,5,7000
5135,denizli,merkezefendi,mehmet_akif_ersoy,3,1,160,11,2,15000
5136,denizli,merkezefendi,muratdede,3,1,160,8,3,14500
5137,denizli,merkezefendi,semikler,3,1,130,1,6,21000
5138,denizli,pamukkale,yunusemre,2,1,79,4,2,13000
5139,denizli,merkezefendi,selcuk_bey,1,1,50,0,2,11000
5140,denizli,pamukkale,15_mayis,1,1,45,6,2,9000
5142,denizli,merkezefendi,gumuscay,3,1,150,3,3,12500
5143,denizli,pamukkale,15_mayis,1,1,50,12,3,7000
5144,denizli,pamukkale,incilipinar,3,1,165,20,3,9000
5145,denizli,merkezefendi,karahasanli,3,1,145,5,0,8500
5146,denizli,pamukkale,asmalievler,2,1,80,4,5,7000
5147,denizli,merkezefendi,saraylar,1,1,45,5,4,7000
5148,denizli,merkezefendi,karahasanli,3,1,125,15,1,14000
5149,denizli,pamukkale,zeytinkoy,2,1,80,5,1,11000
5151,denizli,pamukkale,bagbasi,2,1,80,15,0,6000
5152,denizli,pamukkale,15_mayis,1,1,55,5,3,7500
5153,denizli,pamukkale,siteler,1,1,45,10,5,7000
5154,denizli,merkezefendi,adalet,3,1,160,9,4,12000
5155,denizli,pamukkale,gokpinar,2,1,110,1,1,14000
5156,denizli,merkezefendi,semikler,2,1,120,10,0,7500
5157,denizli,pamukkale,15_mayis,1,1,45,0,1,5000
5158,denizli,merkezefendi,akkonak,1,1,45,8,3,8000
5159,denizli,pamukkale,yunusemre,2,1,100,2,2,15000
5160,denizli,pamukkale,kinikli,2,1,50,15,0,6500
5161,denizli,pamukkale,mehmetcik,3,1,155,10,0,9000
5162,denizli,pamukkale,incilipinar,1,1,55,5,2,7500
5163,denizli,pamukkale,kervansaray,3,1,155,3,3,16500
5164,denizli,pamukkale,asmalievler,2,1,65,2,3,14500
5165,denizli,merkezefendi,karahasanli,3,1,140,15,3,15000
5166,denizli,pamukkale,asmalievler,1,1,48,10,5,6500
5167,denizli,pamukkale,mehmetcik,2,1,95,12,0,15000
5168,denizli,pamukkale,15_mayis,1,1,60,10,3,8000
5169,denizli,pamukkale,kinikli,1,1,50,8,0,7500
5170,denizli,merkezefendi,selcuk_bey,1,1,50,5,1,9000
5171,denizli,pamukkale,incilipinar,1,1,68,5,1,10000
5172,denizli,pamukkale,yunusemre,1,1,80,2,4,10000
5173,denizli,merkezefendi,akkonak,1,1,60,25,0,4000
5174,denizli,merkezefendi,gumuscay,2,1,130,20,1,9750
5175,denizli,pamukkale,topraklik,1,1,50,5,3,7000
5176,denizli,pamukkale,anafartalar,2,1,92,5,3,13000
5177,denizli,merkezefendi,hallaclar,3,1,135,3,3,15000
5178,denizli,merkezefendi,saraylar,1,1,50,12,3,6000
5180,denizli,pamukkale,hacikaplanlar,1,1,58,0,3,10500
5181,denizli,pamukkale,yunusemre,2,1,55,5,2,12000
5182,denizli,pamukkale,yunusemre,1,1,40,5,3,8000
5183,denizli,pamukkale,15_mayis,1,1,50,5,3,7500
5185,denizli,pamukkale,kuspinar,3,1,140,25,0,7000
5186,denizli,pamukkale,topraklik,3,1,150,26,5,9000
5187,denizli,pamukkale,kinikli,1,1,50,5,3,12000
5188,denizli,pamukkale,kervansaray,3,1,130,1,3,17250
5189,denizli,pamukkale,kervansaray,3,1,140,16,5,8000
5190,denizli,merkezefendi,selcuk_bey,3,1,185,22,5,15000
5191,denizli,merkezefendi,selcuk_bey,3,1,210,10,2,18000
5192,denizli,pamukkale,kinikli,1,1,45,5,1,6500
5193,denizli,pamukkale,asmalievler,2,1,75,10,3,10000
5194,denizli,merkezefendi,altintop,1,1,90,15,2,8000
5195,denizli,pamukkale,cumhuriyet,2,1,90,11,3,9500
5196,denizli,pamukkale,zumrut,3,1,125,10,3,14500
5197,denizli,pamukkale,siteler,2,1,165,25,1,12500
5198,denizli,pamukkale,atalar,3,1,200,30,3,13000
5199,denizli,merkezefendi,akkonak,1,1,40,0,1,7000
5200,denizli,pamukkale,tekke,2,1,140,6,5,14500
5201,denizli,pamukkale,atalar,3,1,210,18,3,25000
5202,denizli,pamukkale,mehmetcik,1,1,75,10,0,10000
5203,denizli,merkezefendi,sirakapilar,2,1,65,0,2,12000
5204,denizli,pamukkale,hacikaplanlar,2,1,128,12,0,10000
5205,denizli,merkezefendi,karaman,2,1,120,12,3,10000
5206,denizli,pamukkale,hacikaplanlar,2,1,125,25,6,10750
5207,denizli,pamukkale,siteler,1,1,55,26,3,8500
5208,denizli,pamukkale,kinikli,1,1,40,8,1,6500
5209,denizli,pamukkale,kervansaray,3,1,140,18,5,8000
5210,denizli,pamukkale,mehmetcik,1,1,50,7,3,8000
5211,denizli,merkezefendi,karaman,2,1,130,30,1,7500
5213,denizli,merkezefendi,degirmenonu,3,1,155,26,4,8500
5214,denizli,pamukkale,dokuzkavaklar,1,1,40,10,3,6500
5215,denizli,pamukkale,asmalievler,2,1,60,4,2,17500
5216,denizli,pamukkale,incilipinar,2,1,95,30,5,6000
5217,denizli,pamukkale,kinikli,1,1,45,10,5,6000
5218,denizli,pamukkale,zeytinkoy,1,1,60,5,5,7000
5219,denizli,pamukkale,yunusemre,1,1,60,10,3,6500
5220,denizli,pamukkale,zeytinkoy,2,1,110,15,0,10000
5221,denizli,merkezefendi,karaman,3,1,140,21,2,11000
5222,denizli,merkezefendi,degirmenonu,1,1,60,8,2,8500
5223,denizli,pamukkale,anafartalar,3,1,150,10,3,12000
5224,denizli,pamukkale,hacikaplanlar,1,1,55,5,1,6500
5225,denizli,pamukkale,feslegen,4,1,200,20,2,11000
5226,denizli,pamukkale,incilipinar,1,1,45,4,6,6500
5227,denizli,pamukkale,mehmetcik,3,1,160,15,3,15000
5228,denizli,pamukkale,15_mayis,2,1,80,4,2,10000
5229,denizli,pamukkale,feslegen,2,1,76,5,2,12000
5230,denizli,merkezefendi,selcuk_bey,3,1,135,15,2,15000
5231,denizli,pamukkale,istiklal,1,1,60,5,1,10000
5232,denizli,merkezefendi,adalet,3,1,180,15,3,17000
5233,denizli,merkezefendi,muratdede,1,1,50,4,1,6500
5234,denizli,pamukkale,topraklik,2,1,110,8,3,17000
5235,denizli,pamukkale,kinikli,1,1,45,15,3,9000
5236,denizli,pamukkale,dokuzkavaklar,1,1,65,5,3,8500
5237,denizli,pamukkale,kinikli,1,1,50,5,3,12000
5239,denizli,pamukkale,topraklik,1,1,40,2,2,6500
5240,denizli,pamukkale,bagbasi,3,1,150,10,4,13500
5241,denizli,merkezefendi,degirmenonu,1,1,55,5,1,8000
5243,denizli,pamukkale,feslegen,3,1,160,5,3,15000
5244,denizli,pamukkale,kervansaray,2,1,125,3,4,19000
5245,denizli,merkezefendi,servergazi,3,1,175,13,3,18000
5246,denizli,pamukkale,siteler,1,1,45,5,5,6750
5247,denizli,pamukkale,hacikaplanlar,1,1,55,3,3,7500
5248,denizli,merkezefendi,karahasanli,3,1,125,15,3,12000
5249,denizli,merkezefendi,bereketler,1,1,50,8,2,6000
5250,denizli,saraykoy,ataturk,4,1,160,30,4,4500
5251,denizli,merkezefendi,karahasanli,3,1,130,20,3,13000
5252,denizli,merkezefendi,bereketler,1,1,55,0,2,10000
5253,denizli,pamukkale,feslegen,3,1,169,20,5,8000
5254,denizli,pamukkale,kuspinar,2,1,110,5,4,18000
5255,denizli,merkezefendi,muratdede,1,1,55,5,2,7000
5256,denizli,pamukkale,zeytinkoy,2,1,80,5,1,7999
5257,denizli,pamukkale,asmalievler,1,1,80,5,4,8500
5258,denizli,pamukkale,kinikli,2,1,75,0,1,12000
5259,denizli,pamukkale,kinikli,2,1,80,15,5,7500
5260,denizli,pamukkale,zumrut,3,1,135,16,1,9500
5261,denizli,pamukkale,15_mayis,1,1,45,10,1,6500
5263,denizli,pamukkale,zeytinkoy,1,1,75,0,5,8000
5264,denizli,pamukkale,zeytinkoy,1,1,50,0,2,8000
5266,denizli,merkezefendi,yenisafak,3,1,160,11,2,15000
5267,denizli,pamukkale,zeytinkoy,2,1,100,10,5,15000
5268,denizli,pamukkale,siteler,2,1,85,6,3,10000
5269,denizli,merkezefendi,muratdede,2,1,80,4,3,10000
5270,denizli,merkezefendi,gultepe,3,1,180,0,5,24000
5271,denizli,pamukkale,kinikli,2,1,110,25,2,10000
5272,denizli,pamukkale,tekke,2,1,140,5,3,15000
5273,denizli,merkezefendi,adalet,3,1,150,15,1,16500
5275,denizli,pamukkale,atalar,2,1,57,5,3,9000
5276,denizli,merkezefendi,semikler,2,1,147,11,2,13500
5277,denizli,pamukkale,kuspinar,3,1,160,21,3,12000
5278,denizli,pamukkale,asmalievler,1,1,55,0,4,8000
5279,denizli,pamukkale,cumhuriyet,1,1,50,2,3,10000
5280,denizli,pamukkale,15_mayis,1,1,45,5,3,7500
5281,denizli,pamukkale,incilipinar,1,1,55,5,3,8500
5282,denizli,pamukkale,feslegen,3,1,145,20,2,12500
5283,denizli,pamukkale,feslegen,2,1,130,25,3,10000
5284,denizli,pamukkale,siteler,1,1,55,6,0,5000
5285,denizli,merkezefendi,selcuk_bey,3,1,120,15,0,8000
5286,denizli,pamukkale,yunusemre,2,1,90,5,2,15000
5288,denizli,pamukkale,asmalievler,2,1,60,8,2,5000
5289,denizli,pamukkale,asmalievler,2,1,65,0,2,11000
5290,denizli,merkezefendi,semikler,3,1,168,0,5,35000
5291,denizli,merkezefendi,selcuk_bey,3,1,165,10,3,16000
5292,denizli,pamukkale,atalar,3,1,120,15,3,9500
5293,denizli,pamukkale,kuspinar,1,1,65,7,3,10000
5294,denizli,merkezefendi,1200_evler,4,1,185,17,4,15000
5295,denizli,pamukkale,bagbasi,3,1,190,5,3,15000
5296,denizli,pamukkale,incilipinar,1,1,80,15,5,6000
5297,denizli,merkezefendi,servergazi,2,1,90,11,5,10000
5298,denizli,pamukkale,mehmetcik,3,1,170,14,1,15000
5299,denizli,pamukkale,kuspinar,3,1,160,21,3,12000
5300,denizli,pamukkale,cumhuriyet,1,1,50,2,3,8500
5301,denizli,saraykoy,bala,1,1,60,8,5,7000
5302,denizli,pamukkale,bagbasi,3,1,150,20,3,8000
5303,denizli,pamukkale,yunusemre,1,1,55,5,2,7000
5304,denizli,pamukkale,kayihan,1,1,50,4,2,7500
5305,denizli,merkezefendi,selcuk_bey,3,1,135,25,3,15000
5306,denizli,pamukkale,zeytinkoy,1,1,55,7,3,7000
5307,denizli,merkezefendi,adalet,2,1,145,16,1,13000
5308,denizli,pamukkale,atalar,1,1,45,5,3,6500
5309,denizli,merkezefendi,merkez_efendi,3,1,135,4,0,8500
5310,denizli,merkezefendi,mehmet_akif_ersoy,3,1,150,20,0,7000
5311,denizli,pamukkale,mehmetcik,3,1,180,15,1,25000
5312,denizli,merkezefendi,degirmenonu,1,1,50,3,3,6500
5314,denizli,merkezefendi,semikler,2,1,60,5,3,9000
5315,denizli,pamukkale,kinikli,2,1,75,5,3,9000
5316,denizli,pamukkale,hacikaplanlar,1,1,52,6,1,7000
5317,denizli,pamukkale,asmalievler,1,1,50,12,5,6500
5318,denizli,pamukkale,istiklal,1,1,55,5,2,7000
5319,denizli,merkezefendi,adalet,2,1,145,11,0,12000
5321,denizli,pamukkale,yunusemre,2,1,120,20,5,10000
5322,denizli,pamukkale,kayihan,3,1,132,15,5,7100
5324,denizli,merkezefendi,selcuk_bey,3,1,140,30,2,10000
5325,denizli,pamukkale,yunusemre,1,1,50,20,4,6500
5326,denizli,pamukkale,kinikli,1,1,50,0,3,10000
5328,denizli,pamukkale,incilipinar,2,1,75,4,1,11000
5329,denizli,pamukkale,zeytinkoy,1,1,75,0,3,7000
5330,denizli,merkezefendi,degirmenonu,3,1,150,25,5,9000
5331,denizli,pamukkale,zeytinkoy,2,1,85,1,3,20000
5332,denizli,merkezefendi,degirmenonu,3,1,195,10,4,16500
5333,denizli,pamukkale,asmalievler,2,1,90,10,4,10000
5334,denizli,saraykoy,asagi,3,1,135,25,2,6000
5336,denizli,pamukkale,incilipinar,1,1,55,5,3,6800
5337,denizli,pamukkale,siteler,1,1,50,10,1,10000
5338,denizli,pamukkale,istiklal,1,1,55,5,2,6500
5339,denizli,merkezefendi,akkonak,3,1,145,21,3,13000
5340,denizli,merkezefendi,degirmenonu,2,1,70,12,3,8000
5341,denizli,pamukkale,15_mayis,1,1,45,5,2,7500
5342,denizli,pamukkale,kuspinar,3,1,160,21,3,12000
5343,denizli,pamukkale,incilipinar,2,1,150,30,3,8000
5344,denizli,merkezefendi,semikler,3,1,120,9,0,12000
5345,denizli,pamukkale,yunusemre,2,1,65,1,2,11000
5346,denizli,merkezefendi,gultepe,2,1,110,25,2,7750
5347,denizli,pamukkale,kervansaray,3,1,140,1,3,19000
5348,denizli,merkezefendi,akkonak,1,1,40,5,3,7000
5349,denizli,pamukkale,kinikli,1,1,51,10,5,7500
5350,denizli,pamukkale,kervansaray,1,1,100,0,0,12000
5351,denizli,pamukkale,hacikaplanlar,1,1,50,8,3,7000
5352,denizli,pamukkale,cumhuriyet,2,1,70,4,3,12000
5353,denizli,pamukkale,kinikli,1,1,55,10,1,5000
5354,denizli,merkezefendi,bahcelievler,2,1,115,16,2,12000
5355,denizli,pamukkale,kinikli,2,1,80,20,3,9000
5356,denizli,pamukkale,kervansaray,4,1,200,20,5,8000
5357,denizli,merkezefendi,gumuscay,3,1,180,20,3,13000
5358,denizli,pamukkale,istiklal,1,1,55,5,0,7000
5359,denizli,pamukkale,fatih,1,1,75,0,2,14750
5361,denizli,merkezefendi,karaman,2,1,120,15,1,10000
5362,denizli,pamukkale,feslegen,3,1,140,20,3,8500
5363,denizli,merkezefendi,degirmenonu,3,1,155,28,4,8500
5364,denizli,pamukkale,kuspinar,3,1,120,30,3,8500
5365,denizli,merkezefendi,degirmenonu,1,1,60,5,2,8000
5366,denizli,pamukkale,asmalievler,1,1,55,10,0,5700
5367,denizli,pamukkale,kinikli,1,1,50,10,0,6500
5368,denizli,merkezefendi,altintop,2,1,75,4,3,10000
5369,denizli,pamukkale,pelitlibag,1,1,50,6,3,7500
5370,denizli,merkezefendi,gultepe,2,1,120,4,1,12000
5371,denizli,merkezefendi,gultepe,2,1,105,25,1,7750
5372,denizli,pamukkale,incilipinar,3,1,140,27,1,8500
5373,denizli,pamukkale,topraklik,1,1,45,5,1,6500
5374,denizli,pamukkale,feslegen,1,1,50,5,2,10000
5375,denizli,pamukkale,incilipinar,1,1,78,4,3,7000
5376,denizli,pamukkale,15_mayis,1,1,55,4,3,7500
5377,denizli,pamukkale,kervansaray,1,1,40,5,3,5000
5378,denizli,pamukkale,kinikli,1,1,45,5,1,7500
5379,denizli,pamukkale,kinikli,2,1,75,10,1,7999
5380,denizli,pamukkale,kinikli,2,1,90,10,2,15000
5381,denizli,pamukkale,fatih,3,1,125,16,1,6000
5382,denizli,pamukkale,zeytinkoy,2,1,100,10,2,20000
5383,denizli,merkezefendi,yenisafak,3,1,160,0,3,25000
5384,denizli,merkezefendi,yenisafak,3,1,160,0,3,22000
5385,denizli,pamukkale,zeytinkoy,1,1,60,12,1,9000
5386,denizli,pamukkale,asmalievler,1,1,50,12,3,5000
5387,denizli,pamukkale,feslegen,2,1,110,5,4,20000
5388,denizli,merkezefendi,adalet,3,1,165,5,3,17000
5389,denizli,merkezefendi,degirmenonu,2,1,140,16,1,13000
5390,denizli,pamukkale,yunusemre,1,1,50,20,4,6500
5391,denizli,pamukkale,zeytinkoy,2,1,75,4,3,9000
5392,denizli,pamukkale,atalar,3,1,170,15,3,13000
5393,denizli,pamukkale,kinikli,1,1,55,5,3,7000
5394,denizli,pamukkale,yunusemre,1,1,30,11,5,4000
5395,denizli,pamukkale,fatih,2,1,100,2,2,18750
5396,denizli,pamukkale,siteler,3,1,140,30,1,14000
5397,denizli,pamukkale,asmalievler,1,1,55,10,3,10000
5398,denizli,pamukkale,asmalievler,2,1,75,1,5,14000
5399,denizli,pamukkale,kervansaray,1,1,50,8,3,8000
5400,denizli,pamukkale,topraklik,2,1,95,4,3,9500
5401,denizli,pamukkale,zumrut,4,1,190,5,3,13000
5402,denizli,merkezefendi,adalet,3,1,180,15,3,15000
5403,denizli,merkezefendi,akkonak,1,1,45,0,3,8000
5404,denizli,pamukkale,hacikaplanlar,2,1,130,35,5,10000
5405,denizli,pamukkale,asmalievler,2,1,55,0,1,9000
5406,denizli,pamukkale,mehmetcik,1,1,52,7,2,7000
5407,denizli,pamukkale,feslegen,1,1,110,30,5,5000
5408,denizli,pamukkale,asmalievler,1,1,55,5,5,7500
5409,denizli,pamukkale,kuspinar,3,1,145,23,3,15000
5410,denizli,pamukkale,asmalievler,1,1,60,10,2,8000
5411,denizli,merkezefendi,degirmenonu,1,1,55,5,3,8500
5412,denizli,pamukkale,asmalievler,1,1,40,10,1,3999
5413,denizli,pamukkale,zeytinkoy,1,1,45,6,2,6000
5414,denizli,pamukkale,asmalievler,2,1,80,2,2,10000
5415,denizli,pamukkale,zeytinkoy,2,1,90,2,2,12000
5416,denizli,merkezefendi,semikler,3,1,140,0,1,16500
5417,denizli,merkezefendi,akkonak,2,1,60,5,2,10000
5418,denizli,pamukkale,mehmetcik,1,1,65,3,1,11000
5419,denizli,merkezefendi,saraylar,1,1,60,4,1,7500
5420,denizli,pamukkale,kinikli,1,1,60,5,2,10000
5421,denizli,merkezefendi,merkez_efendi,2,1,50,10,5,8500
5422,denizli,pamukkale,asmalievler,2,1,60,3,2,8000
5423,denizli,pamukkale,kinikli,1,1,50,10,5,7000
5424,denizli,saraykoy,ataturk,2,1,120,5,2,7000
5425,denizli,pamukkale,asmalievler,1,1,55,5,5,7500
5426,denizli,pamukkale,zeytinkoy,1,1,60,3,2,10000
5427,denizli,pamukkale,pelitlibag,1,1,50,7,4,7000
5428,denizli,pamukkale,cumhuriyet,1,1,50,2,4,9000
5429,denizli,merkezefendi,cakmak,4,1,230,5,3,20000
5430,denizli,merkezefendi,degirmenonu,1,1,55,5,3,7500
5431,denizli,merkezefendi,degirmenonu,4,1,190,23,1,11000
5432,denizli,pamukkale,zeytinkoy,2,1,75,3,2,20000
5433,denizli,pamukkale,yunusemre,1,1,50,5,4,9900
5434,denizli,pamukkale,asmalievler,1,1,35,15,5,4500
5435,denizli,pamukkale,kinikli,1,1,50,5,0,6000
5436,denizli,merkezefendi,akkonak,3,1,180,10,3,17000
5437,denizli,pamukkale,zeytinkoy,2,1,70,0,2,8500
5438,denizli,pamukkale,kinikli,2,1,70,12,5,10000
5439,denizli,pamukkale,bagbasi,1,1,60,11,5,4500
5440,denizli,pamukkale,asmalievler,1,1,55,4,1,7800
5441,denizli,pamukkale,atalar,1,1,50,5,1,7250
5442,denizli,pamukkale,mehmetcik,3,1,160,21,3,13500
5443,denizli,pamukkale,mehmetcik,2,1,95,10,0,7500
5445,denizli,pamukkale,bagbasi,2,1,65,7,3,9500
5446,denizli,pamukkale,incilipinar,3,1,150,31,5,8000
5448,denizli,pamukkale,karsiyaka,2,1,110,20,3,9500
5449,denizli,pamukkale,bagbasi,1,1,60,9,2,9000
5450,denizli,merkezefendi,adalet,1,1,45,3,1,10000
5451,denizli,merkezefendi,sirakapilar,1,1,45,3,2,8500
5452,denizli,pamukkale,hacikaplanlar,1,1,60,8,5,7500
5453,denizli,pamukkale,yunusemre,2,1,75,25,0,4500
5454,denizli,merkezefendi,sirakapilar,1,1,60,3,2,8500
5455,denizli,pamukkale,kinikli,1,1,65,15,0,7500
5456,denizli,pamukkale,yunusemre,1,1,60,4,1,10000
5458,denizli,merkezefendi,semikler,3,1,135,15,0,12000
5459,denizli,merkezefendi,semikler,1,1,45,0,1,10000
5460,denizli,merkezefendi,altintop,1,1,75,6,2,8500
5461,denizli,pamukkale,kinikli,1,1,45,10,0,5500
5462,denizli,merkezefendi,hallaclar,3,1,130,3,3,15000
5463,denizli,merkezefendi,sirakapilar,1,1,50,6,3,7000
5464,denizli,pamukkale,incilipinar,2,1,125,25,5,10000
5465,denizli,acipayam,yeni,1,1,45,1,2,5000
5466,denizli,saraykoy,turan,1,1,70,5,3,6000
5467,denizli,pamukkale,15_mayis,1,1,55,8,1,7500
5468,denizli,pamukkale,asmalievler,1,1,45,10,3,7000
5469,denizli,pamukkale,mehmetcik,3,1,171,30,1,15000
5470,denizli,merkezefendi,sirakapilar,1,1,45,5,2,8000
5472,denizli,merkezefendi,sirakapilar,3,1,135,7,2,11000
5473,denizli,pamukkale,kinikli,1,1,55,0,0,8000
5474,denizli,pamukkale,atalar,1,1,55,4,3,6999
5475,denizli,pamukkale,15_mayis,1,1,60,5,3,8500
5476,denizli,pamukkale,hurriyet,1,1,45,10,5,4500
5477,denizli,pamukkale,kinikli,1,1,45,10,0,5500
5478,denizli,pamukkale,istiklal,2,1,90,10,5,10000
5479,denizli,merkezefendi,altintop,1,1,65,5,3,10000
5480,denizli,pamukkale,mehmetcik,3,1,151,30,3,12000
5481,denizli,pamukkale,asmalievler,1,1,62,5,5,6500
5482,denizli,pamukkale,kinikli,1,1,40,5,3,7500
5483,denizli,pamukkale,feslegen,1,1,50,0,0,6500
5484,denizli,pamukkale,atalar,2,1,57,5,1,9000
5485,denizli,merkezefendi,sumer,3,1,125,30,5,12000
5486,denizli,pamukkale,hacikaplanlar,3,1,160,20,4,12500
5487,denizli,pamukkale,asmalievler,1,1,45,10,2,7000
5488,denizli,pamukkale,hacikaplanlar,2,1,120,15,3,11000
5489,denizli,pamukkale,kinikli,2,1,80,11,4,15000
5490,denizli,pamukkale,incilipinar,3,1,145,13,3,12000
5491,denizli,pamukkale,pelitlibag,3,1,125,30,5,6000
5492,denizli,pamukkale,asmalievler,2,1,65,7,2,7500
5494,denizli,merkezefendi,karaman,3,1,170,20,1,10000
5495,denizli,merkezefendi,yenisafak,3,1,160,0,2,20000
5496,denizli,merkezefendi,yenisehir,3,1,145,6,1,18500
5497,denizli,pamukkale,siteler,2,1,70,1,0,9000
5498,denizli,merkezefendi,gultepe,3,1,160,25,3,13000
5499,denizli,pamukkale,yunusemre,2,1,90,5,2,14000
5500,denizli,pamukkale,yunusemre,2,1,79,5,2,13000
5501,denizli,pamukkale,15_mayis,2,1,122,25,1,8500
5502,denizli,pamukkale,zeytinkoy,1,1,45,0,3,7750
5503,denizli,pamukkale,zeytinkoy,1,1,50,4,1,6500
5504,denizli,pamukkale,siteler,1,1,50,6,0,5500
5505,denizli,pamukkale,karsiyaka,2,1,110,4,1,7000
5506,denizli,pamukkale,15_mayis,2,1,80,5,2,10000
5507,denizli,pamukkale,kuspinar,3,1,145,25,3,15000
5508,denizli,pamukkale,asmalievler,1,1,58,2,1,8500
5510,denizli,merkezefendi,karahasanli,3,1,170,4,3,18000
5511,denizli,merkezefendi,selcuk_bey,3,1,150,20,2,10000
5512,denizli,pamukkale,mehmetcik,2,1,81,11,4,12000
5513,denizli,merkezefendi,karahasanli,2,1,120,4,1,14000
5514,denizli,pamukkale,kuspinar,3,1,155,12,3,15000
5515,denizli,merkezefendi,adalet,3,1,165,17,2,16000
5516,denizli,pamukkale,mehmetcik,3,1,140,7,3,14000
5519,denizli,pamukkale,deliktas,1,1,75,3,0,7500
5520,denizli,pamukkale,15_mayis,3,1,145,29,3,9000
5521,denizli,pamukkale,kervansaray,3,1,200,8,1,15000
5522,denizli,pamukkale,kinikli,1,1,50,10,3,7500
5523,denizli,merkezefendi,sirakapilar,1,1,55,6,3,7000
5524,denizli,pamukkale,mehmetcik,2,1,68,19,5,5000
5525,denizli,pamukkale,siteler,1,1,50,6,0,5500
5526,denizli,merkezefendi,merkez_efendi,1,1,65,2,5,8000
5527,denizli,pamukkale,incilipinar,1,1,55,10,0,5999
5528,denizli,merkezefendi,gultepe,1,1,55,0,1,10000
5529,denizli,pamukkale,asmalievler,1,1,55,5,1,6000
5530,denizli,pamukkale,zeytinkoy,1,1,60,3,2,10000
5532,denizli,pamukkale,feslegen,1,1,55,5,2,7000
5533,denizli,pamukkale,siteler,1,1,50,6,2,7500
5534,denizli,pamukkale,asmalievler,1,1,60,5,3,8400
5535,denizli,pamukkale,siteler,2,1,75,2,3,12000
5536,denizli,merkezefendi,karahasanli,3,1,185,10,3,12000
5537,denizli,merkezefendi,altintop,2,1,85,0,2,12000
5538,denizli,pamukkale,pelitlibag,1,1,55,10,3,6500
5539,denizli,pamukkale,incilipinar,2,1,75,4,1,11000
5540,denizli,pamukkale,zeytinkoy,1,1,55,7,5,6500
5541,denizli,pamukkale,yunusemre,1,1,55,10,1,8000
5542,denizli,pamukkale,hacikaplanlar,3,1,120,30,2,8000
5543,denizli,merkezefendi,adalet,3,1,180,12,1,18000
5544,denizli,merkezefendi,degirmenonu,1,1,50,10,3,8000
5545,denizli,pamukkale,zeytinkoy,3,1,150,15,3,13000
5546,denizli,pamukkale,zeytinkoy,2,1,59,15,3,4000
5547,denizli,merkezefendi,gumuscay,3,1,140,5,0,12500
5548,denizli,pamukkale,hacikaplanlar,1,1,50,5,2,7500
5549,denizli,merkezefendi,karaman,3,1,140,23,2,11000
5551,denizli,pamukkale,mehmetcik,2,1,65,5,-1,15000
5552,denizli,pamukkale,istiklal,1,1,45,8,5,6500
5553,denizli,merkezefendi,degirmenonu,1,1,60,5,3,6500
5554,denizli,pamukkale,hacikaplanlar,1,1,55,5,1,7000
5555,denizli,pamukkale,feslegen,1,1,45,8,1,7000
5556,denizli,pamukkale,mehmetcik,1,1,50,8,3,9000
5557,denizli,pamukkale,asmalievler,2,1,75,7,3,10000
5558,denizli,merkezefendi,degirmenonu,1,1,60,4,1,7500
5559,denizli,pamukkale,kinikli,1,1,55,0,3,10000
5560,denizli,pamukkale,15_mayis,2,1,85,5,2,10000
5561,denizli,pamukkale,siteler,1,1,50,10,3,7500
5562,denizli,pamukkale,dokuzkavaklar,2,1,200,30,1,7500
5563,denizli,pamukkale,incilipinar,1,1,45,10,3,6000
5564,denizli,pamukkale,zeytinkoy,1,1,40,10,3,5000
5565,denizli,pamukkale,atalar,1,1,60,6,3,6000
5566,denizli,pamukkale,kinikli,1,1,55,7,3,8000
5568,denizli,pamukkale,gokpinar,2,1,135,5,2,14500
5569,denizli,merkezefendi,bahcelievler,4,1,165,4,0,9000
5570,denizli,pamukkale,asmalievler,1,1,45,5,0,5500
5571,denizli,pamukkale,15_mayis,1,1,50,4,3,7500
5572,denizli,pamukkale,feslegen,2,1,75,10,3,12000
5573,denizli,merkezefendi,selcuk_bey,3,1,190,11,1,18000
5574,denizli,pamukkale,zeytinkoy,1,1,55,5,3,8500
5575,denizli,pamukkale,siteler,1,1,45,5,0,6000
5576,denizli,pamukkale,zeytinkoy,1,1,50,4,1,7500
5577,denizli,merkezefendi,adalet,2,1,80,4,2,12000
5578,denizli,merkezefendi,selcuk_bey,3,1,135,15,1,10000
5579,denizli,pamukkale,asmalievler,1,1,65,18,0,7500
5580,denizli,pamukkale,15_mayis,2,1,80,5,2,10000
5581,denizli,pamukkale,15_mayis,2,1,80,10,5,10000
5582,denizli,honaz,hurriyet,1,1,45,5,3,4500
5583,denizli,pamukkale,kinikli,1,1,45,10,0,6500
5584,denizli,pamukkale,atalar,1,1,55,8,1,6000
5585,denizli,pamukkale,15_mayis,3,1,160,16,5,6000
5586,denizli,merkezefendi,adalet,2,1,80,5,3,14000
5587,denizli,pamukkale,zumrut,1,1,55,15,3,6500
5588,denizli,pamukkale,zeytinkoy,1,1,60,5,2,5500
5589,denizli,pamukkale,istiklal,4,1,180,16,2,11000
5590,denizli,merkezefendi,saraylar,2,1,104,37,4,6000
5591,denizli,merkezefendi,adalet,2,1,80,10,1,9000
5592,denizli,merkezefendi,degirmenonu,1,1,55,0,1,8500
5593,denizli,pamukkale,siteler,2,1,60,2,3,9000
5594,denizli,merkezefendi,merkez_efendi,3,1,145,17,1,12000
5595,denizli,merkezefendi,gumuscay,2,1,110,15,0,7000
5596,denizli,merkezefendi,adalet,1,1,80,5,1,11000
5597,denizli,pamukkale,incilipinar,2,1,70,15,1,7500
5598,denizli,merkezefendi,karahasanli,3,1,180,4,2,18000
5599,denizli,pamukkale,yunusemre,1,1,50,10,0,7000
5601,denizli,merkezefendi,gultepe,2,1,145,15,3,10000
5602,denizli,merkezefendi,gultepe,2,1,105,25,2,7750
5603,denizli,merkezefendi,muratdede,2,1,100,1,1,10000
5604,denizli,pamukkale,yunusemre,2,1,65,3,3,10000
5605,denizli,pamukkale,kinikli,2,1,62,2,3,7000
5606,denizli,merkezefendi,adalet,3,1,170,17,2,13000
5607,denizli,pamukkale,feslegen,1,1,55,10,1,7500
5608,denizli,pamukkale,incilipinar,3,1,140,30,1,7500
5609,denizli,pamukkale,asmalievler,2,1,65,10,3,10000
5610,denizli,merkezefendi,muratdede,3,1,150,19,3,10000
5611,denizli,pamukkale,kinikli,1,1,50,10,0,7000
5612,denizli,pamukkale,siteler,1,1,48,3,0,7000
5613,denizli,pamukkale,kuspinar,3,1,150,25,5,10000
5614,denizli,pamukkale,kinikli,1,1,60,0,2,10000
5616,denizli,pamukkale,cumhuriyet,1,1,40,5,2,5500
5617,denizli,pamukkale,zeytinkoy,1,1,91,9,1,7000
5618,denizli,pamukkale,zeytinkoy,1,1,60,20,3,5000
5621,denizli,pamukkale,incilipinar,1,1,45,2,2,6999
5622,denizli,pamukkale,kuspinar,3,1,145,25,1,15000
5623,denizli,pamukkale,topraklik,1,1,55,5,3,8000
5624,denizli,pamukkale,kinikli,1,1,45,0,1,10000
5625,denizli,pamukkale,zeytinkoy,1,1,52,1,3,10000
5626,denizli,merkezefendi,gultepe,2,1,100,25,3,8000
5627,denizli,pamukkale,kinikli,1,1,55,5,2,7000
5628,denizli,pamukkale,cumhuriyet,1,1,50,3,2,7000
5629,denizli,pamukkale,asmalievler,1,1,70,8,3,8000
5630,denizli,pamukkale,mehmetcik,1,1,55,7,3,10000
5631,denizli,merkezefendi,muratdede,1,1,55,6,3,6500
5632,denizli,pamukkale,feslegen,1,1,70,10,3,6500
5633,denizli,pamukkale,zumrut,3,1,180,15,3,17000
5634,denizli,pamukkale,zeytinkoy,1,1,55,5,3,8500
5635,denizli,pamukkale,zeytinkoy,2,1,50,4,2,8500
5636,denizli,pamukkale,asmalievler,1,1,55,7,1,6500
5637,denizli,pamukkale,istiklal,4,1,125,15,3,11000
5638,denizli,merkezefendi,akkonak,1,1,42,5,3,7000
5639,denizli,merkezefendi,degirmenonu,1,1,55,6,1,8000
5640,denizli,pamukkale,asmalievler,2,1,60,7,2,8500
5641,denizli,merkezefendi,degirmenonu,2,1,65,5,1,10000
5642,denizli,merkezefendi,degirmenonu,1,1,55,3,3,8000
5643,denizli,merkezefendi,sumer,1,1,59,6,3,6000
5644,denizli,pamukkale,zumrut,1,1,60,3,0,5500
5645,denizli,pamukkale,feslegen,2,1,75,5,3,12000
5646,denizli,pamukkale,asmalievler,2,1,60,5,2,6750
5647,denizli,pamukkale,asmalievler,1,1,55,10,3,7000
5648,denizli,pamukkale,yunusemre,2,1,60,20,0,4500
5649,denizli,pamukkale,siteler,1,1,35,10,0,5000
5650,denizli,pamukkale,yunusemre,1,1,50,0,3,10000
5651,denizli,pamukkale,kinikli,1,1,55,5,2,7000
5653,denizli,pamukkale,karakurt,1,1,60,15,3,7000
5654,denizli,pamukkale,siteler,1,1,65,10,0,6999
5655,denizli,pamukkale,zeytinkoy,2,1,65,7,0,7500
5656,denizli,pamukkale,asmalievler,1,1,40,8,4,4500
5657,denizli,merkezefendi,saraylar,1,1,45,0,3,7000
5658,denizli,pamukkale,yunusemre,1,1,45,10,3,4999
5659,denizli,pamukkale,asmalievler,1,1,35,10,3,8500
5660,denizli,pamukkale,asmalievler,1,1,55,5,4,5000
5662,denizli,pamukkale,asmalievler,1,1,50,13,4,4999
5663,denizli,pamukkale,kayihan,1,1,55,10,5,5000
5665,denizli,pamukkale,kinikli,2,1,70,10,0,4999
5666,denizli,pamukkale,asmalievler,1,1,50,8,3,6500
5668,denizli,pamukkale,kinikli,1,1,45,10,4,4999
5669,denizli,merkezefendi,degirmenonu,1,1,50,5,3,6500
5670,denizli,pamukkale,fatih,1,1,85,8,2,14750
5671,denizli,merkezefendi,degirmenonu,1,1,55,10,1,6500
5672,denizli,pamukkale,feslegen,1,1,65,10,1,7500
5673,denizli,pamukkale,zeytinkoy,1,1,50,10,0,8000
5674,denizli,pamukkale,yunusemre,2,1,65,10,0,5500
5675,denizli,pamukkale,zeytinkoy,2,1,90,12,5,6000
5676,denizli,pamukkale,asmalievler,2,1,65,6,3,8000
5677,denizli,pamukkale,asmalievler,1,1,50,8,2,5500
5678,denizli,pamukkale,asmalievler,1,1,50,5,2,5000
5679,denizli,pamukkale,asmalievler,1,1,50,5,0,5000
5680,denizli,pamukkale,asmalievler,1,1,60,15,0,5500
5681,denizli,pamukkale,asmalievler,1,1,45,15,3,4000
5682,denizli,pamukkale,asmalievler,1,1,55,1,3,8000
5683,denizli,pamukkale,yunusemre,1,1,50,8,2,6000
5684,denizli,pamukkale,topraklik,1,1,55,5,3,8300
5685,denizli,merkezefendi,akkonak,1,1,55,10,1,5000
5686,denizli,pamukkale,istiklal,1,1,45,5,3,6000
5687,denizli,pamukkale,15_mayis,1,1,55,4,3,7500
5688,denizli,pamukkale,istiklal,1,1,55,5,3,7000
5689,denizli,pamukkale,15_mayis,1,1,55,3,3,9000
5690,denizli,pamukkale,asmalievler,1,1,60,15,0,5500
5691,denizli,pamukkale,topraklik,1,1,55,5,3,8300
5692,mugla,bodrum,dirmil,3,1,210,16,0,50000
5694,mugla,bodrum,eskicesme,2,1,80,20,5,35000
5696,mugla,mentese,emirbeyazit,2,1,95,28,1,18000
5697,mugla,bodrum,umurca,2,1,85,10,2,30000
5698,mugla,ortaca,okcular,3,1,160,0,2,26500
5699,mugla,ula,akyaka,2,1,90,2,2,24500
5700,mugla,datca,iskele,2,1,90,9,2,25000
5701,mugla,fethiye,yeni,3,1,180,5,0,50000
5702,mugla,milas,gulluk,2,1,125,5,5,17500
5705,mugla,bodrum,bitez,3,1,150,8,2,50000
5706,mugla,dalaman,karacali,3,1,145,8,2,30000
5707,mugla,bodrum,gundogan,2,1,180,17,2,35000
5708,mugla,bodrum,bitez,2,1,110,22,2,30000
5710,mugla,bodrum,yenikoy,2,1,135,15,2,30000
5712,mugla,bodrum,eskicesme,1,1,50,18,2,20000
5713,mugla,ortaca,cayli,2,1,140,0,1,15000
5714,mugla,bodrum,gumusluk,3,1,160,5,1,20000
5715,mugla,mentese,kafaca,4,1,155,26,2,17500
5717,mugla,ortaca,karaburun,2,1,76,0,1,18000
5718,mugla,bodrum,muskebi,3,1,120,2,2,40000
5719,mugla,bodrum,gundogan,2,1,150,15,0,60000
5720,mugla,ula,gokova,2,1,85,20,3,18500
5721,mugla,ortaca,cayli,2,1,86,0,1,11500
5722,mugla,ortaca,kemaliye,3,1,150,1,0,10000
5723,mugla,bodrum,gundogan,2,1,100,10,2,30000
5726,mugla,koycegiz,gulpinar,4,1,160,10,2,20000
5727,mugla,dalaman,karacali,3,1,145,3,5,20000
5728,mugla,milas,dorttepe,1,1,65,4,0,15000
5730,mugla,dalaman,sogutluyurt,2,1,95,3,1,14000
5731,mugla,bodrum,bitez,2,1,110,12,0,55000
5732,mugla,bodrum,bahcelievler,2,1,85,0,2,37500
5733,mugla,mentese,emirbeyazit,3,1,170,20,1,27000
5736,mugla,milas,ismet_pasa,3,1,145,0,5,22500
5737,mugla,mentese,ortakoy,1,1,75,0,1,17500
5738,mugla,bodrum,eskicesme,2,1,95,1,2,40000
5739,mugla,bodrum,cirkan,3,1,130,12,1,35000
5740,mugla,bodrum,yenikoy,2,1,95,15,2,35000
5741,mugla,dalaman,sogutluyurt,1,1,58,0,1,9000
5742,mugla,koycegiz,hamitkoy,2,1,125,11,2,14000
5743,mugla,bodrum,bahcelievler,2,1,85,0,0,40000
5744,mugla,bodrum,tepecik,1,1,85,10,2,25000
5745,mugla,bodrum,umurca,2,1,85,2,2,25000
5746,mugla,koycegiz,gelisim,3,1,120,11,1,16500
5747,mugla,marmaris,armutalan,3,1,180,21,1,44000
5749,mugla,bodrum,turgutreis,2,1,80,15,0,25000
5750,mugla,dalaman,hurriyet,2,1,80,0,3,12000
5751,mugla,ortaca,cayli,2,1,85,0,2,12000
5752,mugla,dalaman,merkez,1,1,55,0,5,9000
5753,mugla,bodrum,geris,2,1,85,5,0,60000
5754,mugla,bodrum,turgutreis,2,1,90,5,1,25000
5755,mugla,bodrum,yalikavak,3,1,100,5,0,37500
5757,mugla,bodrum,kumbahce,1,1,100,10,0,29750
5759,mugla,bodrum,carsi,3,1,140,13,1,25000
5760,mugla,fethiye,patlangic,2,1,115,25,0,15000
5762,mugla,mentese,bayir,2,1,95,1,5,13000
5765,mugla,milas,oren,2,1,100,10,1,15000
5766,mugla,fethiye,ciftlik,2,1,120,25,2,20000
5767,mugla,bodrum,gundogan,2,1,80,17,0,50000
5768,mugla,bodrum,gundogan,2,1,100,1,3,40000
5769,mugla,koycegiz,beyobasi,3,1,125,15,2,20000
5770,mugla,mentese,karamehmet,1,1,65,5,0,9000
5771,mugla,ortaca,terzialiler,1,1,60,10,2,12000
5772,mugla,fethiye,karagedik,2,1,85,10,0,25000
5773,mugla,seydikemer,cumhuriyet,3,1,105,10,3,10000
5774,mugla,ula,akyaka,1,1,70,4,1,15000
5775,mugla,mentese,bayir,3,1,150,5,5,20000
5776,mugla,koycegiz,beyobasi,4,1,145,15,2,12000
5777,mugla,bodrum,eskicesme,1,1,50,0,0,28000
5778,mugla,bodrum,akcaalan,2,1,90,20,0,15000
5779,mugla,dalaman,sogutluyurt,2,1,120,3,1,14000
5782,mugla,bodrum,eskicesme,3,1,120,0,5,40000
5783,mugla,milas,oren,2,1,62,0,0,30000
5784,mugla,ortaca,karaburun,1,1,60,2,3,15000
5785,mugla,milas,gulluk,3,1,110,5,0,25000
5786,mugla,milas,bogazici,2,1,120,15,2,45000
5787,mugla,milas,bogazici,2,1,120,15,2,45000
5788,mugla,koycegiz,dogusbelen,3,1,180,10,5,12000
5793,mugla,milas,bogazici,4,1,210,11,0,49000
5795,mugla,bodrum,yakakoy,2,1,86,0,5,25000
5796,mugla,milas,bogazici,3,1,95,8,2,30000
5797,mugla,dalaman,merkez,1,1,60,3,0,13250
5798,mugla,marmaris,turgut,2,1,120,5,2,30000
5799,mugla,dalaman,ege,3,1,150,10,2,20000
5800,mugla,mentese,dugerek,3,1,140,10,2,21000
5804,mugla,ortaca,cayli,3,1,140,20,2,50000
5809,mugla,fethiye,tuzla,1,1,80,10,3,15000
5810,mugla,bodrum,eskicesme,2,1,55,15,5,50000
5811,mugla,datca,kizlan,2,1,150,2,2,22500
5812,mugla,bodrum,koyunbaba,3,1,120,25,2,45000
5813,mugla,fethiye,foca,4,1,200,10,2,45000
5814,mugla,bodrum,muskebi,3,1,180,10,5,42000
5816,mugla,bodrum,bitez,2,1,95,15,5,30000
5818,mugla,bodrum,karabag,2,1,110,7,0,28000
5819,mugla,dalaman,karacali,2,1,80,3,1,14750
5820,mugla,datca,emecik,3,1,120,10,0,23000
5822,mugla,dalaman,karacali,2,1,90,2,2,18000
5827,mugla,bodrum,turgutreis,2,1,90,5,2,50000
5828,mugla,bodrum,yalikavak,2,1,75,16,0,25000
5831,mugla,bodrum,torba,1,1,55,11,0,35000
5832,mugla,fethiye,tuzla,1,1,70,10,5,15000
5833,mugla,bodrum,umurca,3,1,110,5,2,45000
5834,mugla,milas,gulluk,2,1,130,5,1,35000
5836,mugla,dalaman,altintas,1,1,60,0,1,11000
5837,mugla,mentese,bayir,2,1,98,0,1,12500
5838,mugla,bodrum,gundogan,3,1,120,14,0,55000
5840,mugla,dalaman,ege,3,1,160,0,2,35000
5841,mugla,mentese,emirbeyazit,1,1,65,15,5,17000
5842,mugla,mentese,emirbeyazit,1,1,50,0,1,12000
5844,mugla,datca,iskele,1,1,55,10,1,14000
5847,mugla,bodrum,derekoy,2,1,100,0,3,20000
5848,mugla,bodrum,gumbet,3,1,100,15,2,33000
5849,mugla,bodrum,dirmil,3,1,140,10,2,50000
5850,mugla,ula,alparslan,1,1,50,4,5,8000
5852,mugla,fethiye,akarca,2,1,80,18,1,15000
5855,mugla,bodrum,tepecik,2,1,85,15,1,25000
5856,mugla,bodrum,karabag,2,1,75,4,2,22500
5857,mugla,datca,emecik,1,1,55,20,1,15000
5858,mugla,ortaca,ataturk,3,1,120,0,2,15000
5859,mugla,mentese,kotekli,2,1,60,10,5,12000
5860,mugla,fethiye,karaculha,1,1,56,1,2,9000
5861,mugla,ortaca,cayli,2,1,85,0,2,12000
5862,mugla,bodrum,gumbet,3,1,110,25,2,30000
5863,mugla,milas,cumhuriyet,2,1,125,10,1,15000
5864,mugla,koycegiz,toparlar,3,1,125,10,2,20000
5865,mugla,bodrum,islamhaneleri,3,1,110,10,3,20000
5866,mugla,fethiye,camkoy,3,1,140,1,2,17000
5867,mugla,bodrum,golkoy,2,1,135,11,2,30000
5868,mugla,fethiye,foca,1,1,60,15,3,12000
5869,mugla,fethiye,babatasi,2,1,105,11,0,15000
5870,mugla,mentese,yesilyurt,2,1,120,20,2,10000
5871,mugla,fethiye,patlangic,2,1,120,4,2,20000
5872,mugla,bodrum,gundogan,3,1,130,20,2,33000
5874,mugla,dalaman,merkez,2,1,150,0,1,13000
5875,mugla,bodrum,geris,2,1,95,10,5,45000
5876,mugla,bodrum,eskicesme,2,1,70,2,1,50000
5877,mugla,koycegiz,beyobasi,1,1,65,10,2,6000
5878,mugla,mentese,bayir,2,1,95,3,5,13000
5879,mugla,ortaca,bahcelievler,3,1,165,10,0,12000
5880,mugla,bodrum,gundogan,2,1,110,3,2,30000
5883,mugla,ortaca,akinci,4,1,200,1,0,50000
5884,mugla,ortaca,guzelyurt,2,1,110,10,5,20000
5885,mugla,fethiye,karaculha,3,1,170,11,2,14000
5886,mugla,bodrum,karabag,3,1,140,11,2,50000
5887,mugla,bodrum,kumbahce,1,1,70,16,0,29000
5889,mugla,fethiye,camkoy,2,1,100,0,2,20000
5890,mugla,fethiye,cami,3,1,140,16,0,15000
5892,mugla,fethiye,kesikkapi,2,1,130,30,3,25000
5895,mugla,koycegiz,toparlar,3,1,110,8,1,20000
5896,mugla,milas,becin,3,1,125,15,4,15000
5897,mugla,datca,resadiye,2,1,85,1,1,22000
5899,mugla,dalaman,merkez,1,1,70,0,2,8500
5900,mugla,bodrum,turgutreis,2,1,80,15,0,25000
5902,mugla,bodrum,torba,3,1,170,15,2,50000
5903,mugla,bodrum,gumbet,2,1,90,25,2,30000
5905,mugla,koycegiz,pinar,3,1,110,15,2,8000
5906,mugla,ortaca,cayli,4,1,220,0,0,50000
5907,mugla,fethiye,pazaryeri,2,1,90,11,5,15000
5908,mugla,dalaman,hurriyet,1,1,60,1,2,10000
5910,mugla,bodrum,mumcular,2,1,75,2,3,12500
5911,mugla,bodrum,gumbet,2,1,100,9,5,30000
5912,mugla,bodrum,gumbet,2,1,90,10,3,30000
5913,mugla,marmaris,armutalan,2,1,120,16,0,30000
5915,mugla,fethiye,menteseoglu,2,1,85,2,5,13000
5916,mugla,bodrum,cumhuriyet,2,1,120,20,2,35000
5917,mugla,bodrum,kumbahce,1,1,75,20,2,60000
5919,mugla,dalaman,merkez,2,1,90,0,2,15000
5920,mugla,marmaris,tepe,2,1,100,4,2,30000
5922,mugla,marmaris,sogut,2,1,90,5,0,20000
5923,mugla,fethiye,tasyaka,1,1,68,15,3,12000
5924,mugla,koycegiz,yeni,2,1,110,15,3,20000
5925,mugla,ortaca,beskopru,1,1,65,2,1,14000
5926,mugla,dalaman,hurriyet,2,1,110,2,2,14000
5927,mugla,dalaman,hurriyet,3,1,170,0,3,18500
5928,mugla,koycegiz,toparlar,1,1,78,0,2,12000
5929,mugla,marmaris,icmeler,2,1,90,30,2,25000
5930,mugla,marmaris,turgut,1,1,55,2,0,14000
5931,mugla,koycegiz,pinar,2,1,90,15,2,7000
5932,mugla,marmaris,armutalan,2,1,110,11,0,27000
5933,mugla,bodrum,karabag,2,1,62,11,3,22000
5935,mugla,mentese,bayir,2,1,90,5,2,14000
5937,mugla,ortaca,guzelyurt,2,1,121,2,2,19000
5940,mugla,fethiye,oludeniz,3,1,120,5,1,24000
5941,mugla,milas,ismet_pasa,3,1,130,8,3,18000
5945,mugla,dalaman,ege,2,1,120,26,0,20000
5946,mugla,bodrum,bitez,2,1,100,15,0,30000
5948,mugla,mentese,orhaniye,3,1,130,26,3,20000
5949,mugla,koycegiz,zeytinalani,2,1,100,5,2,6500
5954,mugla,bodrum,akcaalan,3,1,140,15,0,25000
5955,mugla,bodrum,mumcular,2,1,80,3,0,16000
5956,mugla,bodrum,turgutreis,2,1,80,10,2,35000
5959,mugla,ortaca,cayli,3,1,150,0,3,13000
5960,mugla,bodrum,eskicesme,1,1,55,3,3,34000
5961,mugla,ula,sirinkoy,2,1,100,8,2,20000
5962,mugla,koycegiz,yeni,2,1,105,0,0,15000
5965,mugla,fethiye,pazaryeri,2,1,90,3,5,12000
5967,mugla,koycegiz,yangi,2,1,108,1,2,15000
5972,mugla,milas,oren,3,1,100,10,2,21000
5974,mugla,fethiye,gocek,3,1,180,10,2,35000
5975,mugla,fethiye,oludeniz,2,1,105,14,5,30000
5977,mugla,mentese,emirbeyazit,2,1,103,3,3,24000
5978,mugla,fethiye,oludeniz,1,1,90,4,2,20000
5981,mugla,bodrum,turgutreis,2,1,120,20,2,35000
5983,mugla,mentese,bayir,4,1,228,1,2,37500
5987,mugla,fethiye,pazaryeri,1,1,50,3,2,12000
5988,mugla,milas,gunes,3,1,135,20,3,12000
5989,mugla,milas,turkevleri,2,1,75,16,1,35000
5992,mugla,mentese,karamehmet,3,1,130,10,5,26000
5993,mugla,milas,gumusluk,4,1,190,16,5,14500
5994,mugla,fethiye,tasyaka,2,1,75,0,0,17500
5996,mugla,fethiye,ciftlik,2,1,145,20,2,28500
5997,mugla,mentese,dugerek,1,1,55,1,0,7500
5998,mugla,ortaca,karaburun,1,1,68,0,2,12500
6002,mugla,koycegiz,toparlar,3,1,151,11,3,12000
6004,mugla,koycegiz,gelisim,3,1,130,1,3,20000
6005,mugla,ula,gokce,3,1,125,15,2,26000
6008,mugla,marmaris,tepe,2,1,90,20,3,25000
6009,mugla,fethiye,ciftlik,3,1,170,4,0,43000
6011,mugla,koycegiz,gulpinar,4,1,200,20,2,20000
6014,mugla,mentese,karamehmet,2,1,110,8,5,15000
6015,mugla,dalaman,karacali,3,1,125,2,2,16000
6018,mugla,bodrum,carsi,2,1,90,9,2,35000
6021,mugla,bodrum,turkbuku,2,1,110,16,2,25000
6022,mugla,fethiye,ciftlik,2,1,120,21,2,60000
6023,mugla,ula,akyaka,2,1,90,10,2,20000
6024,mugla,koycegiz,beyobasi,3,1,150,0,0,35000
6026,mugla,mentese,emirbeyazit,3,1,120,13,0,28000
6027,mugla,bodrum,dirmil,2,1,115,10,2,25500
6028,mugla,bodrum,bitez,3,1,130,4,0,45000
6030,mugla,koycegiz,yangi,2,1,75,0,2,15000
6031,mugla,marmaris,icmeler,2,1,90,15,0,17000
6032,mugla,dalaman,serefler,3,1,110,5,2,15000
6033,mugla,bodrum,peksimet,2,1,110,5,2,45000
6034,mugla,datca,datca,2,1,140,7,2,40000
6035,mugla,bodrum,karabag,3,1,140,16,0,30000
6036,mugla,dalaman,karacali,3,1,140,21,3,13500
6037,mugla,dalaman,merkez,2,1,150,12,2,11000
6039,mugla,fethiye,kayakoy,2,1,120,3,2,59500
6041,mugla,milas,bogazici,4,1,130,15,2,25000
6044,mugla,bodrum,yahsi,3,1,135,7,2,60000
6047,mugla,milas,emek,3,1,65,0,3,15000
6048,mugla,bodrum,farilya,3,1,130,4,0,28000
6049,mugla,bodrum,koyunbaba,2,1,90,26,0,50000
6050,mugla,ortaca,eksiliyurt,2,1,90,5,2,12000
6053,mugla,bodrum,eskicesme,1,1,65,4,5,24000
6056,mugla,ortaca,ataturk,2,1,90,3,0,13000
6057,mugla,fethiye,tasyaka,2,1,70,4,3,18000
6060,mugla,mentese,bayir,2,1,85,0,3,15000
6062,mugla,bodrum,eskicesme,2,1,150,25,2,35000
6064,mugla,ortaca,beskopru,2,1,95,15,1,12000
6066,mugla,fethiye,foca,4,1,160,0,0,35000
6068,mugla,bodrum,turgutreis,2,1,110,8,5,30000
6069,mugla,dalaman,karacali,2,1,140,10,3,10000
6070,mugla,bodrum,bitez,2,1,70,25,0,40000
6072,mugla,ula,akyaka,3,1,110,10,2,28000
6074,mugla,mentese,muslihittin,3,1,160,15,3,25000
6078,mugla,bodrum,yalikavak,2,1,100,12,0,50000
6079,mugla,bodrum,karabag,2,1,95,15,0,25000
6080,mugla,ula,akyaka,3,1,130,15,2,25000
6081,mugla,mentese,ortakoy,3,1,135,20,2,17000
6082,mugla,mentese,kotekli,2,1,65,11,5,15000
6083,mugla,dalaman,sogutluyurt,2,1,70,5,3,12000
6084,mugla,ortaca,eksiliyurt,2,1,140,0,1,15000
6085,mugla,ortaca,bahcelievler,3,1,180,15,1,20000
6086,mugla,fethiye,tasyaka,2,1,85,2,3,16000
6087,mugla,bodrum,yalikavak,2,1,110,3,2,50000
6088,mugla,bodrum,torba,2,1,120,2,2,40000
6089,mugla,bodrum,karaova,2,1,80,0,0,15000
6090,mugla,milas,oren,3,1,115,1,2,27000
6091,mugla,milas,turkevleri,2,1,90,0,1,25000
6092,mugla,milas,emek,3,1,125,6,1,15000
6093,mugla,bodrum,akcaalan,2,1,75,5,2,25000
6094,mugla,bodrum,gumusluk,3,1,150,18,2,45000
6096,mugla,ortaca,beskopru,3,1,130,20,1,15000
6100,mugla,bodrum,umurca,2,1,125,25,1,35000
6101,mugla,fethiye,kargi,3,1,170,4,2,43000
6102,mugla,bodrum,bahcelievler,3,1,160,2,2,45000
6103,mugla,bodrum,kumbahce,2,1,70,20,2,30000
6104,mugla,marmaris,orhaniye,2,1,90,16,1,20000
6107,mugla,bodrum,eskicesme,1,1,60,3,2,25000
6109,mugla,dalaman,kapukargin,3,1,140,15,0,12000
6110,mugla,dalaman,altintas,1,1,60,1,3,11500
6111,mugla,bodrum,dirmil,3,1,150,15,-2,45000
6113,mugla,fethiye,akarca,3,1,220,11,2,32500
6116,mugla,mentese,karamehmet,3,1,180,13,4,22000
6118,mugla,bodrum,bitez,2,1,90,2,5,30000
6119,mugla,dalaman,merkez,1,1,72,0,3,10500
6120,mugla,koycegiz,gelisim,2,1,65,0,0,18000
6121,mugla,bodrum,peksimet,3,1,160,18,2,45000
6122,mugla,fethiye,tasyaka,3,1,135,18,5,20000
6123,mugla,ortaca,cayli,2,1,95,11,5,14000
6125,mugla,mentese,kotekli,1,1,25,6,5,6500
6126,mugla,bodrum,torba,2,1,60,25,1,6000
6127,mugla,mentese,orhaniye,2,1,125,1,3,25000
6128,mugla,bodrum,eskicesme,1,1,70,2,0,32000
6130,mugla,bodrum,eskicesme,2,1,140,5,0,45000
6132,mugla,bodrum,peksimet,2,1,80,16,0,25000
6133,mugla,marmaris,turgut,2,1,95,10,2,40000
6134,mugla,fethiye,cami,1,1,67,7,3,15000
6135,mugla,ortaca,cumhuriyet,3,1,155,0,5,17500
6136,mugla,bodrum,turgutreis,2,1,80,15,0,20000
6139,mugla,milas,emek,3,1,125,20,3,15000
6140,mugla,mentese,bayir,2,1,70,0,1,12000
6141,mugla,bodrum,gumbet,2,1,90,0,2,40000
6142,mugla,bodrum,cirkan,2,1,130,20,0,27500
6143,mugla,datca,iskele,2,1,90,7,1,19500
6144,mugla,dalaman,hurriyet,2,1,130,15,2,15000
6146,mugla,mentese,ortakoy,1,1,75,0,1,18000
6149,mugla,marmaris,orhaniye,2,1,80,6,2,20000
6150,mugla,ortaca,eskikoy,2,1,105,6,1,12000
6151,mugla,fethiye,tuzla,2,1,110,15,3,20000
6152,mugla,ortaca,dalakli,3,1,110,15,2,15000
6153,mugla,milas,gulluk,2,1,150,5,2,20000
6154,mugla,bodrum,bahcelievler,2,1,85,20,3,25000
6155,mugla,bodrum,pinarlibelen,1,1,30,1,2,17000
6156,mugla,dalaman,merkez,3,1,150,1,4,15000
6157,mugla,bodrum,bitez,2,1,90,11,5,35000
6158,mugla,bodrum,akcaalan,2,1,80,5,1,20000
6159,mugla,bodrum,islamhaneleri,3,1,85,25,2,17500
6160,mugla,dalaman,kapukargin,4,1,140,2,2,5500
6162,mugla,koycegiz,toparlar,3,1,120,20,5,12500
6163,mugla,mentese,karsiyaka,3,1,135,25,1,15000
6164,mugla,ortaca,bahcelievler,2,1,85,0,2,14000
6165,mugla,dalaman,kapukargin,2,1,130,5,2,11500
6166,mugla,milas,haci_ilyas,3,1,145,5,1,16000
6167,mugla,bodrum,akyarlar,2,1,140,25,0,50000
6168,mugla,dalaman,karacali,2,1,100,0,1,13000
6170,mugla,dalaman,merkez,3,1,125,10,3,12500
6171,mugla,marmaris,tepe,2,1,80,26,2,30000
6172,mugla,ortaca,sarigerme,3,1,220,21,0,35000
6173,mugla,bodrum,karaova,2,1,87,12,5,15000
6174,mugla,dalaman,altintas,2,1,95,0,3,10000
6175,mugla,koycegiz,beyobasi,2,1,135,16,0,20000
6176,mugla,koycegiz,gelisim,2,1,120,11,5,15000
6177,mugla,ula,koprubasi,3,1,150,4,0,21500
6178,mugla,ula,koprubasi,1,1,60,4,2,10000
6179,mugla,mentese,karamehmet,2,1,75,5,2,15000
6180,mugla,bodrum,guvercinlik,3,1,170,29,0,28500
6182,mugla,ula,portakallik,3,1,100,15,2,12000
6183,mugla,dalaman,altintas,1,1,60,0,2,9000
6184,mugla,bodrum,eskicesme,1,1,50,7,3,25000
6185,mugla,milas,emek,2,1,120,16,1,13000
6186,mugla,ortaca,dikmekavak,1,1,70,3,2,10500
6187,mugla,ortaca,karaburun,2,1,90,0,5,13500
6189,mugla,dalaman,merkez,1,1,75,2,1,13000
6190,mugla,bodrum,bahcelievler,3,1,120,4,2,50000
6191,mugla,bodrum,umurca,2,1,80,13,2,55000
6192,mugla,koycegiz,yesilkoy,2,1,110,15,1,10000
6194,mugla,milas,ismet_pasa,3,1,125,10,2,15000
6195,mugla,milas,gulluk,3,1,180,7,5,45000
6196,mugla,bodrum,karabag,2,1,80,11,1,25000
6198,mugla,bodrum,eskicesme,1,1,75,5,0,40000
6199,mugla,milas,cumhuriyet,3,1,147,18,5,15000
6201,mugla,ortaca,ataturk,3,1,135,5,3,19000
6202,mugla,bodrum,bitez,2,1,100,18,0,35000
6203,mugla,mentese,orhaniye,3,1,149,2,2,25000
6204,mugla,fethiye,pazaryeri,2,1,95,3,2,12000
6205,mugla,bodrum,islamhaneleri,2,1,90,2,2,30000
6206,mugla,ortaca,karaburun,2,1,85,0,1,13000
6207,mugla,fethiye,pazaryeri,3,1,160,25,3,15000
6208,mugla,marmaris,sariana,2,1,95,5,3,30000
6209,mugla,milas,oren,3,1,110,30,2,17000
6210,mugla,seydikemer,ugurlu,2,1,90,1,2,3250
6211,mugla,milas,gulluk,2,1,80,25,3,20000
6212,mugla,koycegiz,ulucami,4,1,200,10,0,27500
6213,mugla,koycegiz,gulpinar,3,1,155,15,-1,16000
6214,mugla,ortaca,terzialiler,2,1,100,4,3,15000
6215,mugla,mentese,kotekli,2,1,70,9,2,12000
6218,mugla,fethiye,foca,2,1,100,4,2,50000
6220,mugla,bodrum,cirkan,2,1,85,11,0,25000
6222,mugla,marmaris,armutalan,2,1,110,11,3,30000
6223,mugla,mentese,emirbeyazit,2,1,110,21,3,15000
6224,mugla,ortaca,beskopru,3,1,145,11,2,15000
6225,mugla,fethiye,patlangic,2,1,80,0,1,13000
6228,mugla,marmaris,turunc,3,1,160,1,-2,20000
6229,mugla,bodrum,bitez,2,1,70,1,0,45000
6230,mugla,fethiye,kesikkapi,2,1,85,4,2,17000
6231,mugla,milas,ismet_pasa,1,1,75,5,0,18000
6232,mugla,bodrum,kumbahce,2,1,85,2,2,50000
6233,mugla,ortaca,dalyan,2,1,110,16,5,18500
6234,mugla,ortaca,cumhuriyet,1,1,30,0,0,12500
6235,mugla,milas,gulluk,3,1,150,15,2,20000
6236,mugla,bodrum,dirmil,3,1,150,5,2,55000
6237,mugla,bodrum,umurca,2,1,85,20,0,35000
6238,mugla,fethiye,yeni,2,1,110,5,0,20000
6242,mugla,milas,cumhuriyet,3,1,135,18,5,18000
6243,mugla,bodrum,kumbahce,1,1,110,15,0,40000
6244,mugla,mentese,muslihittin,3,1,145,5,3,16000
6245,mugla,bodrum,konacik,2,1,70,0,3,35000
6246,mugla,bodrum,yokusbasi,2,1,95,11,2,25500
6247,mugla,fethiye,tuzla,4,1,140,20,5,18000
6248,mugla,bodrum,kumbahce,3,1,145,21,0,40000
6249,mugla,milas,ismet_pasa,3,1,125,25,-2,20000
6250,mugla,bodrum,mumcular,3,1,110,5,0,16000
6251,mugla,fethiye,karaculha,2,1,110,30,2,10000
6252,mugla,milas,oren,2,1,105,15,2,17500
6253,mugla,marmaris,icmeler,1,1,50,20,1,17000
6254,mugla,milas,gulluk,1,1,60,12,3,20000
6255,mugla,bodrum,eskicesme,3,1,140,5,0,55000
6257,mugla,mentese,gulagzi,3,1,160,2,2,35000
6258,mugla,marmaris,orhaniye,2,1,85,25,2,20000
6259,mugla,dalaman,hurriyet,1,1,60,2,1,11000
6261,mugla,fethiye,yeni,2,1,95,6,5,13000
6262,mugla,bodrum,yahsi,1,1,50,10,0,60000
6264,mugla,fethiye,yaniklar,1,1,65,12,5,15000
6265,mugla,ortaca,ataturk,2,1,110,5,0,15000
6266,mugla,ortaca,cumhuriyet,2,1,115,0,5,13500
6267,mugla,ula,akyaka,2,1,70,10,0,15000
6270,mugla,dalaman,karacali,3,1,160,5,3,16000
6271,mugla,mentese,karamehmet,3,1,150,15,3,23500
6272,mugla,mentese,yenikoy,3,1,80,5,2,14000
6273,mugla,marmaris,armutalan,2,1,120,26,2,35000
6274,mugla,fethiye,foca,3,1,140,11,2,30000
6275,mugla,bodrum,carsi,2,1,85,15,2,25000
6276,mugla,marmaris,tepe,3,1,105,20,1,25000
6277,mugla,bodrum,gumbet,1,1,70,4,2,35000
6278,mugla,yatagan,yeni,3,1,120,20,2,10000
6279,mugla,bodrum,muskebi,1,1,33,0,0,15000
6280,mugla,bodrum,gumusluk,2,1,80,0,0,20000
6281,mugla,mentese,kotekli,2,1,55,10,1,9000
6283,mugla,marmaris,siteler,2,1,85,20,2,25000
6284,mugla,ula,esentepe,2,1,100,5,-2,15000
6289,mugla,fethiye,tasyaka,2,1,115,4,2,15000
6290,mugla,ula,akyaka,1,1,65,1,0,15000
6291,mugla,milas,kazikli,2,1,80,25,0,9000
6292,mugla,milas,gumusluk,1,1,200,30,0,11000
6293,mugla,ortaca,guzelyurt,3,1,145,5,2,14500
6294,mugla,fethiye,akarca,4,1,165,3,2,30000
6296,mugla,mentese,bayir,3,1,155,1,5,18000
6297,mugla,koycegiz,yeni,3,1,110,0,2,20000
6298,mugla,fethiye,yeni,2,1,90,20,1,11500
6299,mugla,bodrum,kumbahce,3,1,140,26,0,50000
6300,mugla,fethiye,tasyaka,2,1,120,11,2,20000
6301,mugla,bodrum,turkkuyusu,2,1,100,5,0,35000
6302,mugla,milas,oren,3,1,125,11,2,20000
6303,mugla,bodrum,bitez,1,1,30,9,0,10000
6304,mugla,bodrum,gumbet,2,1,80,3,2,50000
6305,mugla,milas,emek,1,1,55,0,1,10000
6306,mugla,dalaman,merkez,2,1,80,7,5,11000
6307,mugla,marmaris,orhaniye,2,1,90,1,2,3000
6308,mugla,ortaca,fevziye,1,1,70,10,2,10000
6309,mugla,marmaris,turunc,2,1,95,25,5,18000
6311,mugla,mentese,kotekli,2,1,65,1,0,8000
6312,mugla,bodrum,konacik,2,1,90,12,0,40000
6313,mugla,dalaman,atakent,1,1,70,0,0,12000
6314,mugla,datca,iskele,2,1,90,5,1,20000
6315,mugla,bodrum,yenikoy,2,1,90,26,2,28000
6316,mugla,fethiye,camkoy,2,1,100,3,0,15000
6318,mugla,bodrum,gundogan,3,1,180,14,2,60000
6321,mugla,bodrum,gumbet,2,1,80,1,0,60000
6322,mugla,ortaca,eksiliyurt,1,1,80,6,2,15000
6323,mugla,milas,gulluk,2,1,80,5,1,18000
6324,mugla,bodrum,yenikoy,2,1,95,18,0,33000
6326,mugla,ortaca,sarigerme,2,1,160,1,2,5000
6327,mugla,marmaris,kemeralti,2,1,120,25,3,30000
6328,mugla,bodrum,bahcelievler,3,1,140,4,2,45000
6329,mugla,mentese,orhaniye,3,1,130,11,2,20000
6330,mugla,milas,haci_ilyas,2,1,100,10,2,12000
6331,mugla,bodrum,turgutreis,2,1,90,16,0,20000
6333,mugla,bodrum,koyunbaba,2,1,164,5,3,60000
6335,mugla,fethiye,pazaryeri,2,1,85,1,0,40000
6336,mugla,ortaca,arikbasi,3,1,145,10,3,15000
6338,mugla,fethiye,tasyaka,2,1,100,15,3,20000
6341,mugla,fethiye,cumhuriyet,1,1,75,16,3,27000
6342,mugla,milas,oren,3,1,115,1,2,20000
6343,mugla,bodrum,yenikoy,3,1,150,21,2,40000
6345,mugla,ortaca,yesilyurt,2,1,95,15,5,10000
6346,mugla,mentese,yenikoy,3,1,150,5,2,22500
6349,mugla,milas,becin,1,1,55,12,3,14500
6350,mugla,marmaris,armutalan,2,1,130,16,2,45000
6351,mugla,marmaris,armutalan,2,1,95,15,0,30000
6354,mugla,bodrum,torba,2,1,75,15,0,25000
6356,mugla,marmaris,selimiye,2,1,165,25,2,39900
6357,mugla,bodrum,yahsi,1,1,85,7,0,35000
6358,mugla,milas,kiyikislacik,3,1,200,20,2,50000
6359,mugla,milas,bogazici,1,1,52,3,0,36000
6360,mugla,bodrum,turgutreis,2,1,60,30,3,25000
6361,mugla,fethiye,patlangic,2,1,100,4,1,18000
6362,mugla,bodrum,torba,3,1,160,26,0,50000
6365,mugla,ortaca,guzelyurt,2,1,110,1,2,19000
6368,mugla,fethiye,inlice,2,1,100,0,0,15000
6369,mugla,mentese,yesilyurt,3,1,125,28,0,15000
6370,mugla,marmaris,armutalan,1,1,50,17,3,20000
6371,mugla,milas,aydinlikevler,3,1,140,4,2,20000
6373,mugla,marmaris,beldibi,2,1,150,15,3,26500
6374,mugla,datca,mesudiye,2,1,100,5,2,15000
6375,mugla,ortaca,dalyan,4,1,180,5,0,25000
6376,mugla,milas,kiyikislacik,3,1,100,28,0,15500
6377,mugla,bodrum,gumusluk,3,1,140,30,2,25000
6378,mugla,ortaca,karaburun,1,1,65,5,3,12500
6380,mugla,fethiye,karaculha,2,1,95,5,5,13000
6382,mugla,marmaris,selimiye,3,1,110,1,2,12000
6383,mugla,mentese,gulagzi,4,1,200,6,2,36000
6386,mugla,fethiye,karaculha,2,1,110,25,0,11000
6387,mugla,bodrum,tepecik,3,1,137,21,2,39500
6389,mugla,ortaca,cumhuriyet,3,1,172,8,2,20000
6390,mugla,fethiye,tasyaka,3,1,90,15,5,16000
6391,mugla,fethiye,pazaryeri,2,1,85,1,2,40000
6392,mugla,dalaman,hurriyet,2,1,85,1,2,11500
6393,mugla,fethiye,oludeniz,4,1,220,11,0,45000
6394,mugla,milas,oren,3,1,125,19,2,20000
6395,mugla,fethiye,foca,2,1,80,15,3,16000
6397,mugla,bodrum,cevat_sakir,2,1,150,25,0,42500
6398,mugla,dalaman,sogutluyurt,1,1,55,0,2,10000
6400,mugla,bodrum,eskicesme,2,1,90,1,0,45000
6401,mugla,bodrum,eskicesme,2,1,75,5,2,42000
6402,mugla,koycegiz,toparlar,3,1,135,10,0,13500
6403,mugla,milas,gulluk,2,1,85,11,2,20000
6404,mugla,datca,iskele,1,1,55,4,5,40000
6406,mugla,mentese,karamehmet,3,1,150,15,3,18000
6407,mugla,bodrum,torba,1,1,70,1,0,22000
6410,mugla,ortaca,eskikoy,2,1,80,2,2,21000
6412,mugla,milas,bogazici,2,1,100,15,2,20000
6413,mugla,dalaman,sogutluyurt,2,1,90,0,3,10000
6414,mugla,marmaris,armutalan,3,1,160,16,1,30000
6415,mugla,milas,cumhuriyet,3,1,125,25,3,15500
6416,mugla,datca,iskele,2,1,75,4,-1,25000
6417,mugla,fethiye,pazaryeri,2,1,110,15,5,14000
6418,mugla,koycegiz,toparlar,2,1,150,4,3,15000
6419,mugla,koycegiz,gelisim,2,1,120,5,2,13000
6422,mugla,dalaman,sogutluyurt,2,1,100,10,5,10000
6423,mugla,bodrum,gumbet,2,1,85,15,0,40000
6424,mugla,ortaca,kemaliye,3,1,150,1,2,6000
6426,mugla,ortaca,dalyan,3,1,90,10,5,15000
6427,mugla,mentese,karamehmet,3,1,135,6,0,32500
6428,mugla,fethiye,foca,2,1,85,8,1,20000
6429,mugla,milas,dorttepe,2,1,95,2,0,23000
6430,mugla,bodrum,gumusluk,2,1,86,14,0,26000
6431,mugla,bodrum,bahcelievler,3,1,110,4,1,30000
6432,mugla,bodrum,bitez,2,1,90,11,0,30000
6433,mugla,mentese,yenikoy,2,1,50,10,0,6500
6436,mugla,datca,iskele,1,1,65,4,0,20000
6438,mugla,koycegiz,yeni,2,1,100,16,0,14000
6440,mugla,bodrum,bitez,2,1,80,10,2,25000
6441,mugla,bodrum,bahcelievler,3,1,130,5,0,30000
6442,mugla,marmaris,tepe,1,1,45,20,3,20000
6444,mugla,milas,gulluk,2,1,100,2,5,17500
6445,mugla,marmaris,tepe,2,1,95,30,2,30000
6446,mugla,dalaman,merkez,2,1,85,0,2,13000
6447,mugla,mentese,karamehmet,3,1,180,13,5,23000
6448,mugla,bodrum,islamhaneleri,3,1,120,22,5,50000
6450,mugla,bodrum,karaova,2,1,92,5,5,18000
6451,mugla,ortaca,cumhuriyet,2,1,85,0,3,13000
6452,mugla,bodrum,turkbuku,2,1,110,16,0,25000
6453,mugla,fethiye,kesikkapi,1,1,60,20,4,10000
6454,mugla,fethiye,foca,3,1,130,16,0,32500
6455,mugla,ortaca,dalyan,1,1,93,13,1,18000
6456,mugla,fethiye,foca,1,1,80,11,2,15000
6457,mugla,koycegiz,yeni,3,1,130,0,2,20000
6460,mugla,bodrum,koyunbaba,2,1,95,26,2,25000
6462,mugla,milas,haciabti,2,1,115,15,2,12500
6463,mugla,fethiye,karaculha,2,1,90,5,2,12000
6464,mugla,bodrum,cirkan,2,1,85,0,5,35000
6465,mugla,bodrum,cevat_sakir,3,1,200,10,3,30000
6466,mugla,marmaris,turgut,2,1,50,1,2,12000
6467,mugla,bodrum,yakakoy,3,1,200,5,2,50000
6468,mugla,bodrum,yahsi,2,1,90,12,0,30000
6469,mugla,bodrum,yalikavak,2,1,90,15,0,35000
6470,mugla,bodrum,bitez,2,1,90,15,2,35000
6472,mugla,marmaris,cildir,1,1,75,16,2,25000
6473,mugla,mentese,yenikoy,2,1,55,0,1,11000
6474,mugla,koycegiz,gelisim,3,1,132,5,0,18000
6476,mugla,bodrum,cirkan,2,1,110,16,3,28500
6477,mugla,dalaman,kapukargin,2,1,130,8,3,12000
6478,mugla,bodrum,bitez,2,1,120,10,0,40000
6479,mugla,bodrum,gumusluk,3,1,130,4,1,55000
6481,mugla,koycegiz,yeni,3,1,165,11,0,18000
6482,mugla,bodrum,karaova,2,1,75,5,5,13000
6484,mugla,dalaman,altintas,1,1,60,0,0,11000
6485,mugla,ortaca,eskikoy,3,1,120,15,1,13000
6486,mugla,mentese,gulagzi,3,1,145,16,2,21000
6488,mugla,fethiye,ciftlik,2,1,120,21,0,20000
6490,mugla,koycegiz,gelisim,2,1,100,5,0,20000
6491,mugla,fethiye,tuzla,2,1,130,11,0,20000
6492,mugla,fethiye,karaculha,2,1,85,0,2,10000
6493,mugla,marmaris,armutalan,2,1,75,16,1,20000
6494,mugla,bodrum,konacik,2,1,90,5,2,35000
6495,mugla,milas,meselik,2,1,60,6,5,18000
6497,mugla,bodrum,dirmil,2,1,80,15,3,25000
6498,mugla,mentese,yesilyurt,3,1,160,11,0,30000
6499,mugla,bodrum,koyunbaba,3,1,120,0,0,60000
6500,mugla,dalaman,serefler,2,1,170,11,2,15000
6501,mugla,fethiye,tasyaka,2,1,90,20,3,25000
6502,mugla,fethiye,foca,2,1,85,5,0,25000
6504,mugla,koycegiz,ekincik,2,1,80,0,0,15000
6505,mugla,ortaca,dalyan,3,1,140,5,2,41000
6506,mugla,marmaris,hisaronu,2,1,120,15,2,33000
6507,mugla,ortaca,cayli,2,1,80,0,3,13000
6508,mugla,bodrum,turkkuyusu,2,1,120,21,1,45000
6510,mugla,milas,oren,2,1,70,2,-1,15000
6511,mugla,bodrum,eskicesme,1,1,55,15,3,17000
6512,mugla,dalaman,karacali,2,1,95,0,2,15000
6513,mugla,bodrum,eskicesme,1,1,65,5,1,32000
6514,mugla,fethiye,tasyaka,1,1,70,15,0,13000
6515,mugla,bodrum,koyunbaba,2,1,85,17,0,22000
6517,mugla,koycegiz,gulpinar,3,1,140,5,0,18000
6518,mugla,dalaman,karacali,3,1,135,10,1,15500
6520,mugla,bodrum,cirkan,2,1,85,0,5,35000
6521,mugla,mentese,yenikoy,4,1,165,0,2,40000
6522,mugla,bodrum,turgutreis,1,1,60,20,0,20000
6523,mugla,ula,gokova,3,1,175,0,0,40000
6525,mugla,dalaman,altintas,1,1,60,0,2,11500
6526,mugla,ortaca,cumhuriyet,2,1,85,0,3,14000
6528,mugla,marmaris,armutalan,1,1,55,18,3,25000
6529,mugla,ortaca,eskikoy,2,1,115,10,2,15000
6530,mugla,ortaca,okcular,1,1,121,0,2,35000
6531,mugla,bodrum,peksimet,3,1,120,30,2,35000
6532,mugla,bodrum,geris,2,1,110,25,2,42000
6533,mugla,bodrum,eskicesme,1,1,65,15,2,20000
6534,mugla,mentese,akcaova,2,1,115,15,2,15000
6535,mugla,bodrum,kemer,3,1,100,25,0,35000
6536,mugla,fethiye,karaculha,2,1,135,15,0,10000
6538,mugla,bodrum,akcaalan,3,1,110,4,2,40000
6539,mugla,milas,ahmet_cavus_hayitli,2,1,130,11,2,27500
6540,mugla,milas,cumhuriyet,4,1,150,3,1,20000
6541,mugla,fethiye,tasyaka,2,1,80,15,3,13000
6542,mugla,fethiye,yaniklar,2,1,120,1,2,20000
6544,mugla,ortaca,dalyan,2,1,90,15,2,18000
6545,mugla,fethiye,cumhuriyet,1,1,40,25,2,17000
6546,mugla,bodrum,yenikoy,3,1,144,0,2,60000
6548,mugla,koycegiz,yeni,2,1,140,5,1,12000
6549,mugla,koycegiz,gelisim,2,1,100,5,0,11000
6550,mugla,marmaris,hisaronu,1,1,70,12,2,10000
6551,mugla,dalaman,ege,3,1,150,11,2,13000
6552,mugla,mentese,yesilyurt,2,1,90,11,0,15000
6554,mugla,ortaca,cayli,2,1,85,2,0,11000
6555,mugla,marmaris,armutalan,1,1,65,15,2,20000
6556,mugla,bodrum,yokusbasi,2,1,70,16,0,20000
6557,mugla,bodrum,kucukbuk,3,1,110,11,0,40000
6558,mugla,koycegiz,ulucami,3,1,125,4,2,25000
6559,mugla,mentese,emirbeyazit,4,1,185,17,1,35000
6560,mugla,dalaman,karacali,3,1,145,12,3,12000
6561,mugla,bodrum,bahcelievler,3,1,120,6,2,50000
6562,mugla,bodrum,akyarlar,4,1,140,16,0,60000
6565,mugla,fethiye,cami,2,1,105,4,2,18000
6567,mugla,bodrum,gumbet,2,1,85,11,2,50000
6568,mugla,mentese,yerkesik,2,1,110,15,1,10000
6569,mugla,dalaman,karacali,2,1,100,16,2,10000
6571,mugla,fethiye,camkoy,3,1,120,15,0,12000
6572,mugla,bodrum,peksimet,2,1,185,1,3,28500
6573,mugla,ortaca,cayli,3,1,145,6,2,14500
6575,mugla,bodrum,cevat_sakir,1,1,50,0,0,20000
6576,mugla,fethiye,tasyaka,3,1,170,15,3,20000
6578,mugla,dalaman,merkez,2,1,110,8,5,18000
6579,mugla,bodrum,cirkan,2,1,85,10,0,22000
6580,mugla,milas,oren,2,1,110,2,2,20000
6581,mugla,koycegiz,yangi,3,1,181,10,1,15000
6582,mugla,marmaris,orhaniye,2,1,62,6,2,10000
6584,mugla,bodrum,akcaalan,3,1,120,11,1,20000
6585,mugla,bodrum,bitez,2,1,100,20,1,25000
6587,mugla,ortaca,cayli,1,1,65,0,1,9500
6588,mugla,ortaca,dalyan,4,1,180,11,0,30000
6590,mugla,bodrum,karabag,2,1,95,7,0,30000
6591,mugla,milas,cokertme,2,1,80,6,5,12000
6592,mugla,bodrum,gundogan,2,1,75,3,3,27000
6593,mugla,ortaca,bahcelievler,3,1,140,5,1,13000
6594,mugla,bodrum,golkoy,1,1,65,20,0,25000
6595,mugla,mentese,kotekli,3,1,110,5,3,18000
6596,mugla,fethiye,yeni,3,1,125,15,5,13000
6597,mugla,koycegiz,beyobasi,3,1,130,10,2,12000
6598,mugla,fethiye,tasyaka,2,1,85,15,1,13000
6600,mugla,dalaman,merkez,3,1,140,16,2,10000
6601,mugla,dalaman,altintas,2,1,75,4,3,15000
6602,mugla,datca,iskele,2,1,100,2,0,35000
6603,mugla,bodrum,gumusluk,3,1,160,11,0,50000
6604,mugla,bodrum,karaova,2,1,130,2,2,16000
6605,mugla,milas,ahmet_cavus_hayitli,4,1,170,5,3,30000
6606,mugla,ula,kizilyaka,2,1,110,16,0,13000
6607,mugla,dalaman,ege,2,1,120,26,0,20000
6609,mugla,dalaman,karacali,3,1,140,4,1,15000
6610,mugla,dalaman,karacali,3,1,150,10,1,13000
6611,mugla,fethiye,oludeniz,3,1,160,7,2,50000
6612,mugla,marmaris,icmeler,3,1,150,21,0,25000
6613,mugla,milas,bogazici,4,1,200,3,2,20000
6615,mugla,ula,akyaka,2,1,80,11,0,25000
6616,mugla,koycegiz,toparlar,1,1,75,1,1,12000
6617,mugla,koycegiz,ulucami,4,1,142,3,2,26500
6618,mugla,fethiye,kargi,4,1,200,0,0,58000
6619,mugla,dalaman,merkez,3,1,135,1,3,15500
6620,mugla,dalaman,karacali,2,1,110,10,3,20000
6621,mugla,bodrum,gumusluk,2,1,140,5,0,45000
6623,mugla,milas,ismet_pasa,3,1,145,25,5,12000
6624,mugla,fethiye,oludeniz,3,1,220,5,0,30000
6625,mugla,bodrum,farilya,3,1,140,1,2,50000
6626,mugla,bodrum,eskicesme,1,1,60,1,1,36000
6627,mugla,bodrum,gumusluk,3,1,150,11,0,60000
6628,mugla,bodrum,mumcular,1,1,80,1,0,10000
6629,mugla,milas,haciabti,3,1,145,0,3,17000
6630,mugla,marmaris,icmeler,2,1,120,15,1,50000
6633,mugla,bodrum,bahcelievler,1,1,60,30,2,40000
6634,mugla,bodrum,konacik,2,1,70,10,2,35000
6635,mugla,fethiye,pazaryeri,2,1,75,16,5,15000
6636,mugla,bodrum,akyarlar,4,1,150,1,2,55000
6637,mugla,bodrum,geris,2,1,90,10,0,42000
6641,mugla,ortaca,karaburun,1,1,60,0,5,10000
6642,mugla,koycegiz,toparlar,3,1,110,5,2,13000
6643,mugla,bodrum,gumusluk,2,1,100,8,2,50000
6644,mugla,dalaman,karginkuru,1,1,55,0,2,4000
6645,mugla,ortaca,cumhuriyet,3,1,140,3,3,30000
6646,mugla,mentese,kotekli,1,1,50,7,0,9500
6647,mugla,bodrum,turgutreis,1,1,85,15,5,18000
6649,mugla,fethiye,patlangic,3,1,150,0,3,22000
6650,mugla,mentese,orhaniye,3,1,130,7,0,27500
6651,mugla,fethiye,catalarik,2,1,80,20,1,10000
6653,mugla,bodrum,eskicesme,2,1,75,15,0,25000
6654,mugla,ortaca,cumhuriyet,3,1,146,10,2,18000
6656,mugla,ortaca,cumhuriyet,3,1,150,5,3,14000
6657,mugla,ortaca,guzelyurt,3,1,145,18,2,11000
6658,mugla,dalaman,hurriyet,2,1,110,0,1,15000
6660,mugla,dalaman,hurriyet,2,1,95,2,3,13000
6661,mugla,marmaris,hisaronu,2,1,85,16,0,15000
6663,mugla,ortaca,sarigerme,3,1,140,11,0,23000
6664,mugla,milas,ahmet_cavus_hayitli,4,1,170,5,5,30000
6665,mugla,bodrum,bahcelievler,4,1,160,15,2,40000
6666,mugla,dalaman,hurriyet,1,1,70,0,5,7000
6667,mugla,datca,kizlan,1,1,55,5,0,13500
6668,mugla,dalaman,bezkese,1,1,75,0,1,8500
6669,mugla,mentese,kotekli,2,1,74,5,3,12500
6671,mugla,ortaca,fevziye,3,1,220,21,2,35000
6672,mugla,fethiye,foca,2,1,85,5,1,17000
6673,mugla,milas,oren,2,1,125,3,2,25000
6675,mugla,dalaman,merkez,2,1,130,3,3,20000
6676,mugla,bodrum,bahcelievler,4,1,200,15,2,40000
6679,mugla,mentese,bayir,2,1,90,0,1,14000
6680,mugla,milas,ismet_pasa,3,1,125,20,3,14000
6683,mugla,marmaris,armutalan,2,1,70,15,5,30000
6684,mugla,mentese,akcaova,3,1,5,15,1,20000
6685,mugla,marmaris,hatipirimi,1,1,60,16,5,20000
6686,mugla,datca,iskele,2,1,110,15,1,20000
6687,mugla,ortaca,karaburun,1,1,60,0,2,11000
6688,mugla,dalaman,karacali,3,1,185,15,1,14000
6689,mugla,koycegiz,hamitkoy,3,1,150,5,2,15000
6692,mugla,fethiye,ciftlik,3,1,160,1,0,33000
6693,mugla,bodrum,mumcular,1,1,80,1,1,10000
6695,mugla,fethiye,catalarik,2,1,85,5,2,12000
6696,mugla,ula,koprubasi,2,1,95,5,3,16000
6698,mugla,bodrum,turgutreis,2,1,70,11,0,25000
6699,mugla,bodrum,gumbet,1,1,65,0,2,20000
6700,mugla,milas,oren,2,1,60,2,0,13000
6701,mugla,mentese,gulagzi,3,1,110,1,1,25000
6702,mugla,fethiye,yeni,3,1,125,15,5,15000
6703,mugla,datca,iskele,1,1,65,6,0,15000
6704,mugla,bodrum,derekoy,3,1,200,4,0,50000
6705,mugla,fethiye,tasyaka,2,1,110,15,2,18000
6706,mugla,mentese,yenikoy,3,1,140,20,2,22000
6707,mugla,mentese,yesilyurt,3,1,113,16,0,9000
6708,mugla,dalaman,altintas,1,1,55,1,2,8000
6709,mugla,fethiye,yeni,3,1,100,15,1,13000
6710,mugla,bodrum,karaova,3,1,105,1,3,14000
6711,mugla,ortaca,beskopru,3,1,150,5,5,15000
6712,mugla,koycegiz,gelisim,2,1,140,11,0,13500
6715,mugla,marmaris,cildir,3,1,150,25,4,35000
6716,mugla,koycegiz,yangi,2,1,110,0,1,12000
6717,mugla,bodrum,akcaalan,2,1,112,20,0,15000
6718,mugla,dalaman,atakent,1,1,58,1,2,11500
6719,mugla,dalaman,altintas,1,1,70,1,1,7300
6721,mugla,dalaman,karacali,1,1,60,11,0,9500
6722,mugla,bodrum,umurca,1,1,58,0,2,30000
6723,mugla,bodrum,carsi,2,1,80,10,5,25000
6724,mugla,fethiye,inlice,2,1,100,0,2,20000
6725,mugla,bodrum,turgutreis,3,1,150,20,2,40000
6727,mugla,mentese,karamehmet,3,1,160,11,2,23000
6729,mugla,bodrum,yokusbasi,2,1,120,35,2,40000
6730,mugla,bodrum,eskicesme,1,1,60,5,2,32000
6731,mugla,milas,oren,2,1,105,3,1,17000
6733,mugla,koycegiz,zaferler,3,1,110,8,2,20000
6734,mugla,dalaman,ege,3,1,145,15,2,20000
6736,mugla,milas,meselik,3,1,100,15,0,18000
6737,mugla,bodrum,yokusbasi,2,1,90,10,2,32750
6738,mugla,mentese,kotekli,2,1,60,10,3,9000
6739,mugla,datca,datca,2,1,180,21,0,50000
6741,mugla,ortaca,eskikoy,2,1,125,10,2,15000
6742,mugla,dalaman,merkez,2,1,90,0,1,12000
6743,mugla,milas,gulluk,2,1,95,11,0,20000
6745,mugla,mentese,gulagzi,4,1,200,6,2,31000
6749,mugla,mentese,kotekli,2,1,90,5,3,11500
6752,mugla,bodrum,eskicesme,2,1,90,3,2,45000
6753,mugla,marmaris,icmeler,3,1,125,15,2,35000
6755,mugla,milas,haci_ilyas,3,1,125,25,5,10000
6757,mugla,marmaris,kemeralti,3,1,150,16,2,25000
6758,mugla,bodrum,kucukbuk,3,1,140,5,0,40000
6759,mugla,milas,meselik,1,1,43,0,0,12000
6760,mugla,bodrum,turgutreis,3,1,130,10,0,35000
6761,mugla,ula,kizilagac,3,1,120,10,1,16000
6762,mugla,milas,haciabti,2,1,90,1,1,12000
6763,mugla,mentese,akcaova,3,1,135,10,2,15000
6764,mugla,milas,cumhuriyet,2,1,110,10,2,15000
6765,mugla,bodrum,akcaalan,1,1,36,0,1,12500
6766,mugla,dalaman,ege,3,1,125,8,2,13000
6767,mugla,ula,kizilagac,2,1,100,11,0,10000
6769,mugla,marmaris,tepe,3,1,160,5,5,35000
6771,mugla,fethiye,patlangic,4,1,150,15,3,15000
6772,mugla,fethiye,kargi,2,1,80,1,2,3750
6774,mugla,bodrum,carsi,3,1,120,30,2,50000
6776,mugla,dalaman,altintas,2,1,100,1,1,15000
6777,mugla,ortaca,karaburun,3,1,100,3,3,13000
6779,mugla,fethiye,karagozler,2,1,160,11,3,38000
6780,mugla,koycegiz,toparlar,2,1,70,20,2,9000
6783,mugla,bodrum,turkkuyusu,2,1,90,10,2,25000
6784,mugla,marmaris,armutalan,3,1,145,20,2,35000
6785,mugla,mentese,yenikoy,1,1,45,6,5,6000
6786,mugla,koycegiz,gulpinar,4,1,180,2,-2,25000
6789,mugla,bodrum,umurca,2,1,90,20,0,25000
6792,mugla,bodrum,bahcelievler,3,1,105,10,2,25000
6793,mugla,marmaris,cildir,3,1,150,20,4,35000
6794,mugla,fethiye,patlangic,1,1,55,0,1,10000
6796,mugla,milas,firuzpasa_gazipasa,3,1,130,20,3,14000
6797,mugla,mentese,orhaniye,3,1,156,5,2,35000
6799,mugla,dalaman,bezkese,2,1,120,5,3,13000
6801,mugla,fethiye,oludeniz,1,1,60,10,1,10500
6802,mugla,ortaca,eksiliyurt,2,1,121,0,2,13000
6803,mugla,ula,ayazkiyi,2,1,110,18,1,11000
6804,mugla,fethiye,ciftlik,3,1,145,1,3,20000
6805,mugla,marmaris,orhaniye,1,1,50,0,1,12500
6806,mugla,bodrum,cevat_sakir,2,1,85,10,2,25000
6807,mugla,dalaman,hurriyet,1,1,70,10,2,12500
6808,mugla,marmaris,sogut,1,1,55,5,0,25000
6809,mugla,bodrum,akyarlar,2,1,80,15,0,30000
6810,mugla,fethiye,esenkoy,2,1,80,10,2,10000
6811,mugla,bodrum,yokusbasi,2,1,72,11,2,34000
6812,mugla,bodrum,yakakoy,1,1,60,0,0,17500
6814,mugla,marmaris,icmeler,2,1,100,11,2,30000
6817,mugla,dalaman,altintas,2,1,95,4,3,15000
6818,mugla,ortaca,terzialiler,3,1,160,20,1,13000
6820,mugla,bodrum,umurca,2,1,105,26,0,25000
6821,mugla,dalaman,ege,3,1,135,10,2,20000
6822,mugla,bodrum,gumusluk,2,1,102,3,2,25000
6823,mugla,mentese,kotekli,2,1,65,15,3,12000
6824,mugla,ortaca,eskikoy,3,1,160,2,2,25000
6825,mugla,mentese,kotekli,1,1,45,1,1,10000
6826,mugla,bodrum,bahcelievler,3,1,120,2,0,30000
6827,mugla,fethiye,foca,2,1,90,7,0,25000
6829,mugla,milas,oren,2,1,80,2,0,20000
6830,mugla,fethiye,inlice,1,1,60,2,2,3000
6831,mugla,marmaris,tepe,3,1,120,21,3,25000
6832,mugla,bodrum,eskicesme,1,1,45,0,0,30000
6833,mugla,ortaca,karaburun,2,1,90,0,3,12000
6834,mugla,dalaman,karacali,2,1,85,3,1,10000
6835,mugla,fethiye,ciftlik,4,1,200,11,2,45000
6836,mugla,koycegiz,gelisim,2,1,110,10,0,15000
6838,mugla,milas,bogazici,3,1,120,15,2,35000
6839,mugla,ortaca,karaburun,1,1,65,0,1,11000
6841,mugla,fethiye,yeni,2,1,95,5,5,11000
6842,mugla,koycegiz,gelisim,4,1,170,5,2,25000
6843,mugla,dalaman,hurriyet,1,1,55,3,2,11250
6845,mugla,bodrum,muskebi,3,1,120,3,2,40000
6849,mugla,mentese,karamehmet,3,1,140,20,1,18000
6850,mugla,fethiye,foca,1,1,55,0,1,13000
6851,mugla,mentese,seyh,2,1,100,25,1,18000
6852,mugla,ortaca,karaburun,2,1,95,1,3,16000
6853,mugla,milas,aydinlikevler,3,1,115,30,1,15000
6854,mugla,milas,becin,3,1,125,15,3,14500
6855,mugla,koycegiz,gulpinar,2,1,115,20,3,15000
6857,mugla,mentese,bayir,3,1,155,10,1,17000
6859,mugla,ortaca,guzelyurt,3,1,151,10,2,16000
6860,mugla,ula,gokova,3,1,130,20,2,20500
6861,mugla,bodrum,turgutreis,3,1,130,12,2,35000
6862,mugla,bodrum,carsi,2,1,90,31,0,38000
6864,mugla,koycegiz,toparlar,2,1,75,1,1,15000
6865,mugla,ortaca,bahcelievler,2,1,80,0,1,12000
6867,mugla,bodrum,geris,2,1,110,12,5,25000
6868,mugla,fethiye,patlangic,2,1,80,0,1,13000
6869,mugla,marmaris,armutalan,2,1,75,25,2,25000
6871,mugla,mentese,yenikoy,2,1,55,15,3,15000
6872,mugla,yatagan,yeni,3,1,125,11,3,12000
6874,mugla,mentese,kotekli,2,1,60,15,3,11000
6875,mugla,milas,haci_ilyas,3,1,120,20,3,15000
6876,mugla,bodrum,bitez,2,1,90,10,0,35000
6877,mugla,fethiye,foca,2,1,80,1,5,15000
6878,mugla,fethiye,yeni,2,1,105,5,5,12000
6879,mugla,dalaman,altintas,2,1,80,0,0,20000
6880,mugla,marmaris,armutalan,2,1,100,11,2,40000
6883,mugla,bodrum,kumbahce,3,1,145,13,3,60000
6884,mugla,fethiye,tuzla,3,1,200,5,2,25000
6885,mugla,fethiye,yaniklar,2,1,90,2,2,13500
6890,mugla,bodrum,geris,2,1,82,7,3,50000
6892,mugla,mentese,emirbeyazit,3,1,150,30,5,16000
6893,mugla,mentese,muslihittin,3,1,135,20,5,20000
6894,mugla,bodrum,geris,2,1,85,14,3,26500
6897,mugla,milas,bogazici,3,1,180,12,2,35000
6899,mugla,marmaris,icmeler,1,1,70,1,2,25000
6900,mugla,dalaman,merkez,1,1,57,3,3,11500
6901,mugla,datca,kizlan,1,1,65,4,0,13000
6902,mugla,bodrum,koyunbaba,3,1,120,25,2,40000
6906,mugla,fethiye,gocek,4,1,200,2,2,50000
6908,mugla,datca,iskele,2,1,140,25,0,16000
6909,mugla,dalaman,ege,4,1,160,0,2,3000
6910,mugla,marmaris,tepe,1,1,50,15,5,50000
6911,mugla,datca,iskele,2,1,100,9,5,20000
6912,mugla,bodrum,kucukbuk,1,1,55,4,2,40000
6914,mugla,milas,bogazici,2,1,100,15,2,60000
6915,mugla,bodrum,eskicesme,2,1,110,10,2,34000
6917,mugla,milas,oren,2,1,125,10,0,15000
6918,mugla,bodrum,geris,1,1,60,15,0,20000
6920,mugla,fethiye,kargi,2,1,125,16,2,50000
6921,mugla,bodrum,cirkan,2,1,95,30,0,55000
6923,mugla,dalaman,ege,4,1,160,5,2,20000
6926,mugla,milas,gulluk,2,1,90,1,1,25000
6929,mugla,bodrum,turkbuku,3,1,110,15,0,60000
6930,mugla,fethiye,oludeniz,3,1,170,2,2,4100
6932,mugla,mentese,yerkesik,4,1,135,21,2,20000
6933,mugla,bodrum,karabag,3,1,160,16,0,30000
6940,mugla,fethiye,akarca,3,1,150,1,2,44000
6941,mugla,milas,becin,2,1,70,5,1,16350
6942,mugla,ortaca,okcular,2,1,86,0,2,15000
6943,mugla,bodrum,bahcelievler,1,1,50,25,1,55000
6945,mugla,dalaman,karacali,3,1,170,16,1,14000
6946,mugla,datca,resadiye,3,1,140,4,0,30000
6947,mugla,ula,akyaka,1,1,50,20,0,15000
6949,mugla,bodrum,turkbuku,2,1,82,1,3,50000
6950,mugla,fethiye,akarca,2,1,70,3,3,20000
6951,mugla,marmaris,tepe,2,1,100,16,3,25000
6952,mugla,mentese,kotekli,2,1,75,9,3,17000
6953,mugla,ortaca,guzelyurt,3,1,140,12,1,13000
6954,mugla,milas,kiyikislacik,1,1,58,25,2,60000
6957,mugla,fethiye,foca,3,1,160,15,2,42000
6958,mugla,bodrum,eskicesme,3,1,150,16,2,50000
6959,mugla,dalaman,atakent,3,1,156,3,3,15500
6960,mugla,marmaris,kemeralti,2,1,95,16,2,29000
6961,mugla,dalaman,altintas,1,1,55,4,1,9000
6962,mugla,fethiye,foca,4,1,210,26,2,30000
6963,mugla,koycegiz,gelisim,2,1,75,5,3,12500
6964,mugla,bodrum,yenikoy,2,1,85,12,2,35000
6965,mugla,dalaman,karacali,1,1,65,2,3,8000
6966,mugla,bodrum,muskebi,3,1,120,5,0,30000
6967,mugla,milas,bogazici,3,1,120,20,2,20000
6969,mugla,fethiye,akarca,3,1,135,0,2,20000
6970,mugla,milas,bogazici,2,1,100,26,0,22500
6972,mugla,marmaris,cildir,1,1,65,25,2,25000
6973,mugla,milas,kiyikislacik,1,1,45,2,1,38000
6974,mugla,bodrum,akcaalan,2,1,80,10,2,20000
6976,mugla,bodrum,gundogan,1,1,50,3,0,60000
6978,mugla,bodrum,gundogan,3,1,200,11,-2,60000
6979,mugla,marmaris,turgut,2,1,65,11,2,20000
6982,mugla,ortaca,akinci,2,1,95,15,2,12000
6983,mugla,fethiye,foca,4,1,180,0,0,35000
6985,mugla,milas,gulluk,3,1,95,11,0,17000
6986,mugla,ula,koprubasi,2,1,80,4,2,11000
6987,mugla,bodrum,geris,3,1,120,12,1,37000
6989,mugla,bodrum,torba,3,1,160,26,0,50000
6990,mugla,milas,oren,3,1,120,11,2,22000
6991,mugla,bodrum,gundogan,2,1,110,10,5,25000
6993,mugla,marmaris,armutalan,2,1,150,26,2,48000
6995,mugla,milas,gulluk,2,1,76,6,2,25000
6998,mugla,fethiye,camkoy,1,1,70,15,2,8000
6999,mugla,milas,oren,2,1,115,0,2,16000
7001,mugla,dalaman,karginkuru,2,1,150,5,0,25000
7002,mugla,dalaman,altintas,1,1,65,1,1,9500
7003,mugla,bodrum,eskicesme,2,1,80,5,0,50000
7004,mugla,datca,emecik,1,1,55,10,0,30000
7005,mugla,milas,gulluk,2,1,90,9,5,35000
7008,mugla,bodrum,golkoy,3,1,160,5,2,50000
7009,mugla,dalaman,altintas,1,1,60,0,2,11000
7010,mugla,dalaman,sogutluyurt,3,1,140,26,0,15500
7011,mugla,fethiye,oludeniz,1,1,55,4,2,12000
7012,mugla,mentese,orhaniye,2,1,140,40,-1,18500
7015,mugla,milas,ismet_pasa,3,1,110,8,1,9000
7016,mugla,fethiye,tasyaka,2,1,72,2,3,14000
7018,mugla,koycegiz,yeni,3,1,185,8,0,18000
7019,mugla,mentese,bayir,2,1,120,15,1,10000
7020,mugla,marmaris,tepe,2,1,90,20,1,25000
7021,mugla,fethiye,karaculha,3,1,170,10,5,14000
7022,mugla,fethiye,yeni,2,1,90,5,0,15000
7023,mugla,mentese,muslihittin,2,1,130,25,4,17500
7024,mugla,koycegiz,zeytinalani,3,1,140,5,1,12000
7026,mugla,bodrum,torba,2,1,100,5,0,40000
7027,mugla,mentese,dugerek,2,1,110,25,2,15000
7030,mugla,bodrum,umurca,3,1,240,16,0,50000
7031,mugla,bodrum,torba,2,1,110,1,2,50000
7032,mugla,ortaca,cayli,3,1,140,5,0,15000
7033,mugla,bodrum,turgutreis,2,1,75,15,2,20000
7034,mugla,milas,bogazici,4,1,200,0,2,60000
7035,mugla,marmaris,tepe,2,1,65,26,2,24000
7036,mugla,fethiye,karagedik,2,1,90,5,1,20000
7037,mugla,bodrum,bitez,2,1,60,3,0,45000
7039,mugla,ortaca,karaburun,2,1,90,0,2,15000
7041,mugla,fethiye,foca,4,1,210,4,0,30000
7042,mugla,marmaris,turgut,1,1,55,5,1,12500
7043,mugla,marmaris,armutalan,1,1,50,16,2,20000
7047,mugla,fethiye,tasyaka,3,1,140,11,1,20000
7051,mugla,marmaris,turunc,3,1,170,18,0,5250
7052,mugla,mentese,kotekli,1,1,50,15,3,10000
7053,mugla,marmaris,orhaniye,2,1,65,2,2,15000
7054,mugla,fethiye,gocek,2,1,60,1,2,33000
7055,mugla,milas,gulluk,1,1,50,20,1,15000
7057,mugla,fethiye,foca,3,1,200,11,0,43000
7058,mugla,dalaman,merkez,2,1,95,0,2,13000
7059,mugla,datca,resadiye,3,1,150,7,2,30000
7061,mugla,mentese,bayir,3,1,135,0,1,16000
7063,mugla,bodrum,gumusluk,3,1,120,5,0,50000
7064,mugla,milas,aydinlikevler,3,1,130,4,2,20000
7065,mugla,bodrum,yahsi,2,1,180,25,2,26000
7066,mugla,marmaris,siteler,3,1,220,15,0,35000
7068,mugla,bodrum,bitez,2,1,85,16,2,35000
7069,mugla,bodrum,geris,2,1,125,11,2,60000
7070,mugla,fethiye,cumhuriyet,3,1,120,21,0,14000
7071,mugla,bodrum,yahsi,2,1,85,10,0,41600
7072,mugla,ortaca,mergenli,2,1,150,5,0,18000
7074,mugla,mentese,emirbeyazit,2,1,110,20,0,15000
7077,mugla,marmaris,icmeler,2,1,110,15,5,18500
7079,mugla,fethiye,patlangic,1,1,55,0,0,10000
7080,mugla,mentese,dogan,2,1,120,15,2,10000
7081,mugla,bodrum,akyarlar,4,1,220,16,2,60000
7082,mugla,bodrum,turgutreis,4,1,170,15,2,40000
7083,mugla,fethiye,foca,2,1,90,10,1,16000
7084,mugla,fethiye,karagozler,2,1,85,30,1,22000
7085,mugla,koycegiz,kavakarasi,2,1,85,11,0,20000
7086,mugla,bodrum,guvercinlik,2,1,110,12,0,15000
7088,mugla,bodrum,dirmil,2,1,85,12,0,30000
7090,mugla,ula,akyaka,1,1,80,5,0,40000
7091,mugla,dalaman,serefler,4,1,170,11,0,35000
7092,mugla,milas,gulluk,2,1,110,5,4,40000
7093,mugla,marmaris,siteler,1,1,100,11,3,45000
7094,mugla,bodrum,geris,3,1,180,5,2,60000
7100,mugla,bodrum,eskicesme,2,1,90,3,2,40000
7101,mugla,ortaca,bahcelievler,2,1,90,6,5,13000
7102,mugla,bodrum,bahcelievler,4,1,160,15,2,40000
7106,mugla,fethiye,akarca,3,1,130,5,2,21000
7107,mugla,mentese,kotekli,2,1,60,10,1,13000
7108,mugla,marmaris,hatipirimi,3,1,130,0,0,35000
7110,mugla,bodrum,gumusluk,2,1,100,11,0,27000
7112,mugla,bodrum,torba,2,1,110,3,2,50000
7114,mugla,milas,gumusluk,3,1,120,22,2,11000
7115,mugla,bodrum,dirmil,3,1,140,2,0,30000
7116,mugla,marmaris,turunc,2,1,100,5,0,15000
7117,mugla,bodrum,bitez,1,1,50,11,1,15500
7118,mugla,bodrum,yenikoy,2,1,110,20,2,35000
7119,mugla,bodrum,geris,2,1,110,15,2,35000
7120,mugla,bodrum,golkoy,1,1,80,10,2,35000
7122,mugla,bodrum,eskicesme,3,1,225,15,1,50000
7123,mugla,fethiye,karaculha,3,1,100,0,5,15000
7124,mugla,marmaris,icmeler,2,1,100,0,3,25000
7125,mugla,fethiye,akarca,1,1,55,3,0,16500
7126,mugla,bodrum,gumbet,2,1,110,10,0,10000
7128,mugla,bodrum,kumbahce,2,1,130,20,-2,30000
7129,mugla,ortaca,karaburun,1,1,65,1,1,9000
7130,mugla,mentese,bayir,2,1,80,0,3,13500
7131,mugla,marmaris,armutalan,1,1,60,25,1,19800
7132,mugla,marmaris,kemeralti,2,1,95,20,2,29000
7133,mugla,ula,akyaka,2,1,100,10,2,25000
7134,mugla,bodrum,yahsi,2,1,180,21,0,26000
7135,mugla,bodrum,bitez,2,1,90,3,1,20000
7136,mugla,fethiye,tuzla,2,1,80,25,5,15000
7138,mugla,dalaman,merkez,1,1,55,0,1,9000
7139,mugla,bodrum,eskicesme,1,1,55,15,0,20000
7140,mugla,bodrum,umurca,3,1,125,30,2,45000
7141,mugla,dalaman,karacali,2,1,130,0,2,25000
7142,mugla,koycegiz,gelisim,3,1,155,15,1,15000
7143,mugla,bodrum,yenikoy,2,1,130,10,2,20000
7144,mugla,marmaris,siteler,2,1,100,11,0,35000
7145,mugla,koycegiz,dogusbelen,3,1,200,1,2,35000
7146,mugla,bodrum,guvercinlik,2,1,110,12,2,15000
7150,mugla,bodrum,eskicesme,1,1,70,25,0,30000
7151,mugla,koycegiz,gulpinar,3,1,150,12,2,42500
7152,mugla,mentese,orhaniye,3,1,150,25,1,18000
7155,mugla,milas,gunes,3,1,125,0,0,25000
7157,mugla,mentese,yesilyurt,2,1,100,15,5,9000
7158,mugla,mentese,kotekli,2,1,50,9,4,12500
7159,mugla,koycegiz,beyobasi,4,1,145,10,1,12000
7160,mugla,ortaca,karaburun,3,1,135,2,5,13000
7162,mugla,fethiye,cami,2,1,100,5,2,18000
7163,mugla,bodrum,eskicesme,1,1,75,7,2,24000
7164,mugla,mentese,dugerek,1,1,65,10,0,10000
7165,mugla,bodrum,turgutreis,2,1,95,0,0,40000
7166,mugla,marmaris,icmeler,1,1,40,15,3,14000
7167,mugla,bodrum,yokusbasi,2,1,100,11,0,32750
7168,mugla,bodrum,bahcelievler,3,1,130,3,2,50000
7169,mugla,fethiye,karaculha,3,1,100,20,5,12000
7170,mugla,datca,datca,2,1,130,20,2,50000
7171,mugla,mentese,kotekli,1,1,60,15,2,8000
7172,mugla,bodrum,gundogan,1,1,60,5,0,16000
7173,mugla,ortaca,karaburun,2,1,85,0,1,13000
7176,mugla,milas,ismet_pasa,1,1,60,4,1,13000
7178,mugla,milas,dorttepe,2,1,75,2,2,18000
7180,mugla,fethiye,patlangic,1,1,60,4,3,11500
7182,mugla,bodrum,kucukbuk,3,1,120,20,3,25000
7185,mugla,bodrum,islamhaneleri,2,1,90,3,2,30000
7187,mugla,milas,dorttepe,2,1,70,5,3,29000
7188,mugla,milas,kiyikislacik,3,1,200,10,2,50000
7191,mugla,koycegiz,ulucami,2,1,130,8,5,15000
7192,mugla,bodrum,eskicesme,3,1,200,15,2,42500
7193,mugla,bodrum,peksimet,3,1,196,11,2,50000
7194,mugla,marmaris,siteler,2,1,110,11,2,30000
7197,mugla,ortaca,dalyan,2,1,110,11,3,16000
7198,mugla,marmaris,armutalan,2,1,75,16,5,18000
7199,mugla,fethiye,ciftlik,1,1,65,5,2,12500
7203,mugla,dalaman,merkez,2,1,80,10,3,13000
7204,mugla,fethiye,menteseoglu,2,1,85,1,3,13000
7206,mugla,fethiye,cami,2,1,100,11,3,12000
7207,mugla,dalaman,kizilkaya,2,1,100,10,2,13000
7209,mugla,datca,mesudiye,1,1,60,2,0,15000
7210,mugla,bodrum,tepecik,2,1,75,4,2,30000
7212,mugla,koycegiz,toparlar,4,1,230,15,2,30000
7213,mugla,bodrum,turgutreis,2,1,120,8,0,28000
7214,mugla,marmaris,icmeler,1,1,45,15,0,15000
7215,mugla,bodrum,muskebi,2,1,75,5,2,50000
7216,mugla,datca,iskele,1,1,70,11,0,35000
7218,mugla,mentese,yenikoy,1,1,50,2,2,10000
7219,mugla,fethiye,catalarik,2,1,80,20,1,10000
7220,mugla,bodrum,peksimet,2,1,100,20,2,20000
7222,mugla,bodrum,akcaalan,2,1,80,20,1,15000
7223,mugla,ortaca,bahcelievler,1,1,70,3,1,11000
7224,mugla,mentese,kotekli,1,1,50,15,2,10000
7225,mugla,dalaman,merkez,3,1,135,0,3,17500
7227,mugla,bodrum,torba,2,1,100,3,2,50000
7228,mugla,ortaca,karaburun,1,1,56,0,1,10000
7230,mugla,bodrum,carsi,1,1,45,16,0,25000
7231,mugla,fethiye,karagozler,3,1,145,11,3,25000
7233,mugla,fethiye,yeni,1,1,70,13,3,10500
7234,mugla,marmaris,cildir,2,1,90,15,3,30000
7235,mugla,bodrum,golkoy,2,1,90,14,2,40000
7239,mugla,bodrum,gumbet,3,1,190,5,0,35000
7240,mugla,koycegiz,yeni,2,1,171,5,3,15000
7241,mugla,koycegiz,zeytinalani,1,1,100,0,2,13000
7242,mugla,bodrum,akyarlar,4,1,140,16,2,60000
7244,mugla,bodrum,koyunbaba,3,1,200,20,2,40000
7245,mugla,ortaca,cayli,2,1,90,0,3,13000
7246,mugla,bodrum,eskicesme,2,1,85,3,2,35000
7250,mugla,milas,gulluk,2,1,95,11,0,20000
7253,mugla,fethiye,yaniklar,2,1,110,6,1,22000
7254,mugla,fethiye,foca,1,1,75,15,2,16000
7256,mugla,yatagan,ataturk,3,1,140,11,0,14000
7257,mugla,datca,iskele,2,1,80,20,0,27500
7261,mugla,dalaman,sogutluyurt,2,1,90,0,0,12000
7263,mugla,milas,haci_ilyas,2,1,90,25,0,15000
7264,mugla,bodrum,geris,2,1,80,15,2,35000
7265,mugla,ortaca,cayli,1,1,60,0,3,10000
7268,mugla,bodrum,bahcelievler,2,1,90,10,3,25000
7270,mugla,bodrum,kumkoy,3,1,149,5,2,55000
7272,mugla,ortaca,dalyan,3,1,142,25,2,22000
7273,mugla,ula,akyaka,2,1,80,20,2,25000
7274,mugla,yatagan,kozagac,1,1,75,5,2,6000
7275,mugla,bodrum,turgutreis,3,1,130,15,2,35000
7276,mugla,marmaris,selimiye,2,1,200,6,0,17000
7277,mugla,koycegiz,yeni,3,1,185,5,0,15000
7280,mugla,koycegiz,gulpinar,1,1,50,25,5,10000
7282,mugla,datca,yazi,2,1,100,1,-1,15000
7284,mugla,datca,iskele,3,1,170,10,2,7000
7285,mugla,ula,akyaka,3,1,105,12,2,25000
7286,mugla,bodrum,akyarlar,2,1,85,10,0,50000
7287,mugla,mentese,karamehmet,3,1,170,11,3,31500
7289,mugla,bodrum,bahcelievler,2,1,80,11,2,23000
7290,mugla,marmaris,armutalan,2,1,90,16,0,20000
7291,mugla,fethiye,foca,1,1,65,1,5,15000
7292,mugla,bodrum,torba,2,1,110,27,2,20000
7293,mugla,ortaca,dalyan,1,1,50,0,3,15000
7294,mugla,bodrum,yenikoy,2,1,95,12,0,35000
7296,mugla,fethiye,yaniklar,2,1,100,10,0,30000
7297,mugla,dalaman,hurriyet,2,1,100,4,1,12500
7298,mugla,mentese,kotekli,3,1,115,5,4,13000
7299,mugla,fethiye,tuzla,1,1,65,25,1,12000
7300,mugla,marmaris,icmeler,2,1,75,21,2,25000
7301,mugla,dalaman,altintas,2,1,100,1,1,12000
7302,mugla,bodrum,turkkuyusu,2,1,240,10,2,50000
7303,mugla,dalaman,merkez,2,1,80,4,1,12500
7304,mugla,mentese,kotekli,2,1,60,15,2,12000
7305,mugla,bodrum,cirkan,2,1,100,11,2,35000
7306,mugla,bodrum,gundogan,2,1,95,11,3,45000
7307,mugla,bodrum,kucukbuk,2,1,85,11,0,25000
7308,mugla,ortaca,kemaliye,3,1,145,3,0,10000
7309,mugla,bodrum,cirkan,2,1,90,15,3,25000
7312,mugla,fethiye,foca,2,1,100,5,1,21000
7313,mugla,marmaris,armutalan,2,1,120,15,0,30000
7314,mugla,dalaman,karacali,3,1,145,11,2,12000
7316,mugla,koycegiz,gelisim,2,1,90,4,0,20000
7317,mugla,koycegiz,toparlar,2,1,115,21,0,10000
7319,mugla,koycegiz,toparlar,3,1,145,10,3,13000
7321,mugla,bodrum,muskebi,2,1,75,5,2,60000
7323,mugla,bodrum,peksimet,3,1,120,11,0,60000
7325,mugla,bodrum,umurca,2,1,85,10,2,3000
7326,mugla,dalaman,ege,2,1,105,9,3,10000
7327,mugla,milas,gulluk,2,1,90,11,0,15000
7328,mugla,fethiye,gocek,3,1,110,15,1,25000
7329,mugla,mentese,hacirustem,1,1,90,6,5,12500
7330,mugla,fethiye,foca,1,1,80,25,1,12000
7332,mugla,bodrum,guvercinlik,3,1,170,26,0,28500
7333,mugla,koycegiz,toparlar,4,1,155,15,3,12000
7334,mugla,koycegiz,gulpinar,1,1,50,2,0,13000
7335,mugla,bodrum,akyarlar,2,1,80,20,0,25000
7337,mugla,bodrum,geris,2,1,90,13,3,37000
7338,mugla,bodrum,turkbuku,2,1,90,1,3,35000
7339,mugla,milas,oren,3,1,145,10,2,22500
7340,mugla,fethiye,patlangic,1,1,75,0,2,10000
7342,mugla,ortaca,eksiliyurt,1,1,66,10,2,10000
7344,mugla,milas,cumhuriyet,3,1,150,20,3,15000
7345,mugla,ortaca,cayli,1,1,50,1,5,12500
7346,mugla,bodrum,akyarlar,2,1,90,16,0,20000
7347,mugla,fethiye,tuzla,4,1,160,15,1,23000
7348,mugla,mentese,yaras,2,1,135,11,2,26000
7349,mugla,ula,kizilyaka,3,1,170,12,2,36000
7352,mugla,bodrum,akyarlar,2,1,85,0,0,25000
7353,mugla,bodrum,yahsi,2,1,90,4,0,37500
7354,mugla,ortaca,kemaliye,2,1,100,6,0,10000
7357,mugla,dalaman,sogutluyurt,2,1,100,2,1,15000
7358,mugla,bodrum,yokusbasi,3,1,190,10,2,48000
7359,mugla,milas,oren,2,1,115,0,2,22000
7360,mugla,bodrum,yahsi,1,1,50,13,3,20000
7362,mugla,koycegiz,zeytinalani,4,1,220,0,0,25000
7364,mugla,koycegiz,ulucami,1,1,50,3,0,14000
7366,mugla,mentese,bayir,2,1,90,0,3,11500
7367,mugla,ortaca,guzelyurt,2,1,90,25,2,15000
7368,mugla,mentese,akcaova,3,1,125,15,2,15000
7369,mugla,ortaca,dalyan,3,1,150,5,2,25000
7370,mugla,ortaca,dalakli,2,1,90,15,2,17000
7371,mugla,marmaris,camli,1,1,90,11,1,20000
7372,mugla,datca,emecik,1,1,55,16,0,12500
7373,mugla,koycegiz,toparlar,2,1,100,10,2,20000
7374,mugla,mentese,kotekli,2,1,105,4,0,25000
7375,mugla,milas,gulluk,2,1,95,5,3,19500
7377,mugla,datca,iskele,2,1,110,5,0,27500
7378,mugla,bodrum,karabag,2,1,75,15,0,20000
7379,mugla,koycegiz,yeni,2,1,100,2,1,15000
7380,mugla,marmaris,tepe,2,1,90,26,2,21000
7383,mugla,ortaca,guzelyurt,2,1,130,5,2,15000
7384,mugla,koycegiz,yeni,3,1,120,5,2,13500
7385,mugla,fethiye,tuzla,4,1,150,20,3,18000
7386,mugla,ula,koprubasi,3,1,125,5,0,25000
7387,mugla,mentese,yenikoy,2,1,65,0,0,11000
7388,mugla,fethiye,akarca,1,1,55,0,0,15000
7391,mugla,bodrum,eskicesme,2,1,80,8,5,7000
7392,mugla,mentese,yerkesik,2,1,110,21,0,10000
7393,mugla,dalaman,sogutluyurt,1,1,75,2,3,8000
7394,mugla,milas,oren,1,1,70,1,0,17000
7395,mugla,bodrum,bahcelievler,3,1,200,0,2,50000
7398,mugla,koycegiz,gelisim,4,1,200,8,2,40000
7399,mugla,dalaman,merkez,2,1,110,0,2,13000
7400,mugla,mentese,karamehmet,3,1,170,12,2,25500
7401,mugla,koycegiz,gulpinar,3,1,185,10,-2,20000
7402,mugla,milas,meselik,2,1,80,8,0,14000
7405,mugla,milas,ahmet_cavus_hayitli,3,1,156,19,5,15000
7406,mugla,ortaca,ataturk,3,1,180,1,1,15000
7407,mugla,fethiye,yeni,3,1,125,3,2,23000
7408,mugla,marmaris,tepe,2,1,100,26,1,35000
7409,mugla,mentese,emirbeyazit,2,1,75,0,3,18000
7410,mugla,ortaca,guzelyurt,2,1,120,15,2,15000
7411,mugla,ortaca,tepearasi,2,1,100,15,1,11000
7412,mugla,milas,cumhuriyet,3,1,175,10,1,20000
7413,mugla,marmaris,camli,1,1,75,0,2,15000
7415,mugla,dalaman,merkez,3,1,165,11,1,14000
7416,mugla,datca,sindi,2,1,120,21,2,18000
7417,mugla,datca,iskele,2,1,90,4,0,20000
7418,mugla,bodrum,yenikoy,2,1,95,1,-1,35000
7420,mugla,marmaris,tepe,1,1,55,16,3,25000
7422,mugla,mentese,karamehmet,3,1,150,30,3,15000
7424,mugla,marmaris,hisaronu,3,1,180,4,0,30000
7427,mugla,ortaca,karaburun,1,1,55,0,3,9500
7428,mugla,koycegiz,yesilkoy,1,1,80,0,1,12000
7430,mugla,ortaca,beskopru,1,1,60,0,3,11000
7431,mugla,koycegiz,ulucami,1,1,65,4,2,15000
7432,mugla,bodrum,yahsi,2,1,85,5,2,37500
7434,mugla,mentese,orhaniye,3,1,145,30,2,17500
7435,mugla,fethiye,yeni,4,1,150,5,1,17000
7436,mugla,bodrum,gumusluk,4,1,120,10,2,30000
7437,mugla,marmaris,icmeler,1,1,40,15,3,14000
7438,mugla,bodrum,turgutreis,2,1,110,15,0,20000
7439,mugla,koycegiz,zeytinalani,4,1,110,0,2,50000
7440,mugla,ula,kizilagac,3,1,140,11,2,10000
7441,mugla,koycegiz,gulpinar,1,1,45,8,5,10000
7444,mugla,fethiye,babatasi,2,1,85,16,3,17000
7445,mugla,fethiye,yeni,3,1,120,5,3,10000
7450,mugla,bodrum,umurca,3,1,200,15,2,50000
7451,mugla,bodrum,yahsi,1,1,40,9,2,20000
7452,mugla,bodrum,cevat_sakir,2,1,85,11,0,25000
7453,mugla,milas,oren,2,1,90,5,2,20000
7454,mugla,ula,kizilagac,4,1,150,8,2,50000
7456,mugla,ortaca,karaburun,1,1,65,4,2,12500
7457,mugla,marmaris,armutalan,3,1,145,12,2,30000
7458,mugla,fethiye,akarca,1,1,55,3,1,15000
7460,mugla,dalaman,merkez,2,1,80,20,1,10000
7461,mugla,dalaman,merkez,1,1,60,0,3,8500
7462,mugla,datca,iskele,2,1,85,7,3,20000
7465,mugla,bodrum,golkoy,2,1,50,2,0,25000
7466,mugla,fethiye,karagedik,1,1,85,16,5,12000
7468,mugla,fethiye,patlangic,4,1,200,21,4,18000
7469,mugla,bodrum,muskebi,2,1,75,5,0,55000
7470,mugla,ortaca,cayli,3,1,140,5,0,16000
7473,mugla,bodrum,bitez,2,1,75,25,-2,23000
7474,mugla,ortaca,dalyan,2,1,100,20,3,14000
7475,mugla,koycegiz,toparlar,3,1,120,5,5,10000
7476,mugla,ortaca,terzialiler,3,1,140,10,1,14000
7477,mugla,bodrum,kumbahce,2,1,100,30,2,35000
7478,mugla,mentese,ortakoy,2,1,65,16,0,4000
7480,mugla,mentese,kiran,2,1,90,5,2,15000
7483,mugla,ortaca,kemaliye,3,1,165,10,2,15000
7484,mugla,milas,gulluk,3,1,120,10,2,30000
7488,mugla,fethiye,foca,4,1,165,1,2,45000
7489,mugla,dalaman,atakent,1,1,60,2,3,11500
7492,mugla,bodrum,eskicesme,1,1,70,13,2,25000
7494,mugla,dalaman,ege,1,1,50,0,3,8000
7496,mugla,ula,kizilagac,4,1,180,5,0,15000
7497,mugla,marmaris,hisaronu,1,1,60,30,2,17000
7499,mugla,dalaman,hurriyet,1,1,60,0,3,11000
7500,mugla,marmaris,cildir,2,1,100,21,3,33000
7502,mugla,fethiye,akarca,3,1,140,11,0,18000
7503,mugla,fethiye,tasyaka,2,1,90,20,3,16000
7504,mugla,marmaris,icmeler,2,1,110,15,0,30000
7505,mugla,bodrum,muskebi,2,1,110,11,1,22500
7506,mugla,fethiye,cami,3,1,120,1,0,40000
7507,mugla,koycegiz,gelisim,3,1,150,20,2,15000
7508,mugla,mentese,kotekli,2,1,80,12,3,15000
7509,mugla,bodrum,dirmil,2,1,95,30,2,50000
7511,mugla,datca,kizlan,2,1,60,1,0,17000
7512,mugla,ortaca,eksiliyurt,1,1,60,2,5,8000
7514,mugla,bodrum,turgutreis,1,1,55,21,0,17000
7517,mugla,fethiye,yeni,2,1,75,0,5,9000
7518,mugla,marmaris,armutalan,2,1,120,16,0,30000
7520,mugla,bodrum,derekoy,2,1,180,4,5,24000
7523,mugla,bodrum,eskicesme,1,1,90,2,0,35000
7524,mugla,bodrum,bitez,2,1,65,20,5,35000
7526,mugla,bodrum,muskebi,3,1,120,7,5,35000
7527,mugla,dalaman,ege,2,1,120,30,2,20000
7529,mugla,marmaris,turgut,2,1,100,5,0,15000
7530,mugla,koycegiz,ulucami,3,1,140,5,2,25000
7531,mugla,marmaris,tepe,3,1,150,30,2,30000
7532,mugla,mentese,emirbeyazit,3,1,120,16,4,15000
7533,mugla,marmaris,icmeler,3,1,150,20,0,25000
7538,mugla,mentese,orhaniye,1,1,56,12,1,15000
7540,mugla,bodrum,cumhuriyet,2,1,75,0,2,35000
7541,mugla,milas,koru,2,1,85,5,3,12000
7543,mugla,milas,ahmet_cavus_hayitli,2,1,170,13,3,25000
7544,mugla,mentese,yenikoy,2,1,54,0,1,11500
7545,mugla,bodrum,umurca,3,1,90,22,2,35000
7546,mugla,bodrum,guvercinlik,1,1,90,5,1,25000
7547,mugla,mentese,yenikoy,2,1,55,5,2,10000
7548,mugla,fethiye,yaniklar,4,1,180,16,0,37500
7550,mugla,bodrum,geris,3,1,160,11,0,40000
7551,mugla,bodrum,gundogan,1,1,60,10,-2,30000
7552,mugla,milas,gulluk,2,1,110,10,0,20000
7554,mugla,fethiye,foca,3,1,130,8,3,24500
7555,mugla,seydikemer,gerisburnu,3,1,120,1,2,12000
7556,mugla,milas,oren,3,1,100,15,2,20000
7557,mugla,marmaris,cildir,3,1,160,21,2,30000
7559,mugla,dalaman,sogutluyurt,2,1,115,1,2,15000
7560,mugla,bodrum,eskicesme,2,1,90,2,2,60000
7562,mugla,bodrum,akyarlar,1,1,60,30,2,27000
7563,mugla,bodrum,bitez,2,1,85,12,3,20000
7565,mugla,bodrum,yalikavak,2,1,85,10,3,45000
7566,mugla,ortaca,cumhuriyet,2,1,90,0,2,13000
7568,mugla,ortaca,ataturk,3,1,120,20,3,12000
7569,mugla,marmaris,hisaronu,2,1,180,5,0,30000
7570,mugla,marmaris,selimiye,3,1,160,8,2,55000
7571,mugla,koycegiz,zeytinalani,3,1,180,15,2,13000
7572,mugla,koycegiz,ulucami,3,1,145,15,2,25000
7573,mugla,mentese,orhaniye,3,1,160,0,3,35000
7575,mugla,mentese,ortakoy,3,1,145,15,0,12500
7576,mugla,dalaman,atakent,2,1,85,0,0,15000
7577,mugla,ortaca,terzialiler,1,1,60,2,2,12000
7578,mugla,fethiye,foca,1,1,60,11,2,15000
7579,mugla,koycegiz,zeytinalani,3,1,160,25,1,16000
7580,mugla,ortaca,cayli,2,1,140,0,3,16400
7582,mugla,koycegiz,gulpinar,3,1,110,1,2,35000
7584,mugla,ula,akyaka,3,1,100,20,2,35000
7585,mugla,mentese,kotekli,2,1,55,15,3,15000
7586,mugla,bodrum,torba,3,1,150,3,2,60000
7587,mugla,bodrum,cumhuriyet,2,1,120,20,2,35000
7588,mugla,milas,cumhuriyet,3,1,200,11,2,20000
7589,mugla,bodrum,bitez,2,1,90,5,-2,25000
7590,mugla,koycegiz,gelisim,3,1,150,6,0,18500
7591,mugla,marmaris,siteler,2,1,95,20,2,20000
7592,mugla,mentese,kotekli,2,1,70,10,1,12000
7593,mugla,fethiye,karagedik,4,1,120,5,2,15000
7594,mugla,bodrum,turkbuku,2,1,130,5,2,40000
7595,mugla,bodrum,cirkan,3,1,140,5,0,40000
7597,mugla,bodrum,turgutreis,3,1,110,3,2,50000
7601,mugla,ortaca,ataturk,2,1,125,8,1,15000
7603,mugla,milas,ahmet_cavus_hayitli,4,1,140,13,2,17000
7604,mugla,milas,cumhuriyet,3,1,125,15,3,15000
7605,mugla,ortaca,cumhuriyet,2,1,110,25,0,12000
7606,mugla,fethiye,karagedik,2,1,85,1,0,10000
7607,mugla,bodrum,guvercinlik,3,1,110,18,0,20000
7609,mugla,koycegiz,gelisim,3,1,160,0,5,20000
7610,mugla,ortaca,cumhuriyet,3,1,240,0,2,25000
7611,mugla,bodrum,gundogan,2,1,100,11,0,45000
7612,mugla,ula,akyaka,2,1,95,15,3,30000
7613,mugla,bodrum,bitez,1,1,85,15,0,15000
7614,mugla,fethiye,yeni,2,1,85,4,0,17000
7615,mugla,fethiye,foca,1,1,50,12,2,3250
7616,mugla,bodrum,kucukbuk,2,1,100,5,2,30000
7617,mugla,mentese,kotekli,2,1,60,15,0,8000
7618,mugla,ortaca,okcular,2,1,125,1,2,35000
7619,mugla,marmaris,turgut,2,1,110,7,5,18000
7620,mugla,bodrum,karabag,4,1,180,15,2,25000
7621,mugla,mentese,kotekli,2,1,60,9,2,12500
7622,mugla,ortaca,terzialiler,1,1,70,5,2,10000
7623,mugla,dalaman,serefler,2,1,170,10,2,15000
7624,mugla,ortaca,bahcelievler,3,1,140,10,2,13000
7625,mugla,bodrum,cirkan,2,1,90,8,2,22000
7626,mugla,marmaris,orhaniye,2,1,55,3,0,15000
7628,mugla,fethiye,foca,2,1,100,5,0,21000
7631,mugla,bodrum,kumbahce,2,1,120,6,2,30000
7632,mugla,marmaris,hisaronu,2,1,70,5,1,16500
7633,mugla,bodrum,gumbet,2,1,85,11,2,50000
7634,mugla,bodrum,gumbet,2,1,130,1,1,35000
7635,mugla,fethiye,babatasi,3,1,130,10,5,15000
7636,mugla,koycegiz,gelisim,2,1,100,7,0,20000
7639,mugla,milas,cumhuriyet,4,1,185,16,4,25000
7641,mugla,bodrum,karabag,2,1,100,15,1,25000
7642,mugla,bodrum,kumbahce,2,1,95,25,-1,50000
7643,mugla,ortaca,terzialiler,2,1,85,2,-2,14000
7644,mugla,milas,ahmet_cavus_hayitli,3,1,120,13,1,15000
7645,mugla,milas,sevketiye,2,1,125,15,2,18000
7646,mugla,fethiye,ciftlik,1,1,60,5,0,12500
7648,mugla,milas,oren,2,1,75,12,5,17000
7649,mugla,fethiye,karaculha,3,1,95,2,2,12000
7651,mugla,bodrum,bitez,2,1,95,10,0,35000
7652,mugla,marmaris,hatipirimi,1,1,60,16,1,20000
7653,mugla,fethiye,patlangic,2,1,85,3,1,13500
7655,mugla,ula,akyaka,1,1,55,20,5,15000
7656,mugla,bodrum,carsi,3,1,140,10,1,50000
7657,mugla,ortaca,cayli,3,1,140,0,3,15000
7659,mugla,ortaca,karaburun,2,1,90,0,3,12000
7660,mugla,marmaris,sogut,1,1,50,1,2,12000
7661,mugla,mentese,emirbeyazit,3,1,170,13,4,27000
7662,mugla,marmaris,siteler,1,1,60,21,0,20000
7663,mugla,bodrum,cevat_sakir,2,1,80,15,3,20000
7664,mugla,ortaca,cumhuriyet,2,1,95,10,2,10000
7665,mugla,bodrum,islamhaneleri,1,1,50,15,5,15000
7666,mugla,ortaca,bahcelievler,2,1,120,30,2,10000
7667,mugla,koycegiz,toparlar,4,1,180,15,3,15000
7668,mugla,bodrum,gumusluk,2,1,120,15,1,28000
7669,mugla,bodrum,turkkuyusu,2,1,85,16,2,20000
7671,mugla,dalaman,ege,3,1,120,5,3,12000
7672,mugla,fethiye,patlangic,1,1,65,2,1,15000
7673,mugla,ula,citlik,3,1,110,10,2,17500
7674,mugla,mentese,kotekli,3,1,150,15,2,20000
7675,mugla,bodrum,yahsi,2,1,85,4,2,37500
7676,mugla,seydikemer,gerisburnu,2,1,80,0,0,8000
7677,mugla,milas,becin,2,1,60,4,2,15500
7678,mugla,marmaris,armutalan,1,1,65,20,5,17000
7679,mugla,mentese,yenikoy,1,1,45,5,1,10000
7680,mugla,milas,bogazici,2,1,150,12,0,20000
7681,mugla,marmaris,camli,2,1,90,15,1,15000
7682,mugla,fethiye,yeni,2,1,100,0,1,16000
7687,mugla,bodrum,turkbuku,2,1,140,12,-2,40000
7688,mugla,mentese,yerkesik,3,1,160,15,3,10000
7689,mugla,ortaca,guzelyurt,2,1,125,2,2,19000
7690,mugla,bodrum,bahcelievler,3,1,120,6,2,50000
7691,mugla,fethiye,cami,2,1,95,20,5,9000
7692,mugla,koycegiz,yangi,3,1,185,10,0,15000
7693,mugla,bodrum,koyunbaba,3,1,170,11,0,50000
7695,mugla,bodrum,cirkan,2,1,90,0,2,35000
7696,mugla,mentese,yenikoy,2,1,60,6,-1,11000
7697,mugla,bodrum,golbasi,2,1,90,1,5,12000
7698,mugla,bodrum,turgutreis,1,1,35,30,1,20000
7700,mugla,milas,becin,2,1,75,0,2,14500
7701,mugla,fethiye,karaculha,2,1,100,5,2,10000
7702,mugla,ula,akyaka,1,1,60,25,5,15000
7703,mugla,fethiye,catalarik,3,1,120,5,0,15000
7704,mugla,dalaman,merkez,1,1,55,0,3,8000
7705,mugla,marmaris,beldibi,2,1,75,20,5,20000
7706,mugla,ortaca,cumhuriyet,2,1,80,1,1,20000
7707,mugla,dalaman,altintas,1,1,70,2,2,11000
7708,mugla,bodrum,yahsi,2,1,85,5,5,37500
7709,mugla,koycegiz,dogusbelen,2,1,150,0,0,30000
7710,mugla,bodrum,gundogan,3,1,110,5,0,35000
7711,mugla,mentese,kotekli,3,1,150,15,0,25000
7712,mugla,ortaca,cayli,3,1,140,0,2,15000
7713,mugla,bodrum,yahsi,2,1,80,15,2,33000
7716,mugla,ortaca,sarigerme,2,1,85,1,2,20000
7717,mugla,bodrum,karabag,2,1,100,15,2,29000
7718,mugla,bodrum,yenikoy,1,1,60,5,2,20000
7719,mugla,bodrum,torba,2,1,85,11,0,50000
7720,mugla,mentese,kotekli,2,1,65,11,1,12500
7721,mugla,fethiye,catalarik,1,1,55,0,5,9000
7722,mugla,bodrum,turkbuku,2,1,120,1,2,40000
7723,mugla,fethiye,akarca,3,1,138,0,2,25000
7724,mugla,fethiye,tasyaka,3,1,120,10,1,15000
7726,mugla,fethiye,camkoy,2,1,65,0,0,12500
7728,mugla,ortaca,eksiliyurt,3,1,130,11,1,15000
7729,mugla,marmaris,siteler,2,1,100,16,2,20000
7730,mugla,dalaman,sogutluyurt,2,1,90,0,2,13000
7731,mugla,datca,iskele,2,1,70,5,2,25000
7732,mugla,fethiye,cumhuriyet,2,1,80,4,2,25000
7733,mugla,bodrum,eskicesme,2,1,90,3,2,40000
7734,mugla,marmaris,cildir,3,1,120,25,0,50000
7735,mugla,bodrum,geris,2,1,120,10,2,60000
7737,mugla,koycegiz,yangi,3,1,130,11,0,15000
7739,mugla,bodrum,gundogan,3,1,190,0,0,60000
7740,mugla,mentese,karsiyaka,2,1,75,1,2,18000
7741,mugla,bodrum,gundogan,1,1,70,13,0,30000
7742,mugla,fethiye,esenkoy,3,1,145,11,1,13500
7743,mugla,fethiye,camkoy,2,1,100,8,2,12000
7744,mugla,bodrum,akyarlar,2,1,120,12,0,30000
7745,mugla,marmaris,hisaronu,2,1,100,0,2,17250
7747,mugla,fethiye,yaniklar,1,1,80,4,0,12000
7749,mugla,fethiye,tasyaka,2,1,100,20,5,15000
7750,mugla,bodrum,eskicesme,2,1,90,10,0,40000
7751,mugla,bodrum,konacik,2,1,85,10,2,22000
7754,mugla,fethiye,cumhuriyet,2,1,80,4,2,25000
7755,mugla,fethiye,pazaryeri,3,1,120,10,5,14500
7756,mugla,marmaris,armutalan,1,1,75,16,2,20000
7757,mugla,mentese,kiramettin,1,1,65,40,5,10000
7758,mugla,bodrum,bahcelievler,3,1,110,2,2,50000
7759,mugla,fethiye,oludeniz,1,1,20,10,5,15000
7761,mugla,mentese,orhaniye,2,1,95,12,2,19500
7762,mugla,fethiye,yeni,3,1,115,5,2,15000
7764,mugla,milas,oren,1,1,78,0,0,14000
7765,mugla,bodrum,mumcular,2,1,90,0,0,16000
7767,mugla,ortaca,eskikoy,3,1,135,31,2,22500
7768,mugla,fethiye,kargi,2,1,110,1,0,35000
7769,mugla,ortaca,kemaliye,3,1,200,11,2,14000
7771,mugla,fethiye,karaculha,2,1,90,20,3,10000
7773,mugla,milas,gulluk,3,1,150,11,2,20000
7774,mugla,datca,iskele,2,1,85,2,2,18000
7775,mugla,fethiye,karaculha,3,1,130,5,1,10000
7776,mugla,bodrum,yalikavak,1,1,60,16,0,15000
7777,mugla,bodrum,gumbet,2,1,90,8,0,30000
7779,mugla,bodrum,yalikavak,2,1,75,3,3,50000
7781,mugla,fethiye,esenkoy,3,1,120,11,0,8000
7782,mugla,fethiye,foca,2,1,90,5,3,16000
7784,mugla,mentese,emirbeyazit,2,1,90,35,3,20500
7785,mugla,ula,akyaka,2,1,90,2,1,24500
7788,mugla,datca,resadiye,2,1,80,1,0,22000
7790,mugla,bodrum,yalikavak,2,1,90,3,0,55000
7791,mugla,dalaman,ege,3,1,140,4,5,13000
7792,mugla,ortaca,beskopru,3,1,150,27,1,15000
7793,mugla,bodrum,cirkan,2,1,80,0,3,35000
7796,mugla,dalaman,merkez,3,1,166,2,2,15500
7801,mugla,marmaris,tepe,2,1,90,30,5,23000
7803,mugla,bodrum,derekoy,2,1,135,8,2,25000
7804,mugla,ortaca,bahcelievler,3,1,145,7,2,15000
7807,mugla,ula,alparslan,1,1,50,5,1,10000
7809,mugla,mentese,kotekli,2,1,60,8,4,12500
7810,mugla,bodrum,gumbet,2,1,75,2,0,35000
7811,mugla,mentese,kotekli,2,1,55,15,4,10000
7813,mugla,datca,iskele,2,1,100,7,5,18000
7814,mugla,koycegiz,gulpinar,3,1,160,5,5,17500
7815,mugla,bodrum,yokusbasi,1,1,60,10,0,20000
7816,mugla,ortaca,eksiliyurt,2,1,90,0,0,9750
7817,mugla,bodrum,gumusluk,2,1,100,16,0,25000
7818,mugla,koycegiz,toparlar,2,1,100,5,2,13500
7819,mugla,marmaris,hisaronu,4,1,200,4,2,40000
7820,mugla,bodrum,eskicesme,2,1,55,11,0,15000
7821,mugla,dalaman,merkez,2,1,95,0,1,15000
7822,mugla,fethiye,incirkoy,2,1,120,5,0,11000
7825,mugla,bodrum,guvercinlik,1,1,55,3,2,20000
7828,mugla,ortaca,karaburun,2,1,90,11,1,10000
7829,mugla,dalaman,karacali,3,1,140,8,1,12000
7830,mugla,ortaca,cayli,3,1,150,5,3,15000
7832,mugla,dalaman,merkez,1,1,65,3,3,9000
7833,mugla,bodrum,gumbet,1,1,100,1,2,30000
7836,mugla,fethiye,kesikkapi,2,1,95,3,2,17000
7837,mugla,bodrum,turgutreis,2,1,110,5,0,45000
7838,mugla,fethiye,kayakoy,2,1,70,10,0,15000
7839,mugla,bodrum,akyarlar,2,1,60,15,0,20000
7840,mugla,ortaca,bahcelievler,2,1,95,0,1,15500
7841,mugla,mentese,kotekli,2,1,65,15,3,18000
7843,mugla,bodrum,akcaalan,2,1,100,15,0,20000
7846,mugla,milas,gulluk,2,1,95,2,-2,35000
7848,mugla,ula,akyaka,2,1,90,25,2,21000
7849,mugla,mentese,kotekli,1,1,40,10,1,9000
7850,mugla,bodrum,gumusluk,3,1,125,10,0,27000
7851,mugla,bodrum,guvercinlik,2,1,230,3,2,30000
7852,mugla,bodrum,cumhuriyet,2,1,90,15,1,22000
7854,mugla,ortaca,bahcelievler,3,1,135,16,2,15000
7855,mugla,bodrum,bitez,2,1,100,25,2,55000
7856,mugla,bodrum,karaova,2,1,85,0,2,15000
7857,mugla,bodrum,torba,1,1,56,15,0,40000
7861,mugla,bodrum,geris,3,1,140,10,2,45000
7862,mugla,mentese,kiramettin,1,1,55,30,0,10000
7863,mugla,bodrum,gumusluk,2,1,90,5,0,25000
7865,mugla,fethiye,ciftlik,2,1,85,1,2,15500
7866,mugla,bodrum,gumusluk,2,1,80,12,5,50000
7867,mugla,dalaman,merkez,2,1,125,2,1,14000
7868,mugla,ortaca,cumhuriyet,1,1,60,0,3,11000
7869,mugla,fethiye,oludeniz,3,1,90,20,0,20000
7870,mugla,datca,iskele,1,1,60,0,0,16500
7871,mugla,ula,kizilagac,4,1,180,31,2,10000
7873,mugla,milas,kazikli,3,1,135,16,0,35000
7875,mugla,mentese,emirbeyazit,1,1,65,29,1,9500
7876,mugla,mentese,emirbeyazit,1,1,60,30,0,10000
7877,mugla,bodrum,peksimet,1,1,65,28,1,37000
7880,mugla,bodrum,islamhaneleri,2,1,72,5,2,25000
7882,mugla,mentese,kotekli,2,1,55,12,0,8000
7884,mugla,koycegiz,zeytinalani,1,1,100,0,2,15000
7885,mugla,fethiye,babatasi,1,1,90,11,1,15000
7887,mugla,marmaris,armutalan,3,1,130,20,3,25000
7888,mugla,bodrum,bahcelievler,3,1,150,12,2,50000
7889,mugla,ortaca,cumhuriyet,2,1,120,20,2,13000
7890,mugla,ortaca,beskopru,3,1,140,5,3,18000
7891,mugla,dalaman,merkez,3,1,130,1,2,15000
7892,mugla,bodrum,eskicesme,2,1,135,4,0,60000
7893,mugla,ortaca,karaburun,1,1,55,0,1,10000
7894,mugla,milas,kazikli,3,1,135,15,2,35000
7895,mugla,bodrum,carsi,2,1,95,9,0,35000
7896,mugla,marmaris,tepe,1,1,125,3,5,25000
7897,mugla,bodrum,yenikoy,2,1,120,20,0,25000
7899,mugla,bodrum,guvercinlik,1,1,55,3,2,20000
7901,mugla,bodrum,cumhuriyet,2,1,80,15,0,30000
7903,mugla,ortaca,cumhuriyet,3,1,120,5,2,20000
7904,mugla,marmaris,armutalan,3,1,140,11,2,20000
7905,mugla,mentese,kotekli,2,1,85,15,2,14000
7907,mugla,marmaris,hatipirimi,2,1,65,16,4,15000
7908,mugla,fethiye,tuzla,2,1,90,20,2,23000
7909,mugla,koycegiz,zeytinalani,4,1,185,2,2,16500
7911,mugla,dalaman,karacali,2,1,110,0,3,13000
7913,mugla,marmaris,armutalan,1,1,60,15,5,15000
7914,mugla,koycegiz,yeni,4,1,120,0,1,20000
7915,mugla,bodrum,gumusluk,2,1,70,15,5,40000
7917,mugla,mentese,ortakoy,2,1,65,16,0,4000
7918,mugla,marmaris,siteler,2,1,80,21,3,30000
7919,mugla,ortaca,karaburun,1,1,60,0,1,10000
7922,mugla,bodrum,yenikoy,2,1,100,10,3,30000
7923,mugla,fethiye,cumhuriyet,3,1,120,11,0,23000
7924,mugla,fethiye,patlangic,2,1,60,0,0,15000
7927,mugla,dalaman,merkez,1,1,65,0,1,12000
7928,mugla,ortaca,beskopru,4,1,180,11,3,16000
7929,mugla,koycegiz,yeni,2,1,100,11,0,13000
7930,mugla,koycegiz,gelisim,1,1,105,0,2,10000
7931,mugla,marmaris,beldibi,2,1,85,25,5,20000
7933,mugla,datca,datca,2,1,100,10,5,15000
7935,mugla,koycegiz,toparlar,3,1,120,0,2,20000
7936,mugla,koycegiz,gelisim,1,1,100,4,1,15000
7937,mugla,mentese,bayir,3,1,150,1,3,15000
7938,mugla,koycegiz,ulucami,1,1,50,15,2,10000
7939,mugla,bodrum,golkoy,2,1,150,10,2,25000
7942,mugla,mentese,bayir,1,1,55,0,0,9000
7943,mugla,dalaman,merkez,2,1,110,1,1,12000
7944,mugla,bodrum,yokusbasi,2,1,120,10,0,40000
7945,mugla,dalaman,sogutluyurt,2,1,90,0,2,12000
7946,mugla,dalaman,altintas,2,1,105,0,1,10000
7947,mugla,koycegiz,gulpinar,3,1,130,11,1,12000
7948,mugla,marmaris,sogut,2,1,150,2,2,40000
7949,mugla,bodrum,bitez,2,1,120,10,2,55000
7950,mugla,ortaca,dalyan,2,1,100,11,1,20000
7951,mugla,ortaca,guzelyurt,2,1,100,35,2,10000
7952,mugla,bodrum,koyunbaba,3,1,200,16,2,50000
7953,mugla,marmaris,siteler,2,1,125,5,2,30000
7957,mugla,dalaman,hurriyet,2,1,90,5,3,15000
7958,mugla,koycegiz,toparlar,3,1,136,5,3,20000
7959,mugla,bodrum,turkbuku,3,1,125,16,0,27500
7960,mugla,datca,emecik,1,1,50,10,2,12000
7961,mugla,marmaris,orhaniye,2,1,105,10,2,20000
7962,mugla,marmaris,turgut,1,1,55,5,0,15000
7963,mugla,bodrum,geris,2,1,90,15,3,50000
7965,mugla,ortaca,dalyan,3,1,140,20,1,18000
7966,mugla,marmaris,armutalan,2,1,120,20,0,30000
7967,mugla,dalaman,merkez,3,1,130,15,3,11000
7969,mugla,marmaris,siteler,2,1,80,5,0,35000
7970,mugla,marmaris,hisaronu,2,1,95,5,2,19500
7972,mugla,bodrum,mumcular,2,1,55,0,0,12000
7973,mugla,mentese,bayir,1,1,45,0,1,9000
7974,mugla,datca,yaka,2,1,110,3,0,15000
7975,mugla,bodrum,golkoy,3,1,100,0,0,50000
7977,mugla,mentese,kotekli,2,1,70,6,3,13000
7978,mugla,marmaris,cildir,3,1,100,26,5,30000
7979,mugla,ortaca,okcular,4,1,140,0,0,25000
7980,mugla,bodrum,bitez,1,1,50,20,5,25000
7981,mugla,datca,iskele,1,1,55,30,3,25000
7982,mugla,milas,ahmet_cavus_hayitli,3,1,125,15,1,15000
7983,mugla,dalaman,altintas,1,1,60,1,2,9500
7988,mugla,ortaca,derekoy,2,1,75,1,2,10000
7989,mugla,bodrum,bitez,1,1,25,20,0,12500
7990,mugla,milas,haci_ilyas,4,1,150,15,2,15000
7992,mugla,ortaca,terzialiler,1,1,65,0,2,10000
7994,mugla,marmaris,turgut,2,1,90,2,0,15000
7995,mugla,mentese,muslihittin,1,1,55,10,5,13500
7996,mugla,ortaca,dalyan,3,1,155,15,2,15000
7998,mugla,milas,becin,2,1,120,13,1,10000
7999,mugla,datca,kizlan,1,1,60,0,2,30000
8000,mugla,marmaris,hisaronu,4,1,220,4,2,40000
8001,mugla,bodrum,torba,2,1,120,4,2,50000
8002,mugla,marmaris,armutalan,2,1,120,5,2,30000
8003,mugla,bodrum,bitez,1,1,55,11,0,50000
8004,mugla,bodrum,golbasi,2,1,75,1,3,12000
8006,mugla,ula,gokova,1,1,65,1,1,20000
8008,mugla,dalaman,bezkese,4,1,180,10,2,40000
8009,mugla,dalaman,hurriyet,3,1,150,5,5,17000
8011,mugla,marmaris,siteler,1,1,55,30,1,20000
8013,mugla,datca,iskele,1,1,55,1,1,18000
8016,mugla,milas,ahmet_cavus_hayitli,3,1,165,8,4,20000
8017,mugla,koycegiz,gelisim,1,1,64,2,1,17000
8018,mugla,bodrum,cumhuriyet,2,1,80,5,0,30000
8019,mugla,ortaca,karaburun,2,1,130,10,5,10000
8020,mugla,ortaca,cumhuriyet,2,1,80,2,2,15000
8021,mugla,ula,akyaka,2,1,75,15,0,12000
8022,mugla,bodrum,akcaalan,3,1,130,0,2,40000
8023,mugla,bodrum,gumbet,1,1,55,1,5,7000
8024,mugla,koycegiz,yayla,2,1,125,5,2,12000
8025,mugla,dalaman,hurriyet,1,1,55,5,2,10000
8026,mugla,fethiye,karaculha,2,1,160,4,4,12000
8027,mugla,ortaca,eksiliyurt,3,1,155,10,1,13000
8029,mugla,bodrum,tepecik,1,1,60,15,5,22500
8030,mugla,milas,meselik,1,1,75,0,0,20000
8031,mugla,dalaman,serefler,1,1,65,0,3,12000
8033,mugla,bodrum,eskicesme,2,1,110,15,3,25000
8034,mugla,bodrum,gumbet,1,1,50,9,2,22000
8036,mugla,fethiye,esenkoy,2,1,45,2,0,15000
8039,mugla,koycegiz,toparlar,3,1,120,4,0,20000
8041,mugla,ortaca,beskopru,3,1,155,3,5,15000
8042,mugla,bodrum,koyunbaba,3,1,140,3,0,40000
8043,mugla,milas,meselik,3,1,142,0,2,40000
8044,mugla,bodrum,eskicesme,3,1,200,11,2,45000
8046,mugla,fethiye,karaculha,2,1,120,3,0,25000
8047,mugla,fethiye,akarca,1,1,65,4,0,15000
8048,mugla,dalaman,merkez,3,1,140,1,2,15000
8049,mugla,koycegiz,gulpinar,3,1,135,5,1,13000
8050,mugla,ortaca,karaburun,1,1,60,0,3,10000
8051,mugla,koycegiz,zeytinalani,2,1,120,0,0,12000
8052,mugla,bodrum,koyunbaba,2,1,70,25,5,45000
8053,mugla,koycegiz,yangi,3,1,185,10,2,15000
8054,mugla,fethiye,karaculha,3,1,135,16,3,13500
8055,mugla,mentese,muslihittin,1,1,60,31,0,10500
8057,mugla,fethiye,inlice,2,1,90,0,2,50000
8058,mugla,kavaklidere,cumhuriyet,2,1,100,20,2,5000
8059,mugla,fethiye,yeni,2,1,55,0,1,15000
8060,mugla,koycegiz,ulucami,2,1,130,1,0,12000
8062,mugla,milas,gulluk,3,1,200,30,2,50000
8063,mugla,fethiye,babatasi,2,1,90,5,3,15000
8064,mugla,fethiye,ciftlik,1,1,50,1,2,10000
8066,mugla,mentese,kotekli,2,1,100,10,0,9000
8067,mugla,koycegiz,yeni,1,1,45,0,1,10000
8068,mugla,koycegiz,ulucami,1,1,30,15,3,10000
8069,mugla,fethiye,akarca,3,1,120,0,0,50000
8070,mugla,dalaman,merkez,2,1,95,0,2,13000
8071,mugla,milas,cumhuriyet,3,1,135,13,-1,15000
8073,mugla,ortaca,cumhuriyet,1,1,70,0,1,11000
8075,mugla,mentese,dogan,1,1,70,35,2,7750
8076,mugla,bodrum,peksimet,1,1,80,30,0,15000
8077,mugla,koycegiz,hamitkoy,1,1,63,1,2,10000
8078,mugla,koycegiz,beyobasi,3,1,120,10,0,10000
8079,mugla,ula,koprubasi,1,1,45,4,1,10000
8081,mugla,bodrum,geris,2,1,90,7,3,35000
8082,mugla,bodrum,bitez,1,1,50,25,0,15000
8083,mugla,milas,haci_ilyas,1,1,75,2,1,10000
8084,mugla,bodrum,konacik,2,1,110,15,5,25000
8085,mugla,bodrum,muskebi,2,1,100,1,2,60000
8086,mugla,ortaca,bahcelievler,2,1,95,0,5,12000
8087,mugla,koycegiz,ulucami,1,1,35,20,0,6500
8088,mugla,ortaca,tepearasi,1,1,80,11,0,20000
8089,mugla,koycegiz,hamitkoy,1,1,60,2,0,10000
8090,mugla,bodrum,guvercinlik,2,1,115,15,0,60000
8091,mugla,bodrum,akcaalan,2,1,85,3,1,20000
8092,mugla,dalaman,merkez,3,1,145,16,2,13500
8093,mugla,ortaca,karaburun,3,1,125,20,3,13500
8094,mugla,bodrum,kumbahce,1,1,75,20,5,25000
8095,mugla,koycegiz,zeytinalani,1,1,25,0,0,8000
8098,mugla,bodrum,bitez,2,1,80,5,1,7000
8099,mugla,koycegiz,gelisim,1,1,80,1,2,11000
8100,mugla,ortaca,ataturk,3,1,130,0,3,18000
8102,mugla,dalaman,karacali,2,1,105,1,3,18000
8103,mugla,bodrum,geris,2,1,95,16,0,25000
8104,mugla,milas,becin,1,1,45,4,2,13000
8105,mugla,mentese,kotekli,1,1,50,0,4,11000
8106,mugla,bodrum,golkoy,2,1,85,0,0,25000
8107,mugla,ortaca,cayli,3,1,135,0,3,15000
8108,mugla,milas,oren,3,1,95,10,1,15000
8110,mugla,fethiye,tasyaka,1,1,90,16,5,15000
8111,mugla,mentese,kotekli,2,1,60,15,3,12000
8112,mugla,milas,cumhuriyet,4,1,170,15,4,17500
8113,mugla,ortaca,karaburun,3,1,140,5,3,18000
8114,mugla,marmaris,armutalan,2,1,90,20,0,20000
8116,mugla,fethiye,pazaryeri,3,1,130,11,0,15000
8117,mugla,bodrum,koyunbaba,1,1,55,8,0,15000
8118,mugla,koycegiz,yayla,1,1,48,0,0,8000
8119,mugla,marmaris,orhaniye,2,1,105,10,-2,15000
8122,mugla,fethiye,foca,2,1,100,18,1,12500
8124,mugla,ortaca,beskopru,3,1,120,10,3,15000
8128,mugla,bodrum,kucukbuk,2,1,75,1,2,27000
8130,mugla,ortaca,kemaliye,4,1,175,10,5,15000
8133,mugla,mentese,yenikoy,1,1,50,12,2,9000
8135,mugla,ortaca,cayli,3,1,150,5,1,15000
