"listingCard__media-link href","listingCard__photo-index","listingCard__price","listingCard__date","listingCard__title","listingCard__spec-item","listingCard__spec-item 2","listingCard__spec-item 3","listingCard__spec-item 4","listingCard__spec-item 5","listingCard__location","wp-btn-label","he-lazy-image src","he-lazy-image src 2","listingCard__owner-firm"
"https://www.hepsiemlak.com/konya-meram-meliksah-kiralik/daire/88447-20","1 / 23","37.500","20/08/2026","Konya Meram Yeniyolda  Kiralık 3+1 Lüks Daire","Kiralık Daire","3 + 1","185 m²","15 Yaşında","3. Kat","Konya / Meram / Melikşah Mah.","WhatsApp","","",""
"https://www.hepsiemlak.com/konya-selcuklu-yazir-kiralik/daire/88447-120","1 / 13","28.000","13/08/2026","Kiralık 3+1 Daire Otogar Karşısında","Kiralık Daire","3 + 1","165 m²","15 Yaşında","1. Kat","Konya / Selçuklu / Yazır Mah.","WhatsApp","","",""
"https://www.hepsiemlak.com/konya-selcuklu-aksemsettin-kiralik/daire/170981-4","1 / 14","35.000","19/08/2026","Akşemsettin Mah. 3+1 Kiralık Daire","Kiralık Daire","3 + 1","210 m²","10 Yaşında","2. Kat","Konya / Selçuklu / Akşemsettin Mah.","WhatsApp","","",""
"https://www.hepsiemlak.com/konya-meram-uluirmak-kiralik/daire/135159-132","1 / 38","31.500","20/08/2026","Meram Uluırmak Evleri 3+1 Kiralık Sıfır Daire","Kiralık Daire","3 + 1","166 m²","Sıfır Bina","8. Kat","Konya / Meram / Uluırmak Mah.","WhatsApp","https://hecdn01.hemlak.com/mncropresize/182/137/ds01/9/2/2/3/1/1/7/4/851f66a4-57c3-40ff-bdcc-bc9a0e322232.jpg","",""
"https://www.hepsiemlak.com/konya-meram-hatip-kiralik/daire/49677-2254","1 / 32","17.500","20/08/2026","Beybes Toki'de Ozan'dan Kiralık Ankstreli 3+1 Daire","Kiralık Daire","3 + 0","130 m²","3 Yaşında","Yüksek Giriş","Konya / Meram / Hatıp Mah.","WhatsApp","https://www.hepsiemlak.com/_nuxt/8cafc93fb5c74c75e9e04e528e02ccdf.jpg","",""
"https://www.hepsiemlak.com/konya-selcuklu-bosna-hersek-kiralik/daire/2168-2357","1 / 9","12.000","20/08/2026","Bosna Hersek'te Bayanlara Uygun Eşyalı Daire","Kiralık Daire","Stüdyo","25 m²","11 Yaşında","2. Kat","Konya / Selçuklu / Bosna Hersek Mah.","WhatsApp","https://www.hepsiemlak.com/_nuxt/8cafc93fb5c74c75e9e04e528e02ccdf.jpg","https://www.hepsiemlak.com/_nuxt/8cafc93fb5c74c75e9e04e528e02ccdf.jpg","Uğur Emlak"
"https://www.hepsiemlak.com/konya-selcuklu-bosna-hersek-kiralik/daire/2168-2358","1 / 11","20.000","20/08/2026","Stüdyo İstanbul Sitesinde 1+1 Eşyalı Kiralık Stüdyo Daire","Kiralık Daire","1 + 1","65 m²","11 Yaşında","2. Kat","Konya / Selçuklu / Bosna Hersek Mah.","WhatsApp","https://www.hepsiemlak.com/_nuxt/8cafc93fb5c74c75e9e04e528e02ccdf.jpg","https://www.hepsiemlak.com/_nuxt/8cafc93fb5c74c75e9e04e528e02ccdf.jpg","Uğur Emlak"
"https://www.hepsiemlak.com/konya-selcuklu-bosna-hersek-kiralik/daire/2168-2353","1 / 23","17.500","20/08/2026","Uğur Emlak'tan Bosna Merkezinde 3+1 Kiralık Daire","Kiralık Daire","3 + 1","110 m²","16 Yaşında","3. Kat","Konya / Selçuklu / Bosna Hersek Mah.","WhatsApp","https://www.hepsiemlak.com/_nuxt/8cafc93fb5c74c75e9e04e528e02ccdf.jpg","https://www.hepsiemlak.com/_nuxt/8cafc93fb5c74c75e9e04e528e02ccdf.jpg","Uğur Emlak"
"https://www.hepsiemlak.com/konya-meram-kozagac-kiralik/daire/81846-2312","1 / 27","22.000","20/08/2026","Kozagaç Antalya Yolu Askeriye Karşısı 3+1bakımlı Kiralık Daire","Kiralık Daire","3 + 1","180 m²","16 Yaşında","5. Kat","Konya / Meram / Kozağaç Mah.","WhatsApp","https://www.hepsiemlak.com/_nuxt/8cafc93fb5c74c75e9e04e528e02ccdf.jpg","",""
"https://www.hepsiemlak.com/konya-selcuklu-sancak-kiralik/daire/80401-10","1 / 28","26.000","20/08/2026","Beyaz Zambak Sitesinde Kiralık 3+1 Arakat Daire","Kiralık Daire","3 + 1","140 m²","21 Yaşında","2. Kat","Konya / Selçuklu / Sancak Mah.","WhatsApp","https://www.hepsiemlak.com/_nuxt/8cafc93fb5c74c75e9e04e528e02ccdf.jpg","",""
"https://www.hepsiemlak.com/konya-selcuklu-akademi-kiralik/daire/57222-355","1 / 34","21.000","20/08/2026","Ardıçlı Toki Konutları 2. Etap 2+1 Ara Kat Kiralık Daire","Kiralık Daire","2 + 1","90 m²","4 Yaşında","4. Kat","Konya / Selçuklu / Akademi Mah.","WhatsApp","https://www.hepsiemlak.com/_nuxt/8cafc93fb5c74c75e9e04e528e02ccdf.jpg","https://www.hepsiemlak.com/_nuxt/8cafc93fb5c74c75e9e04e528e02ccdf.jpg","Ünlü İnşaat Emlak"
"https://www.hepsiemlak.com/konya-selcuklu-mehmet-akif-kiralik/daire/130097-11","1 / 27","30.000","20/08/2026","Kiralik 4+1 Daıre Arakat Mehmet Akif Mah Polis Karakola Yakın","Kiralık Daire","4 + 1","190 m²","6 Yaşında","2. Kat","Konya / Selçuklu / Mehmet Akif Mah.","WhatsApp","https://www.hepsiemlak.com/_nuxt/8cafc93fb5c74c75e9e04e528e02ccdf.jpg","",""
"https://www.hepsiemlak.com/konya-selcuklu-sancak-kiralik/daire/80401-9","1 / 12","20.000","20/08/2026","Sancak Mahallesi Koca Konutlarda Kiralık Daire","Kiralık Daire","3 + 1","120 m²","26 Yaşında","3. Kat","Konya / Selçuklu / Sancak Mah.","WhatsApp","https://www.hepsiemlak.com/_nuxt/8cafc93fb5c74c75e9e04e528e02ccdf.jpg","",""
"https://www.hepsiemlak.com/konya-selcuklu-yazir-kiralik/daire/150590-1159","1 / 34","32.000","20/08/2026","Sefergyo Yazır'da 3+1 Kiralık Daire - Cemil Meriç Karşısı !!","Kiralık Daire","3 + 1","160 m²","6 Yaşında","4. Kat","Konya / Selçuklu / Yazır Mah.","WhatsApp","https://www.hepsiemlak.com/_nuxt/8cafc93fb5c74c75e9e04e528e02ccdf.jpg","https://www.hepsiemlak.com/_nuxt/8cafc93fb5c74c75e9e04e528e02ccdf.jpg","Sefer Gayrimenkul"
"https://www.hepsiemlak.com/konya-selcuklu-seker-kiralik/daire/160247-22","1 / 28","37.000","20/08/2026","Parla G.Menkul Şefikcanda 4+1 Sıfır Kiralık Daire","Kiralık Daire","4 + 1","200 m²","Sıfır Bina","6. Kat","Konya / Selçuklu / Şeker Mah.","WhatsApp","https://www.hepsiemlak.com/_nuxt/8cafc93fb5c74c75e9e04e528e02ccdf.jpg","",""
"https://www.hepsiemlak.com/konya-meram-havzan-kiralik/daire/142267-72","1 / 27","35.000","20/08/2026","4+1 Kiralık Daire","Kiralık Daire","4 + 1","200 m²","25 Yaşında","4. Kat","Konya / Meram / Havzan Mah.","WhatsApp","https://www.hepsiemlak.com/_nuxt/8cafc93fb5c74c75e9e04e528e02ccdf.jpg","",""
"https://www.hepsiemlak.com/konya-karatay-akabe-kiralik/daire/64166-987","1 / 39","32.000","20/08/2026","Karatay Üniversitesi Ve Adliye Yakını Adalet Konutlarında 3+1 Arakat Kiralık Daire","Kiralık Daire","3 + 1","185 m²","10 Yaşında","5. Kat","Konya / Karatay / Akabe Mah.","WhatsApp","https://www.hepsiemlak.com/_nuxt/8cafc93fb5c74c75e9e04e528e02ccdf.jpg","https://www.hepsiemlak.com/_nuxt/8cafc93fb5c74c75e9e04e528e02ccdf.jpg","Cadde Emlak"
"https://www.hepsiemlak.com/konya-selcuklu-yazir-kiralik/daire/86980-1121","1 / 49","28.000","20/08/2026","///düğüncülerin Dikkatine/// Cad. Üzeri Ultra Lüks Arakat Yeni Bina  2+1 Kiralık","Kiralık Daire","2 + 1","132 m²","4 Yaşında","2. Kat","Konya / Selçuklu / Yazır Mah.","WhatsApp","https://www.hepsiemlak.com/_nuxt/8cafc93fb5c74c75e9e04e528e02ccdf.jpg","",""
"https://www.hepsiemlak.com/konya-selcuklu-ferhuniye-kiralik/daire/92929-498","1 / 40","20.000","20/08/2026","Kiralık;Nalçacı Caddesi, Fuar Alanı (kültürpark) Yakını,4+1 Ara Daire","Kiralık Daire","4 + 1","160 m²","45 Yaşında","6. Kat","Konya / Selçuklu / Ferhuniye Mah.","WhatsApp","https://www.hepsiemlak.com/_nuxt/8cafc93fb5c74c75e9e04e528e02ccdf.jpg","",""
"https://www.hepsiemlak.com/konya-selcuklu-beyhekim-kiralik/daire/141727-162","1 / 13","26.000","20/08/2026","Kg Konya Gayrimenkul'den Beyhekim Mh. 2+1 Kiralık Daire","Kiralık Daire","2 + 1","115 m²","Sıfır Bina","4. Kat","Konya / Selçuklu / Beyhekim Mah.","WhatsApp","https://www.hepsiemlak.com/_nuxt/8cafc93fb5c74c75e9e04e528e02ccdf.jpg","",""
"https://www.hepsiemlak.com/konya-selcuklu-isiklar-kiralik/daire/97796-824","1 / 28","23.500","20/08/2026","Işıklar Mah. Kiralık 3+1 Bakımlı Arakat Daire","Kiralık Daire","3 + 1","165 m²","21 Yaşında","3. Kat","Konya / Selçuklu / Işıklar Mah.","WhatsApp","https://www.hepsiemlak.com/_nuxt/8cafc93fb5c74c75e9e04e528e02ccdf.jpg","",""
"https://www.hepsiemlak.com/konya-meram-konevi-kiralik/daire/123893-706","1 / 27","22.000","20/08/2026","Özdede'den Kiralık Konevi Mh'de Büyük 2+1 Daire","Kiralık Daire","2 + 1","130 m²","26 Yaşında","Zemin","Konya / Meram / Konevi Mah.","WhatsApp","https://www.hepsiemlak.com/_nuxt/8cafc93fb5c74c75e9e04e528e02ccdf.jpg","https://www.hepsiemlak.com/_nuxt/8cafc93fb5c74c75e9e04e528e02ccdf.jpg","Özdede Emlak"
"https://www.hepsiemlak.com/konya-selcuklu-kosova-kiralik/daire/158321-113","1 / 10","23.000","20/08/2026","Kosova Mh Pirireis Konutları 2+1 Eşyalı Kiralık Daire","Kiralık Daire","2 + 1","100 m²","11 Yaşında","3. Kat","Konya / Selçuklu / Kosova Mah.","WhatsApp","https://www.hepsiemlak.com/_nuxt/8cafc93fb5c74c75e9e04e528e02ccdf.jpg","",""
"https://www.hepsiemlak.com/konya-selcuklu-bosna-hersek-kiralik/daire/2168-2349","1 / 23","22.000","20/08/2026","Grand Otel Karşısında 1+1 Kiralık Eşyalı Daire","Kiralık Daire","1 + 1","75 m²","16 Yaşında","5. Kat","Konya / Selçuklu / Bosna Hersek Mah.","WhatsApp","https://www.hepsiemlak.com/_nuxt/8cafc93fb5c74c75e9e04e528e02ccdf.jpg","https://www.hepsiemlak.com/_nuxt/8cafc93fb5c74c75e9e04e528e02ccdf.jpg","Uğur Emlak"
"https://www.hepsiemlak.com/konya-meram-kozagac-kiralik/daire/81846-1633","1 / 27","22.000","20/08/2026","Meram Kozagaç Antalya Yolu Askeriye Karşısı Geniş 3+1bakımlı  Kiralık Daire","Kiralık Daire","3 + 1","180 m²","20 Yaşında","En Üst Kat","Konya / Meram / Kozağaç Mah.","WhatsApp","","",""
"https://www.hepsiemlak.com/konya-selcuklu-kosova-kiralik/daire/85077-256","1 / 15","20.000","20/08/2026","Farabi Hastanesi Yakını Kiralık 3+1 Daire","Kiralık Daire","3 + 1","155 m²","20 Yaşında","Yüksek Giriş","Konya / Selçuklu / Kosova Mah.","WhatsApp","","",""
"https://www.hepsiemlak.com/konya-meram-havzan-kiralik/daire/123893-703","1 / 24","32.000","20/08/2026","Özdede'den Kiralık Havzan Mh'de Ara Kat Bakımlı 4+1 Daire","Kiralık Daire","4 + 1","200 m²","25 Yaşında","2. Kat","Konya / Meram / Havzan Mah.","WhatsApp","https://hecdnnw.hemlak.com/mncropresize/77/67/logo/3/9/8/3/2/1/a237c942-b4f5-4a07-b601-21041e505977.jpg","","Özdede Emlak"
"https://www.hepsiemlak.com/konya-selcuklu-yazir-kiralik/daire/57222-353","1 / 17","29.000","20/08/2026","Yazır Mah.Loft Premıum 2,5+1 Ayrı Mutfaklı Eşyasız Daire","Kiralık Daire","2 + 1","110 m²","4 Yaşında","4. Kat","Konya / Selçuklu / Yazır Mah.","WhatsApp","https://www.hepsiemlak.com/_nuxt/8cafc93fb5c74c75e9e04e528e02ccdf.jpg","https://www.hepsiemlak.com/_nuxt/8cafc93fb5c74c75e9e04e528e02ccdf.jpg","Ünlü İnşaat Emlak"
"https://www.hepsiemlak.com/konya-karatay-sariyakup-kiralik/daire/97796-825","1 / 17","27.000","20/08/2026","Sarıyakup Mah. Kiralık Bakımlı 3+1 Daire","Kiralık Daire","3 + 1","170 m²","11 Yaşında","1. Kat","Konya / Karatay / Sarıyakup Mah.","WhatsApp","https://www.hepsiemlak.com/_nuxt/8cafc93fb5c74c75e9e04e528e02ccdf.jpg","",""
"https://www.hepsiemlak.com/konya-selcuklu-husamettin-celebi-kiralik/daire/89673-1907","1 / 35","23.000","20/08/2026","Gökdeniz'den Cadde Cephe Konumu Güzel 3+1 Kiralık Ara Kat Daire.","Kiralık Daire","3 + 1","132 m²","26 Yaşında","1. Kat","Konya / Selçuklu / Hüsamettin Çelebi Mah.","WhatsApp","https://www.hepsiemlak.com/_nuxt/8cafc93fb5c74c75e9e04e528e02ccdf.jpg","https://www.hepsiemlak.com/_nuxt/8cafc93fb5c74c75e9e04e528e02ccdf.jpg","Gökdeniz Gayrimenkul"
"https://www.hepsiemlak.com/konya-selcuklu-bosna-hersek-kiralik/daire/2168-2302","1 / 10","14.000","20/08/2026","1+0 Full Eşyalı Kiralık Stüdyoda Daireler Uğur Emlak Garanti Ve Güvencesiyle","Kiralık Daire","Stüdyo","30 m²","13 Yaşında","Ara Kat","Konya / Selçuklu / Bosna Hersek Mah.","WhatsApp","https://www.hepsiemlak.com/_nuxt/8cafc93fb5c74c75e9e04e528e02ccdf.jpg","https://www.hepsiemlak.com/_nuxt/8cafc93fb5c74c75e9e04e528e02ccdf.jpg","Uğur Emlak"
"https://www.hepsiemlak.com/konya-selcuklu-selahaddin-eyyubi-kiralik/daire/97267-211","1 / 13","25.500","20/08/2026","Selahaddin Eyyübi Mhlesinde 3 Cepheli 2+1 Daire","Kiralık Daire","2 + 1","100 m²","1 Yaşında","3. Kat","Konya / Selçuklu / Selahaddin Eyyubi Mah.","WhatsApp","https://www.hepsiemlak.com/_nuxt/8cafc93fb5c74c75e9e04e528e02ccdf.jpg","",""
"https://www.hepsiemlak.com/konya-selcuklu-beyhekim-kiralik/daire/57222-354","1 / 14","16.500","20/08/2026","Yazel Sitesi Tramvay Yolu Üzerin'de 1+1 Kiralık Eşyasız Daire","Kiralık Daire","1 + 1","75 m²","6 Yaşında","3. Kat","Konya / Selçuklu / Beyhekim Mah.","WhatsApp","https://www.hepsiemlak.com/_nuxt/8cafc93fb5c74c75e9e04e528e02ccdf.jpg","https://www.hepsiemlak.com/_nuxt/8cafc93fb5c74c75e9e04e528e02ccdf.jpg","Ünlü İnşaat Emlak"
"https://www.hepsiemlak.com/konya-selcuklu-yazir-kiralik/daire/85930-280","1 / 23","45.000","20/08/2026","Karakuzu Emlakdan Şelale Park Sitelerinde Kiralık 4+1 Lüks Daire","Kiralık Daire","4 + 1","220 m²","11 Yaşında","8. Kat","Konya / Selçuklu / Yazır Mah.","WhatsApp","https://www.hepsiemlak.com/_nuxt/8cafc93fb5c74c75e9e04e528e02ccdf.jpg","",""
"https://www.hepsiemlak.com/konya-meram-askan-kiralik/daire/81846-2390","1 / 28","23.750","20/08/2026","Aşkan Mah Neü,Ssk Has Yakını 3+1 Ara Kat Güzel Lokasyon Da Kiralık Daire","Kiralık Daire","3 + 1","160 m²","26 Yaşında","3. Kat","Konya / Meram / Aşkan Mah.","WhatsApp","https://www.hepsiemlak.com/_nuxt/8cafc93fb5c74c75e9e04e528e02ccdf.jpg","",""
"https://www.hepsiemlak.com/konya-meram-askan-kiralik/daire/64166-975","1 / 15","25.000","20/08/2026","Meram Yaka Fatih Caddesi Üzeri 2+1 Kombili Kiralık Daire","Kiralık Daire","2 + 1","135 m²","30 Yaşında","Yüksek Giriş","Konya / Meram / Aşkan Mah.","WhatsApp","https://www.hepsiemlak.com/_nuxt/8cafc93fb5c74c75e9e04e528e02ccdf.jpg","https://www.hepsiemlak.com/_nuxt/8cafc93fb5c74c75e9e04e528e02ccdf.jpg","Cadde Emlak"
"https://www.hepsiemlak.com/konya-meram-sahibiata-kiralik/daire/123893-690","1 / 24","22.500","20/08/2026","Özdede'den Kiralık Zafer De 2+1 Ara Kat Yeni Boyalı Daire","Kiralık Daire","2 + 1","145 m²","26 Yaşında","3. Kat","Konya / Meram / Sahibiata Mah.","WhatsApp","https://www.hepsiemlak.com/_nuxt/8cafc93fb5c74c75e9e04e528e02ccdf.jpg","https://www.hepsiemlak.com/_nuxt/8cafc93fb5c74c75e9e04e528e02ccdf.jpg","Özdede Emlak"
"https://www.hepsiemlak.com/konya-selcuklu-selahaddin-eyyubi-kiralik/daire/89011-151","1 / 26","28.000","19/08/2026","Seçuklu Beşyüzevler Semt Pazarı Karşısında Kiralık 3+1daire","Kiralık Daire","3 + 1","150 m²","5 Yaşında","1. Kat","Konya / Selçuklu / Selahaddin Eyyubi Mah.","WhatsApp","https://www.hepsiemlak.com/_nuxt/8cafc93fb5c74c75e9e04e528e02ccdf.jpg","https://www.hepsiemlak.com/_nuxt/8cafc93fb5c74c75e9e04e528e02ccdf.jpg","Halıcı Gayrimenkul"
"https://www.hepsiemlak.com/konya-selcuklu-beyhekim-kiralik/daire/90958-239","1 / 32","30.000","18/08/2026","Emlak81den Konya Selçuklu Beyhekim Tramvay Durağında 2+1 Eşyalı Daire","Kiralık Daire","2 + 1","90 m²","13 Yaşında","3. Kat","Konya / Selçuklu / Beyhekim Mah.","WhatsApp","https://www.hepsiemlak.com/_nuxt/8cafc93fb5c74c75e9e04e528e02ccdf.jpg","",""
"https://www.hepsiemlak.com/konya-selcuklu-yazir-kiralik/daire/132742-147","1 / 25","40.000","19/08/2026","Yazır'da Site İçerisinde Geniş 3+1 Kiralık Daire","Kiralık Daire","3 + 1","150 m²","6 Yaşında","4. Kat","Konya / Selçuklu / Yazır Mah.","WhatsApp","https://www.hepsiemlak.com/_nuxt/8cafc93fb5c74c75e9e04e528e02ccdf.jpg","",""
"https://www.hepsiemlak.com/konya-selcuklu-akademi-kiralik/daire/170063-48","1 / 40","20.000","19/08/2026","Yıltaş Gayrimenkul Den Ardıçlı Toki De 2+1 Konya Manzaralı","Kiralık Daire","2 + 1","100 m²","1 Yaşında","4. Kat","Konya / Selçuklu / Akademi Mah.","WhatsApp","https://www.hepsiemlak.com/_nuxt/8cafc93fb5c74c75e9e04e528e02ccdf.jpg","",""
"https://www.hepsiemlak.com/konya-karatay-araplar-kiralik/daire/168472-12","1 / 21","30.000","19/08/2026","Zerog Gayrimenkulden İl Jandarma Kmt. Yakını Kiralık Daire","Kiralık Daire","3 + 1","160 m²","15 Yaşında","6. Kat","Konya / Karatay / Araplar Mah.","WhatsApp","https://www.hepsiemlak.com/_nuxt/8cafc93fb5c74c75e9e04e528e02ccdf.jpg","",""
"https://www.hepsiemlak.com/konya-meram-osman-gazi-kiralik/mustakil-ev/0-47153521","1 / 21","31.000","19/08/2026","Kiralık Daire Müstakil Evin 2nci Katı","Kiralık Müstakil Ev","4 + 1","220 m²","40 Yaşında","","Konya / Meram / Osman Gazi Mah.","WhatsApp","https://www.hepsiemlak.com/_nuxt/8cafc93fb5c74c75e9e04e528e02ccdf.jpg","",""
"https://www.hepsiemlak.com/konya-meram-alavardi-kiralik/daire/111386-75","1 / 35","50.000","18/08/2026","Sahi'den Meram Alavardı Beğen Bahar Evlerinde Kiralık 4+1 Daire","Kiralık Daire","4 + 1","181 m²","11 Yaşında","9. Kat","Konya / Meram / Alavardı Mah.","WhatsApp","https://www.hepsiemlak.com/_nuxt/8cafc93fb5c74c75e9e04e528e02ccdf.jpg","",""
"https://www.hepsiemlak.com/konya-selcuklu-beyhekim-kiralik/daire/164966-103","1 / 17","25.000","18/08/2026","Tema Dan Mag'ınn 134 De 2+1 Kiralık Daire","Kiralık Daire","2 + 1","85 m²","6 Yaşında","2. Kat","Konya / Selçuklu / Beyhekim Mah.","WhatsApp","https://www.hepsiemlak.com/_nuxt/8cafc93fb5c74c75e9e04e528e02ccdf.jpg","",""
"https://www.hepsiemlak.com/konya-meram-godene-kiralik/daire/145022-233","1 / 22","17.000","17/08/2026","Beymira 'dan Meram Gödene Toki 3+1 Ara Kat Boyalı Temiz Daire","Kiralık Daire","3 + 1","120 m²","15 Yaşında","3. Kat","Konya / Meram / Gödene Mah.","WhatsApp","https://www.hepsiemlak.com/_nuxt/8cafc93fb5c74c75e9e04e528e02ccdf.jpg","",""
"https://www.hepsiemlak.com/konya-karatay-istiklal-kiralik/daire/0-47129931","1 / 15","24.000","17/08/2026","Konya Şehir Hastanesi, Kto, Adliyeye Yürüme Mesafesinde Kiralık Ev 2+1 Kombili Arakat G_batı","Kiralık Daire","2 + 1","100 m²","20 Yaşında","Ara Kat","Konya / Karatay / İstiklal Mah.","WhatsApp","https://www.hepsiemlak.com/_nuxt/8cafc93fb5c74c75e9e04e528e02ccdf.jpg","",""
"https://www.hepsiemlak.com/konya-selcuklu-beyhekim-kiralik/daire/125683-1640","1 / 39","26.000","17/08/2026","Yüksel Şahin Den Yazırda Tramvaya Yakın Ara Kat 2+1 Luks Eşyalı Kiralık Daire","Kiralık Daire","2 + 1","110 m²","10 Yaşında","2. Kat","Konya / Selçuklu / Beyhekim Mah.","WhatsApp","https://www.hepsiemlak.com/_nuxt/8cafc93fb5c74c75e9e04e528e02ccdf.jpg","https://www.hepsiemlak.com/_nuxt/8cafc93fb5c74c75e9e04e528e02ccdf.jpg","Yüksel Şahin Emlak"
"https://www.hepsiemlak.com/konya-selcuklu-sancak-kiralik/daire/165071-208","1 / 23","18.000","15/08/2026","Konya Selçuklu Hill Residence Kiralık Daire 4.Kat","Kiralık Daire","1 + 1","72 m²","11 Yaşında","4. Kat","Konya / Selçuklu / Sancak Mah.","WhatsApp","","",""
"https://www.hepsiemlak.com/konya-meram-havzan-kiralik/daire/0-47125828","1 / 22","33.000","20/08/2026","Meram Da Memur Bayana Eşyalı Daire","Kiralık Daire","2 + 1","110 m²","30 Yaşında","En Üst Kat","Konya / Meram / Havzan Mah.","WhatsApp","","",""
"https://www.hepsiemlak.com/konya-selcuklu-feritpasa-kiralik/daire/96769-770","1 / 38","32.000","18/08/2026","Kiralık Daire Feritpaşa Kerkük Cad 5+2 : 290m2 Kule Site'ye 2 Dk Mesafede","Kiralık Daire","5 + 2","290 m²","25 Yaşında","En Üst Kat","Konya / Selçuklu / Feritpaşa Mah.","WhatsApp","https://hecdnnw.hemlak.com/mncropresize/77/67/logo/9/6/7/6/9/0/e0b3fee6-76ec-44a9-9ebe-e3d7b71eab8d.jpg","","Enfal Emlak"
"https://www.hepsiemlak.com/konya-selcuklu-malazgirt-kiralik/daire/149786-51","1 / 25","19.500","20/08/2026","Malazgirt Mahallesi Kiralık 3+ 1 Daire","Kiralık Daire","3 + 1","120 m²","20 Yaşında","3. Kat","Konya / Selçuklu / Malazgirt Mah.","WhatsApp","https://www.hepsiemlak.com/_nuxt/8cafc93fb5c74c75e9e04e528e02ccdf.jpg","",""
"https://www.hepsiemlak.com/konya-selcuklu-beyhekim-kiralik/daire/143843-199","1 / 21","21.000","19/08/2026","İsa Kaplan'dan Beyhekim Mah'de Kiralık 2+0 Geniş Yeni Temiz Dair","Kiralık Daire","2 + 0","95 m²","5 Yaşında","Giriş Katı","Konya / Selçuklu / Beyhekim Mah.","WhatsApp","https://www.hepsiemlak.com/_nuxt/8cafc93fb5c74c75e9e04e528e02ccdf.jpg","",""
"https://www.hepsiemlak.com/konya-selcuklu-selahaddin-eyyubi-kiralik/daire/125652-2149","1 / 48","35.000","18/08/2026","S. Eyyüni Mahallesi'nde Metekonakları Yakını 3+1 Kirtalık Lüks Daire","Kiralık Daire","3 + 0","155 m²","1 Yaşında","Yüksek Giriş","Konya / Selçuklu / Selahaddin Eyyubi Mah.","WhatsApp","https://www.hepsiemlak.com/_nuxt/8cafc93fb5c74c75e9e04e528e02ccdf.jpg","https://www.hepsiemlak.com/_nuxt/8cafc93fb5c74c75e9e04e528e02ccdf.jpg","İşyapar Gayrimenkul"
"https://www.hepsiemlak.com/konya-selcuklu-bosna-hersek-kiralik/daire/57750-107","1 / 19","16.000","14/08/2026","Bosna Hersek Mahallesi Mesaj Caddesi Yanı Kiralık 2+1 Daire","Kiralık Daire","2 + 1","120 m²","16 Yaşında","2. Kat","Konya / Selçuklu / Bosna Hersek Mah.","WhatsApp","https://www.hepsiemlak.com/_nuxt/8cafc93fb5c74c75e9e04e528e02ccdf.jpg","",""
"https://www.hepsiemlak.com/konya-selcuklu-yazir-kiralik/daire/153356-394","1 / 29","31.000","15/08/2026","Yazır Mahallesi İstanbul Yoluna Cephe 2+1 Sıfır Eşyalı Kiralık Daire","Kiralık Daire","2 + 1","110 m²","10 Yaşında","Ara Kat","Konya / Selçuklu / Yazır Mah.","WhatsApp","https://www.hepsiemlak.com/_nuxt/8cafc93fb5c74c75e9e04e528e02ccdf.jpg","https://www.hepsiemlak.com/_nuxt/8cafc93fb5c74c75e9e04e528e02ccdf.jpg","Bayram Sami Gayrimenkul"
"https://www.hepsiemlak.com/konya-selcuklu-seker-kiralik/daire/147287-27","1 / 32","45.000","15/08/2026","Şefikcan Yakını Şeker Mah Kiralık 4+1 Daire","Kiralık Daire","4 + 1","190 m²","5 Yaşında","10. Kat","Konya / Selçuklu / Şeker Mah.","WhatsApp","https://www.hepsiemlak.com/_nuxt/8cafc93fb5c74c75e9e04e528e02ccdf.jpg","",""
"https://www.hepsiemlak.com/konya-karatay-akabe-kiralik/daire/135595-682","1 / 14","28.000","15/08/2026","Cengizler’den Akabede Adliyeye Yakın Kiralık Daire","Kiralık Daire","3 + 1","165 m²","10 Yaşında","Ara Kat","Konya / Karatay / Akabe Mah.","WhatsApp","https://www.hepsiemlak.com/_nuxt/8cafc93fb5c74c75e9e04e528e02ccdf.jpg","https://www.hepsiemlak.com/_nuxt/8cafc93fb5c74c75e9e04e528e02ccdf.jpg","Cengizler Gayrimenkul"
"https://www.hepsiemlak.com/konya-karatay-istiklal-kiralik/daire/65192-726","1 / 13","18.500","19/08/2026","Şehir Hastanesi Yakını Eşyalı Kiralık 1+0 Stüdyo Daire (0 Yaş)","Kiralık Daire","Stüdyo","40 m²","Sıfır Bina","Zemin","Konya / Karatay / İstiklal Mah.","WhatsApp","https://www.hepsiemlak.com/_nuxt/8cafc93fb5c74c75e9e04e528e02ccdf.jpg","https://www.hepsiemlak.com/_nuxt/8cafc93fb5c74c75e9e04e528e02ccdf.jpg","Şefikcan Emlak İnşaat"
"https://www.hepsiemlak.com/konya-selcuklu-kosova-kiralik/daire/170796-9","1 / 13","20.000","17/08/2026","Konya Piri Reis Konutlarında Kiralık 1+1 Eşyalı Daire","Kiralık Daire","1 + 1","85 m²","6 Yaşında","1. Kat","Konya / Selçuklu / Kosova Mah.","WhatsApp","https://www.hepsiemlak.com/_nuxt/8cafc93fb5c74c75e9e04e528e02ccdf.jpg","",""
"https://www.hepsiemlak.com/konya-meram-havzan-kiralik/daire/5115-4181","1 / 29","45.000","17/08/2026","Turyap' Tan Güzel Bahçe Sitesinde 4+1 Salon Kiralık Daire","Kiralık Daire","4 + 1","250 m²","11 Yaşında","3. Kat","Konya / Meram / Havzan Mah.","WhatsApp","https://www.hepsiemlak.com/_nuxt/8cafc93fb5c74c75e9e04e528e02ccdf.jpg","",""
"https://www.hepsiemlak.com/konya-meram-karahuyuk-kiralik/daire/69317-924","1 / 28","28.000","20/08/2026","Karahüyük'de 3+1 Kiralık Daire","Kiralık Daire","3 + 1","140 m²","5 Yaşında","2. Kat","Konya / Meram / Karahüyük Mah.","WhatsApp","https://www.hepsiemlak.com/_nuxt/8cafc93fb5c74c75e9e04e528e02ccdf.jpg","https://www.hepsiemlak.com/_nuxt/8cafc93fb5c74c75e9e04e528e02ccdf.jpg","Toprak Emlak"
"https://www.hepsiemlak.com/konya-selcuklu-kilincarslan-kiralik/daire/123893-338","1 / 23","23.000","20/08/2026","Özdede'den Kiralık Kılınçarslan Mh ' De Ara Kat Bakımlı 3+1 Daire","Kiralık Daire","3 + 1","160 m²","25 Yaşında","2. Kat","Konya / Selçuklu / Kılınçarslan Mah.","WhatsApp","https://www.hepsiemlak.com/_nuxt/8cafc93fb5c74c75e9e04e528e02ccdf.jpg","https://www.hepsiemlak.com/_nuxt/8cafc93fb5c74c75e9e04e528e02ccdf.jpg","Özdede Emlak"
"https://www.hepsiemlak.com/konya-selcuklu-hacikaymak-kiralik/daire/158321-112","1 / 15","45.000","17/08/2026","Nalçacı,Da Kule Site Avm Karşısı 4+1 Eşyalı Kiralık Daire","Kiralık Daire","4 + 1","175 m²","26 Yaşında","4. Kat","Konya / Selçuklu / Hacıkaymak Mah.","WhatsApp","https://www.hepsiemlak.com/_nuxt/8cafc93fb5c74c75e9e04e528e02ccdf.jpg","",""
"https://www.hepsiemlak.com/konya-selcuklu-akademi-kiralik/daire/170063-46","1 / 36","25.000","16/08/2026","Yıltaş Gayrimenkul Den Ardıçlı Toki De 3+1 İçi Full Yapılı Daire","Kiralık Daire","3 + 1","130 m²","1 Yaşında","4. Kat","Konya / Selçuklu / Akademi Mah.","WhatsApp","https://www.hepsiemlak.com/_nuxt/8cafc93fb5c74c75e9e04e528e02ccdf.jpg","",""
"https://www.hepsiemlak.com/konya-meram-meliksah-kiralik/daire/111386-74","1 / 34","29.500","15/08/2026","Sahi'den Meram Melikşah Mah.De Temiz Kiralık 3+1 Daire..","Kiralık Daire","3 + 1","155 m²","6 Yaşında","Yüksek Giriş","Konya / Meram / Melikşah Mah.","WhatsApp","https://www.hepsiemlak.com/_nuxt/8cafc93fb5c74c75e9e04e528e02ccdf.jpg","",""
"https://www.hepsiemlak.com/konya-selcuklu-parsana-kiralik/daire/160247-19","1 / 25","30.000","17/08/2026","Parla G.Menkul Parsanada Sıfır Geniş 2+1 Kiralık Lüks Daire","Kiralık Daire","2 + 1","100 m²","Sıfır Bina","4. Kat","Konya / Selçuklu / Parsana Mah.","WhatsApp","https://www.hepsiemlak.com/_nuxt/8cafc93fb5c74c75e9e04e528e02ccdf.jpg","",""
"https://www.hepsiemlak.com/konya-selcuklu-horozluhan-kiralik/daire/145022-230","1 / 21","27.000","17/08/2026","Beymira'dan Sancak Novada Avm Yanı Lüks 1+1 Kiralık Eşyalı Daire","Kiralık Daire","1 + 1","90 m²","3 Yaşında","2. Kat","Konya / Selçuklu / Horozluhan Mah.","WhatsApp","https://www.hepsiemlak.com/_nuxt/8cafc93fb5c74c75e9e04e528e02ccdf.jpg","",""
"https://www.hepsiemlak.com/konya-karatay-karaaslan-kiralik/villa/132742-139","1 / 24","70.000","19/08/2026","5+1 Lüks Kiralık Villa","Kiralık Villa","5 + 1","240 m²","Sıfır Bina","Bahçe Katı","Konya / Karatay / Karaaslan Mah.","WhatsApp","https://www.hepsiemlak.com/_nuxt/8cafc93fb5c74c75e9e04e528e02ccdf.jpg","",""
"https://www.hepsiemlak.com/konya-selcuklu-sille-ak-kiralik/daire/49677-2248","1 / 49","55.000","18/08/2026","Sille Ak ' Da Ozan'dan Kiralık Kombili 4+1 Lüks Daire","Kiralık Daire","4 + 1","240 m²","Sıfır Bina","3. Kat","Konya / Selçuklu / Sille Ak Mah.","WhatsApp","https://www.hepsiemlak.com/_nuxt/8cafc93fb5c74c75e9e04e528e02ccdf.jpg","",""
"https://www.hepsiemlak.com/konya-selcuklu-husamettin-celebi-kiralik/daire/97267-209","1 / 13","25.500","20/08/2026","Hüsamettin Çelebi Mhlesinde Sıfır Arakat Asansörlü Daire","Kiralık Daire","2 + 1","100 m²","Sıfır Bina","Ara Kat","Konya / Selçuklu / Hüsamettin Çelebi Mah.","WhatsApp","https://www.hepsiemlak.com/_nuxt/8cafc93fb5c74c75e9e04e528e02ccdf.jpg","",""
"https://www.hepsiemlak.com/konya-karatay-gaziosmanpasa-kiralik/daire/135595-676","1 / 13","27.000","18/08/2026","Cengizler’den Adliye Yakın Kiralık 2+1 Arakat Daire","Kiralık Daire","2 + 1","110 m²","Sıfır Bina","Ara Kat","Konya / Karatay / Gaziosmanpaşa Mah.","WhatsApp","https://www.hepsiemlak.com/_nuxt/8cafc93fb5c74c75e9e04e528e02ccdf.jpg","https://www.hepsiemlak.com/_nuxt/8cafc93fb5c74c75e9e04e528e02ccdf.jpg","Cengizler Gayrimenkul"
"https://www.hepsiemlak.com/konya-selcuklu-yazir-kiralik/daire/4499-267","1 / 19","20.000","15/08/2026","Ünlü Emlak'dan Yazır Elmalı Hamdi Tranway Durağına 100 Metre Çatı Katı Kiralık Daire","Kiralık Daire","1 + 1","70 m²","10 Yaşında","Çatı Katı","Konya / Selçuklu / Yazır Mah.","WhatsApp","","",""
"https://www.hepsiemlak.com/konya-selcuklu-bosna-hersek-kiralik/daire/158321-110","1 / 39","26.000","17/08/2026","Bosna Hersek Mh Ravza Sitesi Ara Kat Eşyalı Kiralık Daire","Kiralık Daire","2 + 1","120 m²","16 Yaşında","5. Kat","Konya / Selçuklu / Bosna Hersek Mah.","WhatsApp","","",""
"https://www.hepsiemlak.com/konya-selcuklu-fatih-kiralik/daire/64166-982","1 / 36","25.000","19/08/2026","Fatih Mahallesi Kule Site Yakını  Tren Yolu Caddesi Sebze Hali Karşısında 3+1 Kiralık Daire","Kiralık Daire","3 + 1","165 m²","30 Yaşında","1. Kat","Konya / Selçuklu / Fatih Mah.","WhatsApp","https://hecdnnw.hemlak.com/mncropresize/77/67/logo/6/6/1/4/6/0/aab2eb77-bd6b-47d1-b53d-6568a4d8a178.jpg","","Cadde Emlak"
"https://www.hepsiemlak.com/konya-selcuklu-yazir-kiralik/daire/145022-200","1 / 22","22.500","17/08/2026","Beymira'dan Yazır Mahallesi Cadde Üzeri Kiralık 3+1 Ara Kat","Kiralık Daire","3 + 1","165 m²","16 Yaşında","3. Kat","Konya / Selçuklu / Yazır Mah.","WhatsApp","https://www.hepsiemlak.com/_nuxt/8cafc93fb5c74c75e9e04e528e02ccdf.jpg","",""
"https://www.hepsiemlak.com/konya-meram-alavardi-kiralik/daire/62297-371","1 / 16","30.000","18/08/2026","Kiralık Daire Meram Yaka Sivaslı Ali Kemal Cad 3+1.Bakımlı","Kiralık Daire","3 + 1","155 m²","25 Yaşında","Kot 3","Konya / Meram / Alavardı Mah.","WhatsApp","https://www.hepsiemlak.com/_nuxt/8cafc93fb5c74c75e9e04e528e02ccdf.jpg","",""
"https://www.hepsiemlak.com/konya-selcuklu-hacikaymak-kiralik/daire/112382-176","1 / 13","25.000","19/08/2026","Selçuklu Hacıkaymak Kiralık Daire 3+1, 4/4 Katı Asansör Yok Full Yapılı Bakımlı Sahra Emlak Konya","Kiralık Daire","3 + 1","145 m²","21 Yaşında","4. Kat","Konya / Selçuklu / Hacıkaymak Mah.","WhatsApp","https://www.hepsiemlak.com/_nuxt/8cafc93fb5c74c75e9e04e528e02ccdf.jpg","",""
"https://www.hepsiemlak.com/konya-selcuklu-selahaddin-eyyubi-kiralik/daire/49677-2251","1 / 33","18.000","17/08/2026","500 Evler (selahhittin Eyubi ) De Ozan'dan Kiralık Kombili Ara Kat Daire","Kiralık Daire","3 + 1","130 m²","27 Yaşında","3. Kat","Konya / Selçuklu / Selahaddin Eyyubi Mah.","WhatsApp","https://www.hepsiemlak.com/_nuxt/8cafc93fb5c74c75e9e04e528e02ccdf.jpg","",""
"https://www.hepsiemlak.com/konya-selcuklu-selahaddin-eyyubi-kiralik/daire/89673-1903","1 / 22","17.500","15/08/2026","Gökdeniz'den Hobi Bahçeli Kiralık 3+1 Daire","Kiralık Daire","3 + 1","112 m²","31 Yaşında","Yüksek Giriş","Konya / Selçuklu / Selahaddin Eyyubi Mah.","WhatsApp","https://www.hepsiemlak.com/_nuxt/8cafc93fb5c74c75e9e04e528e02ccdf.jpg","https://www.hepsiemlak.com/_nuxt/8cafc93fb5c74c75e9e04e528e02ccdf.jpg","Gökdeniz Gayrimenkul"
"https://www.hepsiemlak.com/konya-karatay-istiklal-kiralik/daire/122312-477","1 / 11","18.250","15/08/2026","Felix'den Abonelikleriaçık Sıfıreşyalı Kiralık Stüdyo Daire","Kiralık Daire","Stüdyo","30 m²","Sıfır Bina","Zemin","Konya / Karatay / İstiklal Mah.","WhatsApp","https://www.hepsiemlak.com/_nuxt/8cafc93fb5c74c75e9e04e528e02ccdf.jpg","https://www.hepsiemlak.com/_nuxt/8cafc93fb5c74c75e9e04e528e02ccdf.jpg","Felıx Gayrimenkul"
"https://www.hepsiemlak.com/konya-karatay-kumkopru-kiralik/daire/129170-241","1 / 11","23.000","19/08/2026","Akyurt Sitesi Geniş 2+1 Kiralık Daire","Kiralık Daire","2 + 1","100 m²","8 Yaşında","En Üst Kat","Konya / Karatay / Kumköprü Mah.","WhatsApp","https://www.hepsiemlak.com/_nuxt/8cafc93fb5c74c75e9e04e528e02ccdf.jpg","",""
"https://www.hepsiemlak.com/konya-selcuklu-kosova-kiralik/daire/57222-347","1 / 32","35.000","18/08/2026","Sancak İtfaiye Arkası Manolya Sitesi 3+1 Eşyasız Kiralık Daire","Kiralık Daire","3 + 1","160 m²","3 Yaşında","3. Kat","Konya / Selçuklu / Kosova Mah.","WhatsApp","https://www.hepsiemlak.com/_nuxt/8cafc93fb5c74c75e9e04e528e02ccdf.jpg","https://www.hepsiemlak.com/_nuxt/8cafc93fb5c74c75e9e04e528e02ccdf.jpg","Ünlü İnşaat Emlak"
"https://www.hepsiemlak.com/konya-selcuklu-beyhekim-kiralik/daire/85077-258","1 / 14","19.000","19/08/2026","Beyhekim Toki Konutları Kiralık 2+1 Daire","Kiralık Daire","2 + 1","100 m²","18 Yaşında","7. Kat","Konya / Selçuklu / Beyhekim Mah.","WhatsApp","https://www.hepsiemlak.com/_nuxt/8cafc93fb5c74c75e9e04e528e02ccdf.jpg","",""
"https://www.hepsiemlak.com/konya-karatay-emirgazi-kiralik/daire/0-47144778","1 / 24","27.500","18/08/2026","Sahibinden 3+1 Kiralık Daire","Kiralık Daire","3 + 1","130 m²","5 Yaşında","1. Kat","Konya / Karatay / Emirgazi Mah.","WhatsApp","https://www.hepsiemlak.com/_nuxt/8cafc93fb5c74c75e9e04e528e02ccdf.jpg","",""
"https://www.hepsiemlak.com/konya-selcuklu-hanaybasi-kiralik/daire/160813-182","1 / 26","23.000","18/08/2026","Selçuklu Hanaybaşı Meram Tıp Yakını Kiralık 1+1 Daire","Kiralık Daire","1 + 1","70 m²","6 Yaşında","Çatı Katı","Konya / Selçuklu / Hanaybaşı Mah.","WhatsApp","https://www.hepsiemlak.com/_nuxt/8cafc93fb5c74c75e9e04e528e02ccdf.jpg","",""
"https://www.hepsiemlak.com/konya-selcuklu-kosova-kiralik/daire/171035-8","1 / 33","25.000","14/08/2026","Kosova Mah Kiralık 1+1 Eşyalı Stüdyo Daire Bakımlı Masrafsız","Kiralık Daire","1 + 1","80 m²","11 Yaşında","Zemin","Konya / Selçuklu / Kosova Mah.","WhatsApp","https://www.hepsiemlak.com/_nuxt/8cafc93fb5c74c75e9e04e528e02ccdf.jpg","",""
"https://www.hepsiemlak.com/konya-meram-yaylapinar-kiralik/villa/113083-200","1 / 24","40.000","19/08/2026","Yaylapınar Mah. Kiralık Site İçerisi 3+1 Villa Dublex","Kiralık Villa","3 + 1","160 m²","Sıfır Bina","Bahçe Katı","Konya / Meram / Yaylapınar Mah.","WhatsApp","https://www.hepsiemlak.com/_nuxt/8cafc93fb5c74c75e9e04e528e02ccdf.jpg","",""
"https://www.hepsiemlak.com/konya-selcuklu-binkonutlar-kiralik/daire/145439-302","1 / 17","18.000","17/08/2026","Binkonutlar Mah Kiralık 3+1 Arakat Daire","Kiralık Daire","3 + 1","110 m²","21 Yaşında","3. Kat","Konya / Selçuklu / Binkonutlar Mah.","WhatsApp","https://www.hepsiemlak.com/_nuxt/8cafc93fb5c74c75e9e04e528e02ccdf.jpg","",""
"https://www.hepsiemlak.com/konya-selcuklu-kosova-kiralik/daire/2168-2344","1 / 21","23.000","14/08/2026","112 Acil Karşısı Stüdyo Palace Sitesinde 1+1 Eşyalı Kiralık","Kiralık Daire","1 + 1","75 m²","11 Yaşında","Yüksek Giriş","Konya / Selçuklu / Kosova Mah.","WhatsApp","https://www.hepsiemlak.com/_nuxt/8cafc93fb5c74c75e9e04e528e02ccdf.jpg","https://www.hepsiemlak.com/_nuxt/8cafc93fb5c74c75e9e04e528e02ccdf.jpg","Uğur Emlak"
"https://www.hepsiemlak.com/konya-selcuklu-binkonutlar-kiralik/daire/158321-111","1 / 12","22.000","19/08/2026","Yazır Mh Otogar Karşısı 1+1 Ara Kat Kiralık Daire","Kiralık Daire","1 + 1","75 m²","11 Yaşında","5. Kat","Konya / Selçuklu / Binkonutlar Mah.","WhatsApp","https://www.hepsiemlak.com/_nuxt/8cafc93fb5c74c75e9e04e528e02ccdf.jpg","",""
"https://www.hepsiemlak.com/konya-selcuklu-bosna-hersek-kiralik/daire/72388-452","1 / 33","22.500","20/08/2026","Kiralık Daire Kıvılcım Avm Yanı Mig Avm Karş Esenköşk Sit De Arakat Gün.Doğu Cepheli Bir.Kombili","Kiralık Daire","3 + 1","120 m²","25 Yaşında","6. Kat","Konya / Selçuklu / Bosna Hersek Mah.","WhatsApp","https://www.hepsiemlak.com/_nuxt/8cafc93fb5c74c75e9e04e528e02ccdf.jpg","",""
"https://www.hepsiemlak.com/konya-meram-yaka-kiralik/daire/40443-753","1 / 29","42.000","18/08/2026","Meram Tıp Fakültesi Yanı 3+1 Eşyalı Kiralık Daire","Kiralık Daire","3 + 1","165 m²","16 Yaşında","1. Kat","Konya / Meram / Yaka Mah.","WhatsApp","https://www.hepsiemlak.com/_nuxt/8cafc93fb5c74c75e9e04e528e02ccdf.jpg","https://www.hepsiemlak.com/_nuxt/8cafc93fb5c74c75e9e04e528e02ccdf.jpg","Ahsa Gayrimenkul"
"https://www.hepsiemlak.com/konya-meram-askan-kiralik/daire/49677-2255","1 / 23","22.500","19/08/2026","Aşkan (melikşah )da Ozan'dan Kiralık Kombili Ful Eşyalı Daire","Kiralık Daire","2 + 1","100 m²","27 Yaşında","Yüksek Giriş","Konya / Meram / Aşkan Mah.","WhatsApp","https://www.hepsiemlak.com/_nuxt/8cafc93fb5c74c75e9e04e528e02ccdf.jpg","",""
"https://www.hepsiemlak.com/konya-selcuklu-sancak-kiralik/daire/150590-1160","1 / 23","22.000","20/08/2026","Sefergyo Dan Aselsan Lisesi Yakını Arakat 3+1 Kiralık Daire","Kiralık Daire","3 + 1","130 m²","21 Yaşında","2. Kat","Konya / Selçuklu / Sancak Mah.","WhatsApp","https://www.hepsiemlak.com/_nuxt/8cafc93fb5c74c75e9e04e528e02ccdf.jpg","https://www.hepsiemlak.com/_nuxt/8cafc93fb5c74c75e9e04e528e02ccdf.jpg","Sefer Gayrimenkul"
"https://www.hepsiemlak.com/konya-selcuklu-yazir-kiralik/daire/164966-102","1 / 25","30.000","18/08/2026","Tema Dan Yazır Mahallesinde Otogar Civarı 3+1 Kiralık Daire","Kiralık Daire","3 + 1","150 m²","21 Yaşında","7. Kat","Konya / Selçuklu / Yazır Mah.","WhatsApp","https://www.hepsiemlak.com/_nuxt/8cafc93fb5c74c75e9e04e528e02ccdf.jpg","",""
"https://www.hepsiemlak.com/konya-selcuklu-bosna-hersek-kiralik/daire/57750-114","1 / 19","20.000","17/08/2026","Bosna Hersek Mahallesi Mesaj Caddesinde Bakımlı 3+1 Daire","Kiralık Daire","3 + 1","120 m²","16 Yaşında","8. Kat","Konya / Selçuklu / Bosna Hersek Mah.","WhatsApp","","",""
"https://www.hepsiemlak.com/konya-selcuklu-yazir-kiralik/daire/99983-1459","1 / 26","22.000","20/08/2026","Emrah Çiftci'den Selçuklu  Yazır Mah. Tramvay Hattı Yanı Eşyalı Kiralık 1+1 Daire","Kiralık Daire","1 + 1","75 m²","10 Yaşında","Yüksek Giriş","Konya / Selçuklu / Yazır Mah.","WhatsApp","","",""
"https://www.hepsiemlak.com/konya-meram-alavardi-kiralik/daire/64166-985","1 / 20","38.000","18/08/2026","Beyşehir Caddesi Şeker Fabrikası Yakını Bakımlı Eşyalı 3+1 Kiralık Daire","Kiralık Daire","3 + 1","180 m²","20 Yaşında","1. Kat","Konya / Meram / Alavardı Mah.","WhatsApp","https://hecdnnw.hemlak.com/mncropresize/77/67/logo/6/6/1/4/6/0/aab2eb77-bd6b-47d1-b53d-6568a4d8a178.jpg","","Cadde Emlak"
"https://www.hepsiemlak.com/konya-karatay-akabe-kiralik/daire/142074-263","1 / 10","30.000","17/08/2026","Asya Emlak'tan Adliye Hastane Yakını Kiralık 3+1 Arakat Daire","Kiralık Daire","3 + 1","163 m²","6 Yaşında","Ara Kat","Konya / Karatay / Akabe Mah.","WhatsApp","https://www.hepsiemlak.com/_nuxt/8cafc93fb5c74c75e9e04e528e02ccdf.jpg","",""
"https://www.hepsiemlak.com/konya-selcuklu-bosna-hersek-kiralik/daire/158321-106","1 / 10","20.000","18/08/2026","Bosna Hersek Mh Studio Park Sitesi 2+1 Ara Kat Kiralık Daire","Kiralık Daire","2 + 1","100 m²","11 Yaşında","3. Kat","Konya / Selçuklu / Bosna Hersek Mah.","WhatsApp","https://www.hepsiemlak.com/_nuxt/8cafc93fb5c74c75e9e04e528e02ccdf.jpg","",""
"https://www.hepsiemlak.com/konya-selcuklu-kosova-kiralik/daire/86980-1130","1 / 28","20.000","20/08/2026","İstanbul Yolu Üzerinde Gharden Oteli Yanında Site İçi Kiralık Geniş Arakat 2+1","Kiralık Daire","2 + 1","135 m²","20 Yaşında","1. Kat","Konya / Selçuklu / Kosova Mah.","WhatsApp","https://www.hepsiemlak.com/_nuxt/8cafc93fb5c74c75e9e04e528e02ccdf.jpg","",""
"https://www.hepsiemlak.com/konya-selcuklu-bosna-hersek-kiralik/daire/57750-109","1 / 18","20.000","17/08/2026","Bosna Hersek Mh. Forum Kampüs Avm Yanı Bakımlı 3+1 Daire","Kiralık Daire","3 + 1","120 m²","16 Yaşında","2. Kat","Konya / Selçuklu / Bosna Hersek Mah.","WhatsApp","https://www.hepsiemlak.com/_nuxt/8cafc93fb5c74c75e9e04e528e02ccdf.jpg","",""
"https://www.hepsiemlak.com/konya-selcuklu-ihsaniye-kiralik/daire/91668-1140","1 / 16","15.500","18/08/2026","İhsaniye Caddesi 1+1 Geniş Çift Teraslı Daire","Kiralık Daire","1 + 1","110 m²","21 Yaşında","6. Kat","Konya / Selçuklu / İhsaniye Mah.","WhatsApp","https://www.hepsiemlak.com/_nuxt/8cafc93fb5c74c75e9e04e528e02ccdf.jpg","https://www.hepsiemlak.com/_nuxt/8cafc93fb5c74c75e9e04e528e02ccdf.jpg","Kule 42 Emlak Gayrimenkul"
"https://www.hepsiemlak.com/konya-meram-alavardi-kiralik/daire/124474-135","1 / 14","25.000","16/08/2026","Eşyalı 3+1kiralık Daire","Kiralık Daire","3 + 1","130 m²","20 Yaşında","2. Kat","Konya / Meram / Alavardı Mah.","WhatsApp","https://www.hepsiemlak.com/_nuxt/8cafc93fb5c74c75e9e04e528e02ccdf.jpg","",""
"https://www.hepsiemlak.com/konya-karatay-sariyakup-kiralik/daire/120656-1020","1 / 12","22.000","20/08/2026","Yasin Cantez'den  Eski Garaj Yaı Kiralik 2+1 Daire","Kiralık Daire","2 + 1","145 m²","7 Yaşında","Ara Kat","Konya / Karatay / Sarıyakup Mah.","WhatsApp","https://www.hepsiemlak.com/_nuxt/8cafc93fb5c74c75e9e04e528e02ccdf.jpg","",""
"https://www.hepsiemlak.com/konya-selcuklu-bosna-hersek-kiralik/daire/72388-449","1 / 20","23.000","20/08/2026","2+1 Eşyalı Kiralık Daire Bosna'nın Merkezinde Gençlik Merkezi Yanı Ara Kat Bireysel Kombili","Kiralık Daire","2 + 0","120 m²","20 Yaşında","2. Kat","Konya / Selçuklu / Bosna Hersek Mah.","WhatsApp","https://www.hepsiemlak.com/_nuxt/8cafc93fb5c74c75e9e04e528e02ccdf.jpg","",""
"https://www.hepsiemlak.com/konya-selcuklu-bosna-hersek-kiralik/daire/57222-343","1 / 11","18.000","18/08/2026","Bosna Hersek Mh.Loft Campus Sitesinde 1+1 Ara Kat Eşyalı Daire","Kiralık Daire","1 + 1","70 m²","11 Yaşında","2. Kat","Konya / Selçuklu / Bosna Hersek Mah.","WhatsApp","https://www.hepsiemlak.com/_nuxt/8cafc93fb5c74c75e9e04e528e02ccdf.jpg","https://www.hepsiemlak.com/_nuxt/8cafc93fb5c74c75e9e04e528e02ccdf.jpg","Ünlü İnşaat Emlak"
"https://www.hepsiemlak.com/konya-meram-askan-kiralik/daire/145022-232","1 / 30","20.000","17/08/2026","Beymira'dan Meram Aşkan Mahallei Kiralık Geniş 3+1 Daire","Kiralık Daire","3 + 1","165 m²","15 Yaşında","Kot 1","Konya / Meram / Aşkan Mah.","WhatsApp","https://www.hepsiemlak.com/_nuxt/8cafc93fb5c74c75e9e04e528e02ccdf.jpg","",""
"https://www.hepsiemlak.com/konya-selcuklu-bosna-hersek-kiralik/daire/57750-99","1 / 19","23.000","14/08/2026","Bosna Hersek Mh. Grand Hotel Karşısında Eşyalı 2+1 Daire","Kiralık Daire","2 + 1","120 m²","16 Yaşında","5. Kat","Konya / Selçuklu / Bosna Hersek Mah.","WhatsApp","https://www.hepsiemlak.com/_nuxt/8cafc93fb5c74c75e9e04e528e02ccdf.jpg","",""
"https://www.hepsiemlak.com/konya-meram-konevi-kiralik/daire/88447-126","1 / 15","28.000","20/08/2026","Kiralık 3+1 Daıre Anıt Ve Dsi Karşısı","Kiralık Daire","3 + 1","175 m²","30 Yaşında","6. Kat","Konya / Meram / Konevi Mah.","WhatsApp","https://www.hepsiemlak.com/_nuxt/8cafc93fb5c74c75e9e04e528e02ccdf.jpg","",""
"https://www.hepsiemlak.com/konya-selcuklu-yazir-kiralik/daire/99983-1449","1 / 14","20.000","20/08/2026","Emrah Çiftci'den Selçuklu Yazır Mah.Beyhekim Cad.Yanı Kiralık 2+1 Amerikan Mutfak Daire","Kiralık Daire","2 + 1","120 m²","8 Yaşında","2. Kat","Konya / Selçuklu / Yazır Mah.","WhatsApp","https://www.hepsiemlak.com/_nuxt/8cafc93fb5c74c75e9e04e528e02ccdf.jpg","",""
"https://www.hepsiemlak.com/konya-selcuklu-akademi-kiralik/daire/137290-139","1 / 24","20.000","18/08/2026","Ardıçlı Toki'de Arakat Kiralık 2-+1 Daire","Kiralık Daire","2 + 1","110 m²","1 Yaşında","2. Kat","Konya / Selçuklu / Akademi Mah.","WhatsApp","https://www.hepsiemlak.com/_nuxt/8cafc93fb5c74c75e9e04e528e02ccdf.jpg","https://www.hepsiemlak.com/_nuxt/8cafc93fb5c74c75e9e04e528e02ccdf.jpg","Berk Gayrimenkul"
"https://www.hepsiemlak.com/konya-selcuklu-bosna-hersek-kiralik/daire/54575-12","1 / 15","23.000","18/08/2026","Gözde Emlak'tan Bosnahersek Mahallesinde Kiralık 2+1eşyalı Daire","Kiralık Daire","2 + 1","110 m²","21 Yaşında","4. Kat","Konya / Selçuklu / Bosna Hersek Mah.","WhatsApp","https://www.hepsiemlak.com/_nuxt/8cafc93fb5c74c75e9e04e528e02ccdf.jpg","",""
"https://www.hepsiemlak.com/konya-selcuklu-binkonutlar-kiralik/daire/61557-57","1 / 26","19.500","12/08/2026","Binkonutlarda 2.Kat Bakımlı Kombili Yalıtımlı 2+1 Önü Açık Daire","Kiralık Daire","2 + 1","100 m²","21 Yaşında","2. Kat","Konya / Selçuklu / Binkonutlar Mah.","WhatsApp","https://www.hepsiemlak.com/_nuxt/8cafc93fb5c74c75e9e04e528e02ccdf.jpg","https://www.hepsiemlak.com/_nuxt/8cafc93fb5c74c75e9e04e528e02ccdf.jpg","Emlaking Gayrimenkul"
"https://www.hepsiemlak.com/konya-selcuklu-seyh-samil-kiralik/daire/126592-379","1 / 37","22.500","08/08/2026","Barış Caddesi Üzerinde 3+1 160 M² Parka Cepheli Kiralık Daire","Kiralık Daire","3 + 1","160 m²","20 Yaşında","7. Kat","Konya / Selçuklu / Şeyh Şamil Mah.","WhatsApp","https://www.hepsiemlak.com/_nuxt/8cafc93fb5c74c75e9e04e528e02ccdf.jpg","",""
"https://www.hepsiemlak.com/konya-selcuklu-bosna-hersek-kiralik/daire/170893-15","1 / 22","20.000","17/08/2026","Bosna Karakol Yanı Yörünge De 3+1 Yüksek Giriş Kiralık Daire","Kiralık Daire","3 + 1","110 m²","21 Yaşında","Yüksek Giriş","Konya / Selçuklu / Bosna Hersek Mah.","WhatsApp","https://www.hepsiemlak.com/_nuxt/8cafc93fb5c74c75e9e04e528e02ccdf.jpg","",""
"https://www.hepsiemlak.com/konya-meram-karahuyuk-kiralik/villa/170344-49","1 / 39","165.000","06/08/2026","Lavantin Konakları'nda 380 M² Özel Bahçeli Kiralık 7+1 Villa","Kiralık Villa","7 + 1","500 m²","Sıfır Bina","Bahçe Katı","Konya / Meram / Karahüyük Mah.","WhatsApp","https://www.hepsiemlak.com/_nuxt/8cafc93fb5c74c75e9e04e528e02ccdf.jpg","https://www.hepsiemlak.com/_nuxt/8cafc93fb5c74c75e9e04e528e02ccdf.jpg","Alperen Babalık Gayrimenkul"
"https://www.hepsiemlak.com/konya-selcuklu-yazir-kiralik/daire/101601-2","1 / 16","25.000","06/08/2026","Kumsaati Gayrimenkulden Yazır Mahallesi Kiralık 3+1 Daire","Kiralık Daire","3 + 1","155 m²","11 Yaşında","4. Kat","Konya / Selçuklu / Yazır Mah.","WhatsApp","https://www.hepsiemlak.com/_nuxt/8cafc93fb5c74c75e9e04e528e02ccdf.jpg","https://www.hepsiemlak.com/_nuxt/8cafc93fb5c74c75e9e04e528e02ccdf.jpg","Kum Saati Gayrimenkul Danışmanlık"
"https://www.hepsiemlak.com/konya-selcuklu-beyhekim-kiralik/daire/165099-75","1 / 19","23.000","05/08/2026","Konya Selçuklu Beyhekim Mh. Şafak Caddesinde Kiralık 2+1/3+1","Kiralık Daire","2 + 1","80 m²","6 Yaşında","5. Kat","Konya / Selçuklu / Beyhekim Mah.","WhatsApp","https://www.hepsiemlak.com/_nuxt/8cafc93fb5c74c75e9e04e528e02ccdf.jpg","",""
"https://www.hepsiemlak.com/konya-selcuklu-yazir-kiralik/daire/57068-441","1 / 35","40.000","18/08/2026","İstanbul Yolu Kenarı Akasya Evleri 4+1 Dubleks Çok Büyük Siteiçi","Kiralık Daire","4 + 1","250 m²","16 Yaşında","3. Kat","Konya / Selçuklu / Yazır Mah.","WhatsApp","","",""
"https://www.hepsiemlak.com/konya-selcuklu-yazir-kiralik/daire/80133-373","1 / 35","33.000","13/08/2026","Nurka'dan Otogar Yanı Mustaşlarda Kiralık 3+1 Arakat Geniş Daire","Kiralık Daire","3 + 1","200 m²","16 Yaşında","2. Kat","Konya / Selçuklu / Yazır Mah.","WhatsApp","","",""
"https://www.hepsiemlak.com/konya-selcuklu-binkonutlar-kiralik/daire/170806-7","1 / 15","20.000","04/08/2026","Otogar Tramvay Durağı Karşısı 2+1 Kiralık Daire","Kiralık Daire","2 + 1","110 m²","25 Yaşında","2. Kat","Konya / Selçuklu / Binkonutlar Mah.","WhatsApp","","",""
"https://www.hepsiemlak.com/konya-selcuklu-selahaddin-eyyubi-kiralik/daire/102177-45","1 / 35","30.000","03/08/2026","Gürol Akkaya'dan Selahaddin Eyyübi'de 3+1 Kiralık Sıfır Daire","Kiralık Daire","3 + 1","150 m²","1 Yaşında","4. Kat","Konya / Selçuklu / Selahaddin Eyyubi Mah.","WhatsApp","https://www.hepsiemlak.com/_nuxt/8cafc93fb5c74c75e9e04e528e02ccdf.jpg","",""
"https://www.hepsiemlak.com/konya-selcuklu-aksemsettin-kiralik/daire/67219-1189","1 / 52","45.000","10/08/2026","Anadolu Cad. Üzerinde Kiralık Daire (4+1)","Kiralık Daire","4 + 1","210 m²","11 Yaşında","2. Kat","Konya / Selçuklu / Akşemsettin Mah.","WhatsApp","https://www.hepsiemlak.com/_nuxt/8cafc93fb5c74c75e9e04e528e02ccdf.jpg","https://www.hepsiemlak.com/_nuxt/8cafc93fb5c74c75e9e04e528e02ccdf.jpg","Baran Nur Emlak"
"https://www.hepsiemlak.com/konya-selcuklu-beyhekim-kiralik/daire/145797-113","1 / 16","20.500","29/07/2026","Özlem Yardımcı'dan Tramvay Hattına Yakın Kiralık 2+1 Daire","Kiralık Daire","2 + 1","76 m²","5 Yaşında","Zemin","Konya / Selçuklu / Beyhekim Mah.","WhatsApp","https://www.hepsiemlak.com/_nuxt/8cafc93fb5c74c75e9e04e528e02ccdf.jpg","",""
"https://www.hepsiemlak.com/konya-selcuklu-selahaddin-eyyubi-kiralik/daire/164436-45","1 / 35","67.000","03/08/2026","Nikomedia'dan Mete Konaklarında Ultra Lüks 4+1 Arakat Daire","Kiralık Daire","4 + 1","198 m²","6 Yaşında","3. Kat","Konya / Selçuklu / Selahaddin Eyyubi Mah.","WhatsApp","https://www.hepsiemlak.com/_nuxt/8cafc93fb5c74c75e9e04e528e02ccdf.jpg","https://www.hepsiemlak.com/_nuxt/8cafc93fb5c74c75e9e04e528e02ccdf.jpg","Nikomedia Gayrimenkul"
"https://www.hepsiemlak.com/konya-selcuklu-seker-kiralik/daire/0-47012693","1 / 20","43.500","27/07/2026","Şefikcan-Demiryolu Cd. 221 M2 4+1 Büyüklüğünde Geniş 3+1","Kiralık Daire","3 + 1","221 m²","13 Yaşında","9. Kat","Konya / Selçuklu / Şeker Mah.","WhatsApp","https://www.hepsiemlak.com/_nuxt/8cafc93fb5c74c75e9e04e528e02ccdf.jpg","",""
"https://www.hepsiemlak.com/konya-selcuklu-nisantas-kiralik/daire/83501-103","1 / 29","30.000","09/08/2026","Nişantaşı Mh.Şehrin Merkezinde, Bakımlı 4+1 Kiralık Arakat Daire","Kiralık Daire","4 + 1","220 m²","26 Yaşında","9. Kat","Konya / Selçuklu / Nişantaş Mah.","WhatsApp","https://www.hepsiemlak.com/_nuxt/8cafc93fb5c74c75e9e04e528e02ccdf.jpg","",""
"https://www.hepsiemlak.com/konya-meram-godene-kiralik/daire/138293-559","1 / 29","21.000","06/08/2026","Gödene Toki Geniş Ve Bakımlı Kiralık 3+1 Daire","Kiralık Daire","3 + 1","165 m²","6 Yaşında","3. Kat","Konya / Meram / Gödene Mah.","WhatsApp","https://www.hepsiemlak.com/_nuxt/8cafc93fb5c74c75e9e04e528e02ccdf.jpg","",""
"https://www.hepsiemlak.com/konya-selcuklu-beyhekim-kiralik/daire/28373-15440","1 / 60","44.000","13/08/2026","Palmaris Botanica Sitesinde Kiralık Ultra Lüks 3+1 Daire","Kiralık Daire","3 + 1","184 m²","6 Yaşında","6. Kat","Konya / Selçuklu / Beyhekim Mah.","WhatsApp","https://www.hepsiemlak.com/_nuxt/8cafc93fb5c74c75e9e04e528e02ccdf.jpg","",""
"https://www.hepsiemlak.com/konya-selcuklu-nisantas-kiralik/daire/165922-15","1 / 21","28.000","06/08/2026","Nalçacı Caddesi Üzerinde Kiralık Eşyalı Uygun Fiyatlı Daire","Kiralık Daire","2 + 1","110 m²","45 Yaşında","Ara Kat","Konya / Selçuklu / Nişantaş Mah.","WhatsApp","https://www.hepsiemlak.com/_nuxt/8cafc93fb5c74c75e9e04e528e02ccdf.jpg","",""
"https://www.hepsiemlak.com/konya-selcuklu-dumlupinar-kiralik/daire/140553-115","1 / 23","17.000","11/08/2026","Lider Emlaktan Yontu Sitesinde Kiralık Yüksel Giriş Geniş 2+1 Daire","Kiralık Daire","2 + 1","100 m²","35 Yaşında","Yüksek Giriş","Konya / Selçuklu / Dumlupınar Mah.","WhatsApp","https://www.hepsiemlak.com/_nuxt/8cafc93fb5c74c75e9e04e528e02ccdf.jpg","",""
"https://www.hepsiemlak.com/konya-selcuklu-beyhekim-kiralik/daire/161271-49","1 / 32","19.750","04/08/2026","Zentralden Beyhekim Stüdyo Loft 1+1 Eşyalı Kiralık Dubleks Daire","Kiralık Daire","1 + 1","55 m²","16 Yaşında","1. Kat","Konya / Selçuklu / Beyhekim Mah.","WhatsApp","https://www.hepsiemlak.com/_nuxt/8cafc93fb5c74c75e9e04e528e02ccdf.jpg","",""
"https://www.hepsiemlak.com/konya-selcuklu-ihsaniye-kiralik/daire/60294-863","1 / 44","24.000","11/08/2026","İhsaniye Mahallesi Koski Yan Sokağı (eski Ssk) Kiralık 4+1 Daire","Kiralık Daire","4 + 1","160 m²","40 Yaşında","Ara Kat","Konya / Selçuklu / İhsaniye Mah.","WhatsApp","https://www.hepsiemlak.com/_nuxt/8cafc93fb5c74c75e9e04e528e02ccdf.jpg","",""
"https://www.hepsiemlak.com/konya-selcuklu-erenkoy-kiralik/villa/81846-2373","1 / 26","63.000","18/08/2026","Erenköy Site İçi Kiralık Villa","Kiralık Villa","4 + 1","263 m²","6 Yaşında","","Konya / Selçuklu / Erenköy Mah.","WhatsApp","https://www.hepsiemlak.com/_nuxt/8cafc93fb5c74c75e9e04e528e02ccdf.jpg","",""
"https://www.hepsiemlak.com/konya-selcuklu-isiklar-kiralik/daire/170981-3","1 / 14","18.000","19/08/2026","Masrafsız , Taşınmaya Hazır   2+1 Kiralık Daire (ışıklar Mah)","Kiralık Daire","2 + 1","95 m²","36 Yaşında","3. Kat","Konya / Selçuklu / Işıklar Mah.","WhatsApp","https://www.hepsiemlak.com/_nuxt/8cafc93fb5c74c75e9e04e528e02ccdf.jpg","",""
"https://www.hepsiemlak.com/konya-selcuklu-bosna-hersek-kiralik/daire/54575-8","1 / 18","22.000","18/08/2026","Özde Emlak'tan İstanbul Yoluna Sıfır 3+1 Lüx Kiralık Daire","Kiralık Daire","3 + 1","135 m²","16 Yaşında","5. Kat","Konya / Selçuklu / Bosna Hersek Mah.","WhatsApp","https://www.hepsiemlak.com/_nuxt/8cafc93fb5c74c75e9e04e528e02ccdf.jpg","",""
"https://www.hepsiemlak.com/konya-selcuklu-kosova-kiralik/daire/171035-9","1 / 24","20.500","18/08/2026","Kosova Mh Kiralık 1+1 Eşyalı Daire Servis Güzergahı Üzerinde","Kiralık Daire","1 + 1","80 m²","11 Yaşında","3. Kat","Konya / Selçuklu / Kosova Mah.","WhatsApp","https://www.hepsiemlak.com/_nuxt/8cafc93fb5c74c75e9e04e528e02ccdf.jpg","",""
"https://www.hepsiemlak.com/konya-meram-konevi-kiralik/daire/90958-236","1 / 23","18.000","17/08/2026","Emlak81den Konya Meram Konevi 2+1 Merkezi Kaloriferli Daire","Kiralık Daire","2 + 1","110 m²","30 Yaşında","2. Kat","Konya / Meram / Konevi Mah.","WhatsApp","https://www.hepsiemlak.com/_nuxt/8cafc93fb5c74c75e9e04e528e02ccdf.jpg","",""
"https://www.hepsiemlak.com/konya-karatay-selimsultan-kiralik/daire/142074-260","1 / 18","23.000","18/08/2026","Asya Emlak'tan Fetih Caddesinde Kiralık 3+1 Arakat Daire","Kiralık Daire","3 + 1","120 m²","6 Yaşında","5. Kat","Konya / Karatay / Selimsultan Mah.","WhatsApp","https://www.hepsiemlak.com/_nuxt/8cafc93fb5c74c75e9e04e528e02ccdf.jpg","",""
"https://www.hepsiemlak.com/konya-selcuklu-hocacihan-kiralik/daire/165071-204","1 / 35","42.000","18/08/2026","Beyşehir Cad.Üzeri Meram Tıp.Fak.Yakın 4+1 Lüks Kiralık Daire","Kiralık Daire","4 + 1","210 m²","6 Yaşında","9. Kat","Konya / Selçuklu / Hocacihan Mah.","WhatsApp","https://www.hepsiemlak.com/_nuxt/8cafc93fb5c74c75e9e04e528e02ccdf.jpg","",""
"https://www.hepsiemlak.com/konya-selcuklu-seker-kiralik/daire/147287-53","1 / 32","48.000","19/08/2026","Şefikcan Yakını Şeker Mah Kiralık 4+1 Daire","Kiralık Daire","4 + 1","190 m²","5 Yaşında","10. Kat","Konya / Selçuklu / Şeker Mah.","WhatsApp","https://www.hepsiemlak.com/_nuxt/8cafc93fb5c74c75e9e04e528e02ccdf.jpg","",""
"https://www.hepsiemlak.com/konya-selcuklu-kosova-kiralik/daire/137290-134","1 / 18","22.500","05/08/2026","Kosovada Güvenlikli Sitede 2+1 Batı Cephe Kiralık Daire","Kiralık Daire","2 + 1","105 m²","11 Yaşında","4. Kat","Konya / Selçuklu / Kosova Mah.","WhatsApp","https://www.hepsiemlak.com/_nuxt/8cafc93fb5c74c75e9e04e528e02ccdf.jpg","https://www.hepsiemlak.com/_nuxt/8cafc93fb5c74c75e9e04e528e02ccdf.jpg","Berk Gayrimenkul"
"https://www.hepsiemlak.com/konya-selcuklu-akademi-kiralik/daire/170344-47","1 / 15","22.000","19/08/2026","Ardıçlı Toki 3. Etap İçi Komple Yapılı Ara Kat 2+1 Kiralık Daire","Kiralık Daire","2 + 1","91 m²","3 Yaşında","3. Kat","Konya / Selçuklu / Akademi Mah.","WhatsApp","https://hecdnnw.hemlak.com/mncropresize/77/67/firmuser/2/7/7/1/6/7/4/61409612-f069-4b02-a9d0-b57c62331788.jpg","","Alperen Babalık Gayrimenkul"
"https://www.hepsiemlak.com/konya-selcuklu-dumlupinar-kiralik/daire/61557-55","1 / 32","21.500","14/08/2026","Gözde Sitesinde 2+1 Ara Kat Merkezi Doğalgaz'lı Cadde Üstü Daire","Kiralık Daire","2 + 1","100 m²","21 Yaşında","2. Kat","Konya / Selçuklu / Dumlupınar Mah.","WhatsApp","https://hecdnnw.hemlak.com/mncropresize/77/67/logo/7/5/5/1/6/0/3f3c5762-e39e-4445-b069-af5f97a8f80c.jpg","","Emlaking Gayrimenkul"
"https://www.hepsiemlak.com/konya-selcuklu-aydinlikevler-kiralik/daire/125652-2134","1 / 60","20.000","05/08/2026","Aydınlıkevler Mah. | Merkezi Konumda Teraslı 2+1 Kiralık Daire","Kiralık Daire","2 + 1","145 m²","25 Yaşında","3. Kat","Konya / Selçuklu / Aydınlıkevler Mah.","WhatsApp","https://hecdnnw.hemlak.com/mncropresize/77/67/logo/2/5/6/5/2/1/11c02bde-5f32-46be-8c13-4d19c1fb87a7.jpg","","İşyapar Gayrimenkul"
"https://www.hepsiemlak.com/konya-selcuklu-yazir-kiralik/daire/83501-101","1 / 57","40.000","15/08/2026","Kanyon Park Cepheli-Site İçi Kiralık 3+1 Lüks Geniş Daire","Kiralık Daire","3 + 1","165 m²","6 Yaşında","Yüksek Giriş","Konya / Selçuklu / Yazır Mah.","WhatsApp","https://www.hepsiemlak.com/_nuxt/8cafc93fb5c74c75e9e04e528e02ccdf.jpg","",""
"https://www.hepsiemlak.com/konya-selcuklu-feritpasa-kiralik/daire/81030-527","1 / 23","30.000","05/08/2026","Ferit Paşa Mahallesi Kerkük Caddesi Nde Bulunan Temiz 3+1 Dairemiz Kiralık Dır","Kiralık Daire","3 + 1","160 m²","25 Yaşında","1. Kat","Konya / Selçuklu / Feritpaşa Mah.","WhatsApp","https://www.hepsiemlak.com/_nuxt/8cafc93fb5c74c75e9e04e528e02ccdf.jpg","",""
"https://www.hepsiemlak.com/konya-selcuklu-yazir-kiralik/daire/4499-290","1 / 33","55.000","18/08/2026","Ünlü Emlak'dan Selçuklu Yazır Altınyaşam'da 4+1 Kiralık Daire","Kiralık Daire","4 + 1","205 m²","Sıfır Bina","7. Kat","Konya / Selçuklu / Yazır Mah.","WhatsApp","https://www.hepsiemlak.com/_nuxt/8cafc93fb5c74c75e9e04e528e02ccdf.jpg","",""
"https://www.hepsiemlak.com/konya-meram-alavardi-kiralik/daire/5115-4074","1 / 33","70.000","23/07/2026","Turyap' Tan Alavardı Mah. Nettloft Sitesinde 4+1 Lüks Eşyalı","Kiralık Daire","4 + 1","200 m²","6 Yaşında","4. Kat","Konya / Meram / Alavardı Mah.","WhatsApp","https://www.hepsiemlak.com/_nuxt/8cafc93fb5c74c75e9e04e528e02ccdf.jpg","",""
"https://www.hepsiemlak.com/konya-meram-alavardi-kiralik/daire/64166-957","1 / 25","25.000","17/08/2026","Meram Yaka Caddesi Ve Fatih Caddesi Yakını 4+1 Kombili Kiralık Daire","Kiralık Daire","4 + 1","170 m²","18 Yaşında","3. Kat","Konya / Meram / Alavardı Mah.","WhatsApp","https://www.hepsiemlak.com/_nuxt/8cafc93fb5c74c75e9e04e528e02ccdf.jpg","https://www.hepsiemlak.com/_nuxt/8cafc93fb5c74c75e9e04e528e02ccdf.jpg","Cadde Emlak"
"https://www.hepsiemlak.com/konya-selcuklu-ferhuniye-kiralik/daire/122312-476","1 / 30","18.500","10/08/2026","Felix Gayrimenkulden Nalçacı Caddesinde Kiralık 2+1 Daire","Kiralık Daire","2 + 1","100 m²","31 Yaşında","2. Kat","Konya / Selçuklu / Ferhuniye Mah.","WhatsApp","https://www.hepsiemlak.com/_nuxt/8cafc93fb5c74c75e9e04e528e02ccdf.jpg","",""
"https://www.hepsiemlak.com/konya-selcuklu-nisantas-kiralik/daire/92654-792","1 / 22","27.000","10/08/2026","Nişantaş Mahallesinde 3+1 Kiralık Daire","Kiralık Daire","3 + 1","160 m²","30 Yaşında","10. Kat","Konya / Selçuklu / Nişantaş Mah.","WhatsApp","https://www.hepsiemlak.com/_nuxt/8cafc93fb5c74c75e9e04e528e02ccdf.jpg","https://www.hepsiemlak.com/_nuxt/8cafc93fb5c74c75e9e04e528e02ccdf.jpg","Gülnar Gayrimenkul"
"https://www.hepsiemlak.com/konya-selcuklu-bosna-hersek-kiralik/daire/54575-6","1 / 17","19.000","18/08/2026","Gözde Emlak'tan 2+1 Full Eşyalı Kiralı Lüx Daire","Kiralık Daire","2 + 1","95 m²","11 Yaşında","6. Kat","Konya / Selçuklu / Bosna Hersek Mah.","WhatsApp","https://www.hepsiemlak.com/_nuxt/8cafc93fb5c74c75e9e04e528e02ccdf.jpg","",""
"https://www.hepsiemlak.com/konya-selcuklu-kosova-kiralik/daire/171035-2","1 / 29","18.500","14/08/2026","Kosova Mh 1+1 Eşyalı Stüdyo Daire Servis Güzergahı Üzerinde","Kiralık Daire","1 + 1","70 m²","11 Yaşında","2. Kat","Konya / Selçuklu / Kosova Mah.","WhatsApp","https://www.hepsiemlak.com/_nuxt/8cafc93fb5c74c75e9e04e528e02ccdf.jpg","",""
"https://www.hepsiemlak.com/konya-selcuklu-beyhekim-kiralik/daire/160247-9","1 / 40","44.000","16/08/2026","Parla G.Menkul Kiralık Palmaris Botanica Sitesi 3+1 Arakat Daire","Kiralık Daire","3 + 1","184 m²","6 Yaşında","3. Kat","Konya / Selçuklu / Beyhekim Mah.","WhatsApp","https://www.hepsiemlak.com/_nuxt/8cafc93fb5c74c75e9e04e528e02ccdf.jpg","",""
"https://www.hepsiemlak.com/konya-selcuklu-sancak-kiralik/daire/150590-1138","1 / 35","40.000","17/08/2026","Sefergyo Sancak'da Sıfır Dubleks Ultra Lüks 4+1 Kiralık Daire!!!","Kiralık Daire","4 + 1","250 m²","Sıfır Bina","Yüksek Giriş","Konya / Selçuklu / Sancak Mah.","WhatsApp","https://www.hepsiemlak.com/_nuxt/8cafc93fb5c74c75e9e04e528e02ccdf.jpg","https://www.hepsiemlak.com/_nuxt/8cafc93fb5c74c75e9e04e528e02ccdf.jpg","Sefer Gayrimenkul"
"https://www.hepsiemlak.com/konya-selcuklu-yazir-kiralik/daire/125652-2128","1 / 56","51.000","28/07/2026","Yazır Mahallesi'nde Site İçi 4+1 Kapalı Otoparklı Lüks Kiralık Daire","Kiralık Daire","4 + 1","200 m²","4 Yaşında","7. Kat","Konya / Selçuklu / Yazır Mah.","WhatsApp","https://www.hepsiemlak.com/_nuxt/8cafc93fb5c74c75e9e04e528e02ccdf.jpg","https://www.hepsiemlak.com/_nuxt/8cafc93fb5c74c75e9e04e528e02ccdf.jpg","İşyapar Gayrimenkul"
"https://www.hepsiemlak.com/konya-meram-alavardi-kiralik/daire/170344-38","1 / 19","20.000","17/08/2026","Meram Alavardı'da Fatih Caddesi Yakını Geniş Teraslı 2+1","Kiralık Daire","2 + 1","135 m²","21 Yaşında","3. Kat","Konya / Meram / Alavardı Mah.","WhatsApp","https://www.hepsiemlak.com/_nuxt/8cafc93fb5c74c75e9e04e528e02ccdf.jpg","https://www.hepsiemlak.com/_nuxt/8cafc93fb5c74c75e9e04e528e02ccdf.jpg","Alperen Babalık Gayrimenkul"
"https://www.hepsiemlak.com/konya-karatay-akabe-kiralik/daire/125076-367","1 / 19","20.000","13/08/2026","Kulebey! Bölgenin En İyisi Kiralık Geniş Ve Ferah Dubleks Daire","Kiralık Daire","1 + 1","60 m²","6 Yaşında","5. Kat","Konya / Karatay / Akabe Mah.","WhatsApp","https://www.hepsiemlak.com/_nuxt/8cafc93fb5c74c75e9e04e528e02ccdf.jpg","",""
"https://www.hepsiemlak.com/konya-selcuklu-aksemsettin-kiralik/daire/65626-258","1 / 18","35.000","19/08/2026","Naşal’dan Kiralık 3+1 Daire (başkent Hastanesi Yakını)","Kiralık Daire","3 + 1","210 m²","10 Yaşında","2. Kat","Konya / Selçuklu / Akşemsettin Mah.","WhatsApp","https://www.hepsiemlak.com/_nuxt/8cafc93fb5c74c75e9e04e528e02ccdf.jpg","https://www.hepsiemlak.com/_nuxt/8cafc93fb5c74c75e9e04e528e02ccdf.jpg","Naşal İnşaat Gayrimenkul"
"https://www.hepsiemlak.com/konya-meram-konevi-kiralik/daire/64166-989","1 / 24","30.000","18/08/2026","Konevi Mahallesi (mahmuriye) Millet Bahçesi Ve Tren Garı Yakını 4+1 Kiralık Daire","Kiralık Daire","4 + 1","220 m²","30 Yaşında","2. Kat","Konya / Meram / Konevi Mah.","WhatsApp","https://www.hepsiemlak.com/_nuxt/8cafc93fb5c74c75e9e04e528e02ccdf.jpg","https://www.hepsiemlak.com/_nuxt/8cafc93fb5c74c75e9e04e528e02ccdf.jpg","Cadde Emlak"
"https://www.hepsiemlak.com/konya-meram-aymanas-kiralik/daire/97796-821","1 / 31","44.000","12/08/2026","Pirireis Konutları 4+1 Sıfır Arakat Kiralık Daire","Kiralık Daire","4 + 1","180 m²","Sıfır Bina","5. Kat","Konya / Meram / Aymanas Mah.","WhatsApp","https://www.hepsiemlak.com/_nuxt/8cafc93fb5c74c75e9e04e528e02ccdf.jpg","",""
"https://www.hepsiemlak.com/konya-selcuklu-kosova-kiralik/daire/95118-476","1 / 15","23.000","09/08/2026","Rafet Emlak'tan Selçuklu Ünüversitesine Ve Hava Üssüne Yakın Eşyalı 2+1 Dubleks Kiralık Daire","Kiralık Daire","2 + 1","100 m²","8 Yaşında","4. Kat","Konya / Selçuklu / Kosova Mah.","WhatsApp","https://www.hepsiemlak.com/_nuxt/8cafc93fb5c74c75e9e04e528e02ccdf.jpg","",""
"https://www.hepsiemlak.com/konya-selcuklu-sancak-kiralik/daire/80133-366","1 / 19","26.000","23/07/2026","Nurka'dan Sancakta Tranvaya Yakın Dubleks Eşyalı Kiralık Daire","Kiralık Daire","1 + 1","70 m²","Sıfır Bina","1. Kat","Konya / Selçuklu / Sancak Mah.","WhatsApp","https://www.hepsiemlak.com/_nuxt/8cafc93fb5c74c75e9e04e528e02ccdf.jpg","",""
"https://www.hepsiemlak.com/konya-karatay-akabe-kiralik/daire/92654-789","1 / 21","28.000","25/07/2026","Akabe Mahallesinde Kiralık 3+1 Daire","Kiralık Daire","3 + 1","150 m²","5 Yaşında","Giriş Katı","Konya / Karatay / Akabe Mah.","WhatsApp","https://www.hepsiemlak.com/_nuxt/8cafc93fb5c74c75e9e04e528e02ccdf.jpg","https://www.hepsiemlak.com/_nuxt/8cafc93fb5c74c75e9e04e528e02ccdf.jpg","Gülnar Gayrimenkul"
"https://www.hepsiemlak.com/konya-selcuklu-beyhekim-kiralik/daire/150590-1136","1 / 21","21.000","17/08/2026","Sefergyo Sağlık Parkta 2+1 Kiralık Daire Tramvay Yanı!","Kiralık Daire","2 + 1","95 m²","5 Yaşında","5. Kat","Konya / Selçuklu / Beyhekim Mah.","WhatsApp","https://www.hepsiemlak.com/_nuxt/8cafc93fb5c74c75e9e04e528e02ccdf.jpg","https://www.hepsiemlak.com/_nuxt/8cafc93fb5c74c75e9e04e528e02ccdf.jpg","Sefer Gayrimenkul"
"https://www.hepsiemlak.com/konya-selcuklu-bosna-hersek-kiralik/daire/158321-108","1 / 8","30.000","16/08/2026","Bosna Hersek Mh 3+1 Eşyalı Kiralık Daire","Kiralık Daire","3 + 1","120 m²","11 Yaşında","Yüksek Giriş","Konya / Selçuklu / Bosna Hersek Mah.","WhatsApp","","",""
"https://www.hepsiemlak.com/konya-meram-askan-kiralik/daire/62297-370","1 / 17","20.000","12/08/2026","Kiralık Daire.Meram Yakada.3+1.","Kiralık Daire","3 + 1","140 m²","40 Yaşında","3. Kat","Konya / Meram / Aşkan Mah.","WhatsApp","","",""
"https://www.hepsiemlak.com/konya-meram-ayanbey-kiralik/daire/64652-550","1 / 6","24.000","19/08/2026","Meram Da Kiralık Eşyalı Daire","Kiralık Daire","1 + 1","110 m²","9 Yaşında","Zemin","Konya / Meram / Ayanbey Mah.","WhatsApp","","",""
"https://www.hepsiemlak.com/konya-meram-alavardi-kiralik/daire/5115-4194","1 / 21","55.000","11/08/2026","Turyap' Tan Alavardı Mah. Nettloft Sitesinde 4,5+1 Lüks Daire","Kiralık Daire","4 + 1","200 m²","2 Yaşında","4. Kat","Konya / Meram / Alavardı Mah.","WhatsApp","https://www.hepsiemlak.com/_nuxt/8cafc93fb5c74c75e9e04e528e02ccdf.jpg","",""
"https://www.hepsiemlak.com/konya-selcuklu-seker-kiralik/daire/122312-471","1 / 21","20.000","13/08/2026","Felix Gayrimenkulden Şeker Mahallesinde Kiralık 1+1 Daire","Kiralık Daire","1 + 1","90 m²","6 Yaşında","10. Kat","Konya / Selçuklu / Şeker Mah.","WhatsApp","https://www.hepsiemlak.com/_nuxt/8cafc93fb5c74c75e9e04e528e02ccdf.jpg","",""
"https://www.hepsiemlak.com/konya-meram-havzan-kiralik/daire/80133-379","1 / 17","28.000","17/08/2026","Meram Havzanda 4+1 Site İçi Kiralık Daire","Kiralık Daire","4 + 1","155 m²","26 Yaşında","4. Kat","Konya / Meram / Havzan Mah.","WhatsApp","https://www.hepsiemlak.com/_nuxt/8cafc93fb5c74c75e9e04e528e02ccdf.jpg","",""
"https://www.hepsiemlak.com/konya-selcuklu-kilincarslan-kiralik/daire/57750-111","1 / 19","34.000","13/08/2026","Kılınçarslan Mah. Dedaman Otel Civarı Eşyalı 2+1 Daire","Kiralık Daire","2 + 1","100 m²","5 Yaşında","2. Kat","Konya / Selçuklu / Kılınçarslan Mah.","WhatsApp","https://www.hepsiemlak.com/_nuxt/8cafc93fb5c74c75e9e04e528e02ccdf.jpg","",""
"https://www.hepsiemlak.com/konya-selcuklu-beyhekim-kiralik/daire/150590-1135","1 / 18","23.000","10/08/2026","Sefergyo Sağlık Parkta 2+1 Kiralık Daire Tramvay Yanı!","Kiralık Daire","2 + 1","95 m²","5 Yaşında","4. Kat","Konya / Selçuklu / Beyhekim Mah.","WhatsApp","https://www.hepsiemlak.com/_nuxt/8cafc93fb5c74c75e9e04e528e02ccdf.jpg","https://www.hepsiemlak.com/_nuxt/8cafc93fb5c74c75e9e04e528e02ccdf.jpg","Sefer Gayrimenkul"
"https://www.hepsiemlak.com/konya-meram-lalebahce-kiralik/daire/154751-155","1 / 21","35.000","19/08/2026","Meram Lalebahçe Mahallesinde Müstakil Tadında Geniş 4+1 Kiralık","Kiralık Daire","4 + 1","245 m²","11 Yaşında","2. Kat","Konya / Meram / Lalebahçe Mah.","WhatsApp","https://www.hepsiemlak.com/_nuxt/8cafc93fb5c74c75e9e04e528e02ccdf.jpg","https://www.hepsiemlak.com/_nuxt/8cafc93fb5c74c75e9e04e528e02ccdf.jpg","Sibel Ulus Gayrimenkul"
"https://www.hepsiemlak.com/konya-selcuklu-selahaddin-eyyubi-kiralik/daire/141514-19","1 / 18","27.000","18/08/2026","Kemal Arıcan'dan Kelebekler Vadisi Yanı 3+1 Kiralık Daire","Kiralık Daire","3 + 1","130 m²","3 Yaşında","1. Kat","Konya / Selçuklu / Selahaddin Eyyubi Mah.","WhatsApp","https://www.hepsiemlak.com/_nuxt/8cafc93fb5c74c75e9e04e528e02ccdf.jpg","",""
"https://www.hepsiemlak.com/konya-meram-aymanas-kiralik/daire/142737-138","1 / 24","28.500","18/08/2026","Meram Gözdesi Piri Reis Konutları 3+1 Kiralık Daire","Kiralık Daire","3 + 1","140 m²","Sıfır Bina","Yüksek Giriş","Konya / Meram / Aymanas Mah.","WhatsApp","https://www.hepsiemlak.com/_nuxt/8cafc93fb5c74c75e9e04e528e02ccdf.jpg","",""
"https://www.hepsiemlak.com/konya-karatay-selimsultan-kiralik/daire/170723-10","1 / 16","25.000","20/08/2026","Konya Karatay Selimsultan Kiralık 2+1 Daire Sonkat","Kiralık Daire","2 + 1","115 m²","Sıfır Bina","6. Kat","Konya / Karatay / Selimsultan Mah.","WhatsApp","https://www.hepsiemlak.com/_nuxt/8cafc93fb5c74c75e9e04e528e02ccdf.jpg","",""
"https://www.hepsiemlak.com/konya-selcuklu-yazir-kiralik/daire/140769-104","1 / 30","42.000","14/08/2026","Abdullah Soylu'dan Mavi Su Konaklarında 3+1 Arakat Kiralık Daire","Kiralık Daire","3 + 1","180 m²","6 Yaşında","5. Kat","Konya / Selçuklu / Yazır Mah.","WhatsApp","https://www.hepsiemlak.com/_nuxt/8cafc93fb5c74c75e9e04e528e02ccdf.jpg","",""
"https://www.hepsiemlak.com/konya-selcuklu-cumhuriyet-kiralik/daire/132269-190","1 / 18","20.000","11/08/2026","Cumhuriyet Mah 3+1 Arakat Kiralık Daire","Kiralık Daire","3 + 1","100 m²","31 Yaşında","2. Kat","Konya / Selçuklu / Cumhuriyet Mah.","WhatsApp","https://www.hepsiemlak.com/_nuxt/8cafc93fb5c74c75e9e04e528e02ccdf.jpg","",""
"https://www.hepsiemlak.com/konya-meram-havzan-kiralik/daire/65040-132","1 / 54","50.000","19/08/2026","Sertuğ Emlak'tan Güzel Bahçe Sitesinde 4+1 Kiralık Bakımlı Daire","Kiralık Daire","4 + 1","210 m²","20 Yaşında","3. Kat","Konya / Meram / Havzan Mah.","WhatsApp","https://www.hepsiemlak.com/_nuxt/8cafc93fb5c74c75e9e04e528e02ccdf.jpg","",""
"https://www.hepsiemlak.com/konya-karatay-akabe-kiralik/daire/133419-256","1 / 22","23.000","28/07/2026","Kiralık 3+1 Daire Adliye Civarı Şehir Hastahanesi Yakını","Kiralık Daire","3 + 1","150 m²","6 Yaşında","2. Kat","Konya / Karatay / Akabe Mah.","WhatsApp","https://www.hepsiemlak.com/_nuxt/8cafc93fb5c74c75e9e04e528e02ccdf.jpg","",""
"https://www.hepsiemlak.com/konya-karatay-akabe-kiralik/daire/160733-71","1 / 27","30.000","29/07/2026","Adliye Hastane Yakını Geniş 3+1 Arakat Daire","Kiralık Daire","3 + 1","150 m²","5 Yaşında","5. Kat","Konya / Karatay / Akabe Mah.","WhatsApp","https://www.hepsiemlak.com/_nuxt/8cafc93fb5c74c75e9e04e528e02ccdf.jpg","",""
"https://www.hepsiemlak.com/konya-selcuklu-kosova-kiralik/daire/95118-472","1 / 10","18.000","09/08/2026","Kosova Mah. Selçuklu Tıp Fak. Ve Hava Üssüne Yakın 1+0 Kiralık Daire","Kiralık Daire","Stüdyo","60 m²","8 Yaşında","3. Kat","Konya / Selçuklu / Kosova Mah.","WhatsApp","https://www.hepsiemlak.com/_nuxt/8cafc93fb5c74c75e9e04e528e02ccdf.jpg","",""
"https://www.hepsiemlak.com/konya-meram-konevi-kiralik/daire/64166-983","1 / 15","20.000","18/08/2026","Konevi Mahallesi Millet Caddesi - Feridiye Polis Merkezi Ve Tren Garı Yakını Eşyalı Kiralık Daire","Kiralık Daire","3 + 1","140 m²","40 Yaşında","5. Kat","Konya / Meram / Konevi Mah.","WhatsApp","https://www.hepsiemlak.com/_nuxt/8cafc93fb5c74c75e9e04e528e02ccdf.jpg","https://www.hepsiemlak.com/_nuxt/8cafc93fb5c74c75e9e04e528e02ccdf.jpg","Cadde Emlak"
"https://www.hepsiemlak.com/konya-selcuklu-bosna-hersek-kiralik/daire/97796-791","1 / 22","28.000","27/07/2026","Mesaj Cad. Çapanoğlu Sitesi 3+1 Bakımlı Kiralık Daire","Kiralık Daire","3 + 1","165 m²","21 Yaşında","3. Kat","Konya / Selçuklu / Bosna Hersek Mah.","WhatsApp","https://www.hepsiemlak.com/_nuxt/8cafc93fb5c74c75e9e04e528e02ccdf.jpg","",""
"https://www.hepsiemlak.com/konya-selcuklu-kilincarslan-kiralik/daire/150590-1134","1 / 33","46.000","08/08/2026","Sefergyo Şefikcan / Kılıçarslanda 4+1 Lüks,Geniş Kiralık Daire!!","Kiralık Daire","4 + 1","210 m²","6 Yaşında","6. Kat","Konya / Selçuklu / Kılınçarslan Mah.","WhatsApp","https://www.hepsiemlak.com/_nuxt/8cafc93fb5c74c75e9e04e528e02ccdf.jpg","https://www.hepsiemlak.com/_nuxt/8cafc93fb5c74c75e9e04e528e02ccdf.jpg","Sefer Gayrimenkul"
"https://www.hepsiemlak.com/konya-selcuklu-hanaybasi-kiralik/daire/168989-13","1 / 12","30.000","18/08/2026","Yuvamsoft'dan Hanaybaşı Mah. Bakımlı Kiralık 3+1 Daire","Kiralık Daire","3 + 1","140 m²","11 Yaşında","1. Kat","Konya / Selçuklu / Hanaybaşı Mah.","WhatsApp","https://www.hepsiemlak.com/_nuxt/8cafc93fb5c74c75e9e04e528e02ccdf.jpg","",""
"https://www.hepsiemlak.com/konya-meram-kozagac-kiralik/daire/57068-443","1 / 33","20.000","12/08/2026","Antalya Çevre Yolu Üzeri Meram Konutları 2+1 Siteiçi 10 Yaşında","Kiralık Daire","2 + 1","130 m²","6 Yaşında","Yüksek Giriş","Konya / Meram / Kozağaç Mah.","WhatsApp","https://www.hepsiemlak.com/_nuxt/8cafc93fb5c74c75e9e04e528e02ccdf.jpg","",""
"https://www.hepsiemlak.com/konya-selcuklu-mehmet-akif-kiralik/daire/138293-576","1 / 20","40.000","15/08/2026","Selçuklu Mehmet Akif Mahallesinde Kiralık Dublex 5+2 Daire","Kiralık Daire","5 + 2","240 m²","6 Yaşında","2. Kat","Konya / Selçuklu / Mehmet Akif Mah.","WhatsApp","https://www.hepsiemlak.com/_nuxt/8cafc93fb5c74c75e9e04e528e02ccdf.jpg","",""
"https://www.hepsiemlak.com/konya-selcuklu-bosna-hersek-kiralik/daire/102177-43","1 / 32","20.000","30/07/2026","Gürol Akkaya'dan Bosna Hersek Mesaj Cd. Üzeri Arakat 2+1 Kiralık","Kiralık Daire","2 + 1","110 m²","26 Yaşında","6. Kat","Konya / Selçuklu / Bosna Hersek Mah.","WhatsApp","","",""
"https://www.hepsiemlak.com/konya-selcuklu-beyhekim-kiralik/daire/160813-114","1 / 31","18.000","10/08/2026","Selçuklu Fırat Caddesinde Kiralık Hesaplı 3+1 Daire","Kiralık Daire","3 + 1","140 m²","16 Yaşında","3. Kat","Konya / Selçuklu / Beyhekim Mah.","WhatsApp","","",""
"https://www.hepsiemlak.com/konya-karatay-istiklal-kiralik/daire/122312-475","1 / 18","32.500","17/08/2026","Felix'den Siteiçinde Eşyalı Kiralık Daire","Kiralık Daire","2 + 1","100 m²","Sıfır Bina","2. Kat","Konya / Karatay / İstiklal Mah.","WhatsApp","https://hecdnnw.hemlak.com/mncropresize/77/67/firmuser/5/9/5/6/2/8/2/3a36436c-9232-40dc-8727-cae3370a0824.jpg","","Felıx Gayrimenkul"
"https://www.hepsiemlak.com/konya-selcuklu-yazir-kiralik/daire/57222-289","1 / 28","31.500","14/08/2026","Loft Prime'da 2+1 Sıfır Eşyasız Tripleks Site İçi Kiralık Daire","Kiralık Daire","2 + 1","135 m²","1 Yaşında","Yüksek Giriş","Konya / Selçuklu / Yazır Mah.","WhatsApp","https://www.hepsiemlak.com/_nuxt/8cafc93fb5c74c75e9e04e528e02ccdf.jpg","https://www.hepsiemlak.com/_nuxt/8cafc93fb5c74c75e9e04e528e02ccdf.jpg","Ünlü İnşaat Emlak"
"https://www.hepsiemlak.com/konya-selcuklu-fatih-kiralik/daire/128032-1605","1 / 25","24.000","18/08/2026","Selçuklu Fatih Işıklarda Ara Kat 3+1 Kiralık Daire","Kiralık Daire","3 + 1","145 m²","28 Yaşında","3. Kat","Konya / Selçuklu / Fatih Mah.","WhatsApp","https://www.hepsiemlak.com/_nuxt/8cafc93fb5c74c75e9e04e528e02ccdf.jpg","",""
"https://www.hepsiemlak.com/konya-selcuklu-dumlupinar-kiralik/daire/81846-2376","1 / 23","20.000","29/07/2026","Dumlupınar Pazar Yanı Kiralık 2+1 Daire","Kiralık Daire","2 + 1","130 m²","30 Yaşında","2. Kat","Konya / Selçuklu / Dumlupınar Mah.","WhatsApp","https://www.hepsiemlak.com/_nuxt/8cafc93fb5c74c75e9e04e528e02ccdf.jpg","",""
"https://www.hepsiemlak.com/konya-meram-alavardi-kiralik/daire/64166-979","1 / 14","20.000","17/08/2026","Meram Yaka Caddesi  Fatih Caddesi Kavşağı 2+1 Eşyalı Kiralık Daire","Kiralık Daire","2 + 1","110 m²","30 Yaşında","Çatı Katı","Konya / Meram / Alavardı Mah.","WhatsApp","https://www.hepsiemlak.com/_nuxt/8cafc93fb5c74c75e9e04e528e02ccdf.jpg","https://www.hepsiemlak.com/_nuxt/8cafc93fb5c74c75e9e04e528e02ccdf.jpg","Cadde Emlak"
"https://www.hepsiemlak.com/konya-meram-bahcesehir-kiralik/daire/0-47144736","1 / 10","21.500","18/08/2026","Sahibinden Kiralık 2+1","Kiralık Daire","2 + 1","100 m²","10 Yaşında","En Üst Kat","Konya / Meram / Bahçeşehir Mah.","WhatsApp","https://www.hepsiemlak.com/_nuxt/8cafc93fb5c74c75e9e04e528e02ccdf.jpg","",""
"https://www.hepsiemlak.com/konya-selcuklu-beyhekim-kiralik/daire/150590-1133","1 / 27","29.000","17/08/2026","Sefergyo Üniversite Toki Geniş Tip Olanlardan 3+1 Kiralık Daire","Kiralık Daire","3 + 1","160 m²","21 Yaşında","1. Kat","Konya / Selçuklu / Beyhekim Mah.","WhatsApp","https://www.hepsiemlak.com/_nuxt/8cafc93fb5c74c75e9e04e528e02ccdf.jpg","https://www.hepsiemlak.com/_nuxt/8cafc93fb5c74c75e9e04e528e02ccdf.jpg","Sefer Gayrimenkul"
"https://www.hepsiemlak.com/konya-selcuklu-bosna-hersek-kiralik/daire/152449-122","1 / 9","32.000","04/08/2026","Bosna Hersek Mahallesi Bakyapıda Kiralık 3+1 Full Eşyalı Kiralık","Kiralık Daire","3 + 1","120 m²","6 Yaşında","2. Kat","Konya / Selçuklu / Bosna Hersek Mah.","WhatsApp","https://www.hepsiemlak.com/_nuxt/8cafc93fb5c74c75e9e04e528e02ccdf.jpg","https://www.hepsiemlak.com/img/loadings/noImage55-55.png","Hamdi Aslantaş Gayrimenkul Ve Danışmanlık"
"https://www.hepsiemlak.com/konya-meram-yenisehir-kiralik/daire/170337-4","1 / 9","87.500","13/08/2026","Meramın Prestijli Sitesi Parkmahalde Aileye 4+1 Kiralık Daire","Kiralık Daire","4 + 1","250 m²","6 Yaşında","1. Kat","Konya / Meram / Yenişehir Mah.","WhatsApp","https://www.hepsiemlak.com/_nuxt/8cafc93fb5c74c75e9e04e528e02ccdf.jpg","",""
"https://www.hepsiemlak.com/konya-selcuklu-yazir-kiralik/daire/94059-228","1 / 21","35.000","19/08/2026","Kampüs Gayrimenkul'den__yazırda Bakımlı 3+1 Kiralık Lüx Daire!!!","Kiralık Daire","3 + 1","160 m²","10 Yaşında","3. Kat","Konya / Selçuklu / Yazır Mah.","WhatsApp","https://www.hepsiemlak.com/_nuxt/8cafc93fb5c74c75e9e04e528e02ccdf.jpg","",""
"https://www.hepsiemlak.com/konya-meram-pirebi-kiralik/daire/132742-148","1 / 16","16.000","19/08/2026","Pirebi Mahallesi Ara Kat Sobalı Daire","Kiralık Daire","3 + 1","135 m²","31 Yaşında","2. Kat","Konya / Meram / Pirebi Mah.","WhatsApp","https://www.hepsiemlak.com/_nuxt/8cafc93fb5c74c75e9e04e528e02ccdf.jpg","",""
"https://www.hepsiemlak.com/konya-selcuklu-yazir-kiralik/daire/164966-99","1 / 21","35.000","16/08/2026","Tema Dan Menekşe Konutları 3+1 Ekstra Yapılı","Kiralık Daire","3 + 1","150 m²","16 Yaşında","13. Kat","Konya / Selçuklu / Yazır Mah.","WhatsApp","https://www.hepsiemlak.com/_nuxt/8cafc93fb5c74c75e9e04e528e02ccdf.jpg","",""
"https://www.hepsiemlak.com/konya-karatay-haciveyiszade-kiralik/daire/72388-461","1 / 37","23.000","19/08/2026","Karatay Fetih Mahallesi Arakat 3+1 Bireysel Kombili Oturuma Hazır Kiralık Daire","Kiralık Daire","3 + 1","140 m²","20 Yaşında","5. Kat","Konya / Karatay / Hacıveyiszade Mah.","WhatsApp","https://www.hepsiemlak.com/_nuxt/8cafc93fb5c74c75e9e04e528e02ccdf.jpg","",""
"https://www.hepsiemlak.com/konya-selcuklu-parsana-kiralik/daire/170063-38","1 / 40","42.000","01/08/2026","Real Avm Yani Ara Kat Kiralık 4+1 Daire","Kiralık Daire","4 + 1","190 m²","11 Yaşında","2. Kat","Konya / Selçuklu / Parsana Mah.","WhatsApp","https://www.hepsiemlak.com/_nuxt/8cafc93fb5c74c75e9e04e528e02ccdf.jpg","",""
"https://www.hepsiemlak.com/konya-selcuklu-sancak-kiralik/daire/57068-429","1 / 35","31.000","07/08/2026","Bölgenin En Lüksü Arakat Veysel Karani Cad.Kenarı 9 Tane Kiralık","Kiralık Daire","2 + 1","120 m²","Sıfır Bina","3. Kat","Konya / Selçuklu / Sancak Mah.","WhatsApp","https://www.hepsiemlak.com/_nuxt/8cafc93fb5c74c75e9e04e528e02ccdf.jpg","",""
"https://www.hepsiemlak.com/konya-meram-konevi-kiralik/daire/80133-381","1 / 9","26.000","17/08/2026","Nurka'dan Mahmuriye,Öğretmenevleri Kiralık Eşyalı Daire","Kiralık Daire","3 + 1","100 m²","26 Yaşında","Giriş Katı","Konya / Meram / Konevi Mah.","WhatsApp","https://www.hepsiemlak.com/_nuxt/8cafc93fb5c74c75e9e04e528e02ccdf.jpg","",""
"https://www.hepsiemlak.com/konya-meram-meliksah-kiralik/daire/49677-2235","1 / 18","18.000","10/08/2026","Melikşah Mh.De Ozan'dan Kiralık Klasik Kombili Daire","Kiralık Daire","3 + 1","150 m²","28 Yaşında","En Üst Kat","Konya / Meram / Melikşah Mah.","WhatsApp","https://www.hepsiemlak.com/_nuxt/8cafc93fb5c74c75e9e04e528e02ccdf.jpg","",""
"https://www.hepsiemlak.com/konya-selcuklu-nisantas-kiralik/daire/112382-170","1 / 22","30.000","16/08/2026","Selçuklu Nişantaş Mh Kiralık Daire 3+1 Arakat Güney Cephe Sahra Emlak Konyasahra Gayrimenkul Konya","Kiralık Daire","3 + 1","165 m²","23 Yaşında","Ara Kat","Konya / Selçuklu / Nişantaş Mah.","WhatsApp","https://www.hepsiemlak.com/_nuxt/8cafc93fb5c74c75e9e04e528e02ccdf.jpg","",""
"https://www.hepsiemlak.com/konya-selcuklu-bosna-hersek-kiralik/daire/81030-506","1 / 22","20.000","13/08/2026","Kampüs Karşısı Bosna Da Eşyalı 3+1 Kiralık Daire","Kiralık Daire","3 + 1","130 m²","25 Yaşında","4. Kat","Konya / Selçuklu / Bosna Hersek Mah.","WhatsApp","https://www.hepsiemlak.com/_nuxt/8cafc93fb5c74c75e9e04e528e02ccdf.jpg","",""
"https://www.hepsiemlak.com/konya-selcuklu-akademi-kiralik/daire/89673-1893","1 / 31","20.000","28/07/2026","Gökdeniz'den 1. Etap'ta Arak At 2+1 Kiralık Daire","Kiralık Daire","2 + 1","93 m²","4 Yaşında","2. Kat","Konya / Selçuklu / Akademi Mah.","WhatsApp","https://www.hepsiemlak.com/_nuxt/8cafc93fb5c74c75e9e04e528e02ccdf.jpg","https://www.hepsiemlak.com/_nuxt/8cafc93fb5c74c75e9e04e528e02ccdf.jpg","Gökdeniz Gayrimenkul"
"https://www.hepsiemlak.com/konya-meram-koycegiz-kiralik/daire/170782-8","1 / 7","26.500","16/08/2026","Meram Köyceğiz'de Kiralık 2+1 Eşyalı","Kiralık Daire","2 + 1","100 m²","6 Yaşında","1. Kat","Konya / Meram / Köyceğiz Mah.","WhatsApp","https://www.hepsiemlak.com/_nuxt/8cafc93fb5c74c75e9e04e528e02ccdf.jpg","",""
"https://www.hepsiemlak.com/konya-selcuklu-sancak-kiralik/daire/150590-1101","1 / 35","41.000","04/08/2026","Sefergyo Sancak'da Sıfır Dubleks Ultra Lüks 4+1 Kiralık Daire!!!","Kiralık Daire","4 + 1","250 m²","Sıfır Bina","Yüksek Giriş","Konya / Selçuklu / Sancak Mah.","WhatsApp","https://www.hepsiemlak.com/_nuxt/8cafc93fb5c74c75e9e04e528e02ccdf.jpg","https://www.hepsiemlak.com/_nuxt/8cafc93fb5c74c75e9e04e528e02ccdf.jpg","Sefer Gayrimenkul"
"https://www.hepsiemlak.com/konya-selcuklu-bosna-hersek-kiralik/daire/54575-17","1 / 20","21.000","19/08/2026","Gözde Emlak'tan Bosna Hersek Mahallesinde Kiralık 2+1 Boş Daire","Kiralık Daire","2 + 1","120 m²","16 Yaşında","3. Kat","Konya / Selçuklu / Bosna Hersek Mah.","WhatsApp","","",""
"https://www.hepsiemlak.com/konya-karatay-kalenderhane-kiralik/daire/160247-17","1 / 44","24.000","13/08/2026","Parla G.Menkul Enntepe Avm Yanı 3+1 Arakat Geniş Kiralık Daire","Kiralık Daire","3 + 1","160 m²","11 Yaşında","3. Kat","Konya / Karatay / Kalenderhane Mah.","WhatsApp","","",""
"https://www.hepsiemlak.com/konya-selcuklu-dumlupinar-kiralik/daire/164966-96","1 / 19","18.000","13/08/2026","Tema Dan Dumlupınar Mahallesinde Bahçe Katı Kiralık Daire","Kiralık Daire","2 + 1","115 m²","26 Yaşında","Zemin","Konya / Selçuklu / Dumlupınar Mah.","WhatsApp","","",""
"https://www.hepsiemlak.com/konya-selcuklu-ihsaniye-kiralik/daire/57068-427","1 / 32","21.000","29/07/2026","İhsaniye Mah. Arakat Asansörlü Oldukça Bakımlı 3+1 Daire","Kiralık Daire","3 + 1","160 m²","31 Yaşında","5. Kat","Konya / Selçuklu / İhsaniye Mah.","WhatsApp","https://www.hepsiemlak.com/_nuxt/8cafc93fb5c74c75e9e04e528e02ccdf.jpg","",""
"https://www.hepsiemlak.com/konya-selcuklu-beyhekim-kiralik/daire/57222-290","1 / 22","31.000","10/08/2026","Loft Style Sitesi 7/24 Güvenlik 2,5+1 Ara Kat Eşyalı Daire","Kiralık Daire","2 + 1","110 m²","6 Yaşında","3. Kat","Konya / Selçuklu / Beyhekim Mah.","WhatsApp","https://www.hepsiemlak.com/_nuxt/8cafc93fb5c74c75e9e04e528e02ccdf.jpg","https://www.hepsiemlak.com/_nuxt/8cafc93fb5c74c75e9e04e528e02ccdf.jpg","Ünlü İnşaat Emlak"
"https://www.hepsiemlak.com/konya-selcuklu-yazir-kiralik/daire/86980-1127","1 / 25","23.500","17/08/2026","Yazır Da Site İçi Real Yakını Arakat Geniş 3+1 Kiralık Daire","Kiralık Daire","3 + 1","169 m²","17 Yaşında","2. Kat","Konya / Selçuklu / Yazır Mah.","WhatsApp","https://www.hepsiemlak.com/_nuxt/8cafc93fb5c74c75e9e04e528e02ccdf.jpg","",""
"https://www.hepsiemlak.com/konya-selcuklu-ihsaniye-kiralik/daire/5115-4180","1 / 32","14.000","15/08/2026","Turyap' Tan Yaka Alt Geçitinde  3+1 Salon Daire","Kiralık Daire","3 + 1","120 m²","30 Yaşında","3. Kat","Konya / Selçuklu / İhsaniye Mah.","WhatsApp","https://www.hepsiemlak.com/_nuxt/8cafc93fb5c74c75e9e04e528e02ccdf.jpg","",""
"https://www.hepsiemlak.com/konya-selcuklu-yazir-kiralik/daire/99983-1424","1 / 24","30.000","19/08/2026","Emrah Çiftci'den Selçuklu Yazır Mah.Kanyon Park Civarı Kiralık 2+1 Sıfır Lüks Daire","Kiralık Daire","2 + 1","140 m²","Sıfır Bina","Yüksek Giriş","Konya / Selçuklu / Yazır Mah.","WhatsApp","https://www.hepsiemlak.com/_nuxt/8cafc93fb5c74c75e9e04e528e02ccdf.jpg","",""
"https://www.hepsiemlak.com/konya-selcuklu-nisantas-kiralik/daire/112382-142","1 / 20","26.000","26/07/2026","Konya Selçklu Kiralık Daire  3 Oda 1 Salon  Kapalı Garaj   Sahragayrımenkul.Com Sahraemlak Konya","Kiralık Daire","3 + 1","165 m²","20 Yaşında","Ara Kat","Konya / Selçuklu / Nişantaş Mah.","WhatsApp","https://www.hepsiemlak.com/_nuxt/8cafc93fb5c74c75e9e04e528e02ccdf.jpg","",""
"https://www.hepsiemlak.com/konya-selcuklu-beyhekim-kiralik/daire/150590-1090","1 / 21","22.000","30/07/2026","Sefergyo Sağlık Parkta 2+1 Kiralık Daire Tramvay Yanı!","Kiralık Daire","2 + 1","95 m²","5 Yaşında","5. Kat","Konya / Selçuklu / Beyhekim Mah.","WhatsApp","https://www.hepsiemlak.com/_nuxt/8cafc93fb5c74c75e9e04e528e02ccdf.jpg","https://www.hepsiemlak.com/_nuxt/8cafc93fb5c74c75e9e04e528e02ccdf.jpg","Sefer Gayrimenkul"
"https://www.hepsiemlak.com/konya-selcuklu-bosna-hersek-kiralik/daire/54575-16","1 / 21","20.000","18/08/2026","Gözde Emlak'tan Bosna Hersek Mahallesinde 3+1 Kiralık Boş Daire","Kiralık Daire","3 + 1","120 m²","16 Yaşında","4. Kat","Konya / Selçuklu / Bosna Hersek Mah.","WhatsApp","https://www.hepsiemlak.com/_nuxt/8cafc93fb5c74c75e9e04e528e02ccdf.jpg","",""
"https://www.hepsiemlak.com/konya-meram-alavardi-kiralik/daire/160247-8","1 / 40","24.000","11/08/2026","Parla G.Menkul Meram Yaka 3,5+1 Geniş Kiralık Daire","Kiralık Daire","3 + 1","155 m²","31 Yaşında","2. Kat","Konya / Meram / Alavardı Mah.","WhatsApp","https://www.hepsiemlak.com/_nuxt/8cafc93fb5c74c75e9e04e528e02ccdf.jpg","",""
"https://www.hepsiemlak.com/konya-selcuklu-parsana-kiralik/daire/57068-252","1 / 40","19.000","12/08/2026","Kelebekler Vadisi Yanı Parsana Mah Kombili ,Yalıtımlı Bakımlı 3+1 Daire Doğramalar Pvc Yapıldı","Kiralık Daire","2 + 1","125 m²","24 Yaşında","En Üst Kat","Konya / Selçuklu / Parsana Mah.","WhatsApp","https://www.hepsiemlak.com/_nuxt/8cafc93fb5c74c75e9e04e528e02ccdf.jpg","",""
"https://www.hepsiemlak.com/konya-selcuklu-yazir-kiralik/daire/89673-1890","1 / 27","32.000","30/07/2026","Gökdeniz'den Yazır'da Son Derece Geniş 3+1 Kiralık Daire","Kiralık Daire","3 + 1","191 m²","11 Yaşında","2. Kat","Konya / Selçuklu / Yazır Mah.","WhatsApp","https://www.hepsiemlak.com/_nuxt/8cafc93fb5c74c75e9e04e528e02ccdf.jpg","https://www.hepsiemlak.com/_nuxt/8cafc93fb5c74c75e9e04e528e02ccdf.jpg","Gökdeniz Gayrimenkul"
"https://www.hepsiemlak.com/konya-karatay-gaziosmanpasa-kiralik/daire/129170-215","1 / 11","25.000","19/08/2026","Şehit Hastanesi Ve Adliye Yakını Kiralık 2+1  Daire","Kiralık Daire","2 + 1","110 m²","6 Yaşında","Ara Kat","Konya / Karatay / Gaziosmanpaşa Mah.","WhatsApp","https://www.hepsiemlak.com/_nuxt/8cafc93fb5c74c75e9e04e528e02ccdf.jpg","",""
"https://www.hepsiemlak.com/konya-meram-askan-kiralik/daire/136899-196","1 / 16","30.000","08/08/2026","2+1 Eşyalı Studyo Dubleks -- Meram Yaka Çolak Hoca Cami Karşısı","Kiralık Daire","2 + 1","110 m²","6 Yaşında","2. Kat","Konya / Meram / Aşkan Mah.","WhatsApp","https://www.hepsiemlak.com/_nuxt/8cafc93fb5c74c75e9e04e528e02ccdf.jpg","",""
"https://www.hepsiemlak.com/konya-meram-koycegiz-kiralik/daire/169679-13","1 / 15","27.000","07/08/2026","Köyceğiz'de Eşyalı Kiralık 2+1 Daire","Kiralık Daire","2 + 1","95 m²","6 Yaşında","Zemin","Konya / Meram / Köyceğiz Mah.","WhatsApp","https://www.hepsiemlak.com/_nuxt/8cafc93fb5c74c75e9e04e528e02ccdf.jpg","",""
"https://www.hepsiemlak.com/konya-selcuklu-bedir-kiralik/daire/0-46976890","1 / 18","25.000","20/07/2026","Sahibinden Merkezi Konumda Kiralık Daire","Kiralık Daire","3 + 1","140 m²","28 Yaşında","Ara Kat","Konya / Selçuklu / Bedir Mah.","WhatsApp","https://www.hepsiemlak.com/_nuxt/8cafc93fb5c74c75e9e04e528e02ccdf.jpg","",""
"https://www.hepsiemlak.com/konya-selcuklu-bosna-hersek-kiralik/daire/59765-77","1 / 23","20.000","16/07/2026","Kentten Kiralık 2+1 Full Eşyalı İçi Yapılı Daire","Kiralık Daire","2 + 1","120 m²","16 Yaşında","Zemin","Konya / Selçuklu / Bosna Hersek Mah.","WhatsApp","https://www.hepsiemlak.com/_nuxt/8cafc93fb5c74c75e9e04e528e02ccdf.jpg","",""
"https://www.hepsiemlak.com/konya-meram-yenisehir-kiralik/daire/93052-365","1 / 35","85.000","31/07/2026","Parkmahalde Kiralık 4+1 Arakat Daire","Kiralık Daire","4 + 1","200 m²","6 Yaşında","7. Kat","Konya / Meram / Yenişehir Mah.","WhatsApp","https://www.hepsiemlak.com/_nuxt/8cafc93fb5c74c75e9e04e528e02ccdf.jpg","",""
"https://www.hepsiemlak.com/konya-selcuklu-bosna-hersek-kiralik/daire/145289-228","1 / 54","15.750","11/08/2026","Net Emlaktan Arakat 3+1 Bireysel Kombili Kiralık Daire","Kiralık Daire","3 + 1","130 m²","16 Yaşında","7. Kat","Konya / Selçuklu / Bosna Hersek Mah.","WhatsApp","https://www.hepsiemlak.com/_nuxt/8cafc93fb5c74c75e9e04e528e02ccdf.jpg","https://www.hepsiemlak.com/_nuxt/8cafc93fb5c74c75e9e04e528e02ccdf.jpg","Net Emlak Ofisi"
"https://www.hepsiemlak.com/konya-selcuklu-yazir-kiralik/daire/145819-58","1 / 32","35.000","13/08/2026","Vaye Gayrimenkul'den Yazır'da Kiralık Arakat 4+1 Daire","Kiralık Daire","4 + 1","180 m²","11 Yaşında","3. Kat","Konya / Selçuklu / Yazır Mah.","WhatsApp","https://www.hepsiemlak.com/_nuxt/8cafc93fb5c74c75e9e04e528e02ccdf.jpg","https://www.hepsiemlak.com/img/loadings/noImage55-55.png","Vaye Gayrimenkul"
"https://www.hepsiemlak.com/konya-meram-meliksah-kiralik/daire/0-46819403","1 / 27","42.000","17/08/2026","Meram Yaka Melikşah Mahallesi, Cadde Üstü, 3.Kat 5+1 Kiralık","Kiralık Daire","5 + 1","240 m²","15 Yaşında","3. Kat","Konya / Meram / Melikşah Mah.","WhatsApp","https://www.hepsiemlak.com/_nuxt/8cafc93fb5c74c75e9e04e528e02ccdf.jpg","",""
"https://www.hepsiemlak.com/konya-selcuklu-beyhekim-kiralik/daire/57222-295","1 / 17","24.000","28/07/2026","Loft Style Sitesi 7/24 Güvenlik 2+1 Zemin Kat Eşyalı Daire","Kiralık Daire","2 + 1","110 m²","5 Yaşında","Zemin","Konya / Selçuklu / Beyhekim Mah.","WhatsApp","https://www.hepsiemlak.com/_nuxt/8cafc93fb5c74c75e9e04e528e02ccdf.jpg","https://www.hepsiemlak.com/_nuxt/8cafc93fb5c74c75e9e04e528e02ccdf.jpg","Ünlü İnşaat Emlak"
"https://www.hepsiemlak.com/konya-selcuklu-beyhekim-kiralik/daire/150590-1087","1 / 18","24.000","31/07/2026","Sefergyo Sağlık Parkta 2+1 Kiralık Daire Tramvay Yanı!","Kiralık Daire","2 + 1","95 m²","5 Yaşında","4. Kat","Konya / Selçuklu / Beyhekim Mah.","WhatsApp","https://hecdnnw.hemlak.com/mncropresize/77/67/logo/0/9/5/0/5/1/a9090a68-e0d5-45de-b4c0-5981e3bfb747.jpg","","Sefer Gayrimenkul"
"https://www.hepsiemlak.com/konya-selcuklu-mehmet-akif-kiralik/daire/54575-5","1 / 24","25.000","18/08/2026","Gözde Emlak'tan Mehmet Akif Mahallesinde Kiralık 3+1 Daire","Kiralık Daire","3 + 1","180 m²","21 Yaşında","5. Kat","Konya / Selçuklu / Mehmet Akif Mah.","WhatsApp","","",""
"https://www.hepsiemlak.com/konya-selcuklu-bosna-hersek-kiralik/daire/57750-108","1 / 16","18.000","14/08/2026","Bosna Hersek Mh. Kayalar Camii Yanında Kiralık 3+1 Daire","Kiralık Daire","3 + 1","120 m²","16 Yaşında","3. Kat","Konya / Selçuklu / Bosna Hersek Mah.","WhatsApp","","",""
"https://www.hepsiemlak.com/konya-karatay-cimenlik-kiralik/daire/77846-812","1 / 31","29.000","08/08/2026","Adliye Yolu Çimenlik Caddesi Üzerinde 3+1 Arakat Daire","Kiralık Daire","3 + 1","160 m²","11 Yaşında","4. Kat","Konya / Karatay / Çimenlik Mah.","WhatsApp","https://www.hepsiemlak.com/_nuxt/8cafc93fb5c74c75e9e04e528e02ccdf.jpg","",""
"https://www.hepsiemlak.com/konya-meram-godene-kiralik/daire/60956-1660","1 / 30","21.000","15/08/2026","Konex'ten Meram Gödene Mah Temiz Bakımlı Kiralık 3+1 Daire","Kiralık Daire","3 + 1","130 m²","9 Yaşında","4. Kat","Konya / Meram / Gödene Mah.","WhatsApp","https://www.hepsiemlak.com/_nuxt/8cafc93fb5c74c75e9e04e528e02ccdf.jpg","",""
"https://www.hepsiemlak.com/konya-selcuklu-bedir-kiralik/daire/130097-9","1 / 25","28.000","18/08/2026","Kiralık Daire 3+1 165 Mt Arakat Koyuncu Petrole Yakın","Kiralık Daire","3 + 1","185 m²","16 Yaşında","2. Kat","Konya / Selçuklu / Bedir Mah.","WhatsApp","https://www.hepsiemlak.com/_nuxt/8cafc93fb5c74c75e9e04e528e02ccdf.jpg","",""
"https://www.hepsiemlak.com/konya-selcuklu-beyhekim-kiralik/daire/125683-1612","1 / 41","17.000","20/08/2026","Yüksel Şahin Den Yazır Da Tramvaya Yakın Eşyalı 1+1 Kiralık Daire","Kiralık Daire","1 + 1","70 m²","10 Yaşında","Yüksek Giriş","Konya / Selçuklu / Beyhekim Mah.","WhatsApp","https://www.hepsiemlak.com/_nuxt/8cafc93fb5c74c75e9e04e528e02ccdf.jpg","https://www.hepsiemlak.com/_nuxt/8cafc93fb5c74c75e9e04e528e02ccdf.jpg","Yüksel Şahin Emlak"
"https://www.hepsiemlak.com/konya-selcuklu-bosna-hersek-kiralik/daire/59765-76","1 / 48","17.000","16/07/2026","Kentten Kiralık İçi Yapılı Güney Cepheli 3+1 Daire","Kiralık Daire","3 + 1","100 m²","11 Yaşında","3. Kat","Konya / Selçuklu / Bosna Hersek Mah.","WhatsApp","https://www.hepsiemlak.com/_nuxt/8cafc93fb5c74c75e9e04e528e02ccdf.jpg","",""
"https://www.hepsiemlak.com/konya-selcuklu-bosna-hersek-kiralik/daire/145289-229","1 / 14","23.500","06/08/2026","Net Emlaktan 2+1 Eşyalı Üniversiteye Yürüme Mesafesinde Kiralık","Kiralık Daire","2 + 1","125 m²","16 Yaşında","4. Kat","Konya / Selçuklu / Bosna Hersek Mah.","WhatsApp","https://www.hepsiemlak.com/_nuxt/8cafc93fb5c74c75e9e04e528e02ccdf.jpg","https://www.hepsiemlak.com/_nuxt/8cafc93fb5c74c75e9e04e528e02ccdf.jpg","Net Emlak Ofisi"
"https://www.hepsiemlak.com/konya-selcuklu-ihsaniye-kiralik/daire/161271-20","1 / 14","19.500","13/08/2026","Zentral'den Zafer İhsaniye Mah Faturalar Dahil 1+1 Kiralık Daire","Kiralık Daire","1 + 1","45 m²","26 Yaşında","4. Kat","Konya / Selçuklu / İhsaniye Mah.","WhatsApp","https://www.hepsiemlak.com/_nuxt/8cafc93fb5c74c75e9e04e528e02ccdf.jpg","",""
"https://www.hepsiemlak.com/konya-selcuklu-beyhekim-kiralik/daire/150590-1082","1 / 27","31.000","29/07/2026","Sefergyo Üniversite Toki Geniş Tip Olanlardan 3+1 Kiralık Daire","Kiralık Daire","3 + 1","160 m²","21 Yaşında","1. Kat","Konya / Selçuklu / Beyhekim Mah.","WhatsApp","https://www.hepsiemlak.com/_nuxt/8cafc93fb5c74c75e9e04e528e02ccdf.jpg","https://www.hepsiemlak.com/_nuxt/8cafc93fb5c74c75e9e04e528e02ccdf.jpg","Sefer Gayrimenkul"
"https://www.hepsiemlak.com/konya-selcuklu-beyhekim-kiralik/daire/57222-314","1 / 16","21.000","19/08/2026","Ünlü Studıo Loft'da Cadde Cephe 1+1 Eşyalı Kiralık Daire","Kiralık Daire","1 + 1","70 m²","11 Yaşında","2. Kat","Konya / Selçuklu / Beyhekim Mah.","WhatsApp","https://www.hepsiemlak.com/_nuxt/8cafc93fb5c74c75e9e04e528e02ccdf.jpg","https://www.hepsiemlak.com/_nuxt/8cafc93fb5c74c75e9e04e528e02ccdf.jpg","Ünlü İnşaat Emlak"
"https://www.hepsiemlak.com/konya-selcuklu-bosna-hersek-kiralik/daire/54575-3","1 / 18","17.500","18/08/2026","Gözde Emlak'tan Kiralık 3+1 Daire","Kiralık Daire","3 + 1","120 m²","16 Yaşında","6. Kat","Konya / Selçuklu / Bosna Hersek Mah.","WhatsApp","https://www.hepsiemlak.com/_nuxt/8cafc93fb5c74c75e9e04e528e02ccdf.jpg","",""
"https://www.hepsiemlak.com/konya-selcuklu-bosna-hersek-kiralik/daire/158321-109","1 / 15","33.000","17/08/2026","Bakyapı Prestij Parkta 3+1 Eşyalı Kiralık Daire","Kiralık Daire","3 + 1","120 m²","11 Yaşında","2. Kat","Konya / Selçuklu / Bosna Hersek Mah.","WhatsApp","https://www.hepsiemlak.com/_nuxt/8cafc93fb5c74c75e9e04e528e02ccdf.jpg","",""
"https://www.hepsiemlak.com/konya-meram-hadimi-kiralik/daire/63450-372","1 / 25","30.000","09/07/2026","Konya Meram Hadimi Mah Gazze Cad Yakını Kiralık Kombili 2+1 Daire","Kiralık Daire","2 + 1","110 m²","Sıfır Bina","4. Kat","Konya / Meram / Hadimi Mah.","WhatsApp","https://www.hepsiemlak.com/_nuxt/8cafc93fb5c74c75e9e04e528e02ccdf.jpg","",""
"https://www.hepsiemlak.com/konya-meram-caybasi-kiralik/daire/5115-4171","1 / 20","25.000","19/08/2026","Turyap' Tan Kızılay Hast. Civarı 2+1 Salon Çok Bakımlı Ofis","Kiralık Daire","2 + 1","85 m²","12 Yaşında","3. Kat","Konya / Meram / Çaybaşı Mah.","WhatsApp","https://www.hepsiemlak.com/_nuxt/8cafc93fb5c74c75e9e04e528e02ccdf.jpg","",""
"https://www.hepsiemlak.com/konya-selcuklu-isiklar-kiralik/daire/71076-118","1 / 21","20.000","21/07/2026","Dündar Dan Kıralık 3+1 Kule Sıte Avm Yakını","Kiralık Daire","3 + 1","140 m²","26 Yaşında","3. Kat","Konya / Selçuklu / Işıklar Mah.","WhatsApp","https://www.hepsiemlak.com/_nuxt/8cafc93fb5c74c75e9e04e528e02ccdf.jpg","",""
"https://www.hepsiemlak.com/konya-selcuklu-akademi-kiralik/daire/129814-294","1 / 10","18.500","12/08/2026","Hisar Dan 1.Etap Okulların Yanında Yeri Mükembel Konya Manzaralı","Kiralık Daire","2 + 1","90 m²","4 Yaşında","4. Kat","Konya / Selçuklu / Akademi Mah.","WhatsApp","https://www.hepsiemlak.com/_nuxt/8cafc93fb5c74c75e9e04e528e02ccdf.jpg","",""
"https://www.hepsiemlak.com/konya-selcuklu-hocacihan-kiralik/daire/93052-367","1 / 25","39.000","13/08/2026","Yeni Meram Tıp Yanında Beyşehir Cd Üzeri Kiralık 3+1 Geniş Daire","Kiralık Daire","3 + 1","175 m²","11 Yaşında","1. Kat","Konya / Selçuklu / Hocacihan Mah.","WhatsApp","https://www.hepsiemlak.com/_nuxt/8cafc93fb5c74c75e9e04e528e02ccdf.jpg","",""
"https://www.hepsiemlak.com/konya-karatay-gaziosmanpasa-kiralik/daire/142074-254","1 / 27","22.000","17/08/2026","Adliye Yakını Site İçi Kiralık 2+1 Zemin Kat","Kiralık Daire","2 + 1","110 m²","5 Yaşında","4. Kat","Konya / Karatay / Gaziosmanpaşa Mah.","WhatsApp","https://www.hepsiemlak.com/_nuxt/8cafc93fb5c74c75e9e04e528e02ccdf.jpg","",""
"https://www.hepsiemlak.com/konya-meram-ulugbey-kiralik/daire/83501-102","1 / 59","38.000","02/08/2026","Seçkin Sitede,24 Saat Güvenlik,Kapalı Otopark,Ultra Lüks Kiralık","Kiralık Daire","2 + 1","115 m²","1 Yaşında","Yüksek Giriş","Konya / Meram / Uluğbey Mah.","WhatsApp","https://www.hepsiemlak.com/_nuxt/8cafc93fb5c74c75e9e04e528e02ccdf.jpg","",""
"https://www.hepsiemlak.com/konya-selcuklu-bosna-hersek-kiralik/daire/102177-38","1 / 32","26.000","14/08/2026","Gürol Akkaya'dan Bak Yapı'da Arakat 105m2 Kiralık Daire","Kiralık Daire","3 + 1","105 m²","11 Yaşında","2. Kat","Konya / Selçuklu / Bosna Hersek Mah.","WhatsApp","https://www.hepsiemlak.com/_nuxt/8cafc93fb5c74c75e9e04e528e02ccdf.jpg","",""
"https://www.hepsiemlak.com/konya-meram-koycegiz-kiralik/daire/147287-29","1 / 23","35.000","07/08/2026","Eski Meram Tıp Karşısı Eşyalı Kiralık 2+1","Kiralık Daire","2 + 1","110 m²","11 Yaşında","Bahçe Katı","Konya / Meram / Köyceğiz Mah.","WhatsApp","https://www.hepsiemlak.com/_nuxt/8cafc93fb5c74c75e9e04e528e02ccdf.jpg","",""
"https://www.hepsiemlak.com/konya-meram-godene-kiralik/daire/138293-553","1 / 26","20.000","20/08/2026","Meram Gödene Toki 1. Etap'ta Bakımlı 3+1 Kiralık Daire","Kiralık Daire","3 + 1","165 m²","6 Yaşında","2. Kat","Konya / Meram / Gödene Mah.","WhatsApp","https://www.hepsiemlak.com/_nuxt/8cafc93fb5c74c75e9e04e528e02ccdf.jpg","",""
"https://www.hepsiemlak.com/konya-selcuklu-kosova-kiralik/daire/90958-233","1 / 33","19.000","26/07/2026","Emlak81den Konya Selçuklu Kosovada 3+1 Stüdyo Daire","Kiralık Daire","3 + 1","110 m²","13 Yaşında","1. Kat","Konya / Selçuklu / Kosova Mah.","WhatsApp","","",""
"https://www.hepsiemlak.com/konya-karatay-gaziosmanpasa-kiralik/daire/135595-658","1 / 31","35.000","13/07/2026","Akabe Mahallei’nde Kiralık 4 + 1 Yüksek Giriş Daire","Kiralık Daire","4 + 1","160 m²","Sıfır Bina","Yüksek Giriş","Konya / Karatay / Gaziosmanpaşa Mah.","WhatsApp","https://hecdnnw.hemlak.com/mncropresize/77/67/logo/5/9/5/5/3/1/486e1d19-5ff0-4f98-b4df-e463d26020ab.jpg","","Cengizler Gayrimenkul"
"https://www.hepsiemlak.com/konya-selcuklu-yazir-kiralik/daire/61557-42","1 / 29","27.500","04/08/2026","Selvi 1 Sitesin'de Yeni Boyanmış 3+1 Ara Kat Daire","Kiralık Daire","3 + 1","140 m²","11 Yaşında","6. Kat","Konya / Selçuklu / Yazır Mah.","WhatsApp","https://hecdnnw.hemlak.com/mncropresize/77/67/logo/7/5/5/1/6/0/3f3c5762-e39e-4445-b069-af5f97a8f80c.jpg","","Emlaking Gayrimenkul"
"https://www.hepsiemlak.com/konya-selcuklu-beyhekim-kiralik/daire/160813-158","1 / 33","19.000","10/08/2026","Selçuklu Beyhekim Toki'de Kiralık 2+1 Daire","Kiralık Daire","2 + 1","90 m²","16 Yaşında","9. Kat","Konya / Selçuklu / Beyhekim Mah.","WhatsApp","https://www.hepsiemlak.com/_nuxt/8cafc93fb5c74c75e9e04e528e02ccdf.jpg","",""
"https://www.hepsiemlak.com/konya-meram-alavardi-kiralik/daire/111386-70","1 / 33","50.000","27/06/2026","Sahi'den Meram Alavardı Mh.Beğen Bahar Evleri Kiralık 4+1 Daire.","Kiralık Daire","4 + 1","200 m²","6 Yaşında","8. Kat","Konya / Meram / Alavardı Mah.","WhatsApp","https://www.hepsiemlak.com/_nuxt/8cafc93fb5c74c75e9e04e528e02ccdf.jpg","",""
"https://www.hepsiemlak.com/konya-selcuklu-cumhuriyet-kiralik/daire/132269-185","1 / 12","18.000","11/07/2026","Cumhuriyet Mahallesi Kiralık 3+1 Daire","Kiralık Daire","3 + 1","115 m²","35 Yaşında","2. Kat","Konya / Selçuklu / Cumhuriyet Mah.","WhatsApp","https://www.hepsiemlak.com/_nuxt/8cafc93fb5c74c75e9e04e528e02ccdf.jpg","",""
"https://www.hepsiemlak.com/konya-selcuklu-bosna-hersek-kiralik/daire/94059-299","1 / 27","25.000","19/08/2026","Kampüs Gayrimenkul'den_form Kampüs Karşısı Kiralık Eşyalı 3+1","Kiralık Daire","3 + 1","125 m²","16 Yaşında","2. Kat","Konya / Selçuklu / Bosna Hersek Mah.","WhatsApp","https://www.hepsiemlak.com/_nuxt/8cafc93fb5c74c75e9e04e528e02ccdf.jpg","",""
"https://www.hepsiemlak.com/konya-selcuklu-beyhekim-kiralik/daire/57222-299","1 / 16","26.000","24/07/2026","Loft Style Sitesi 7/24 Güvenlik 2+1 Zemin Kat Eşyalı Daire","Kiralık Daire","2 + 1","110 m²","6 Yaşında","Zemin","Konya / Selçuklu / Beyhekim Mah.","WhatsApp","https://www.hepsiemlak.com/_nuxt/8cafc93fb5c74c75e9e04e528e02ccdf.jpg","https://www.hepsiemlak.com/_nuxt/8cafc93fb5c74c75e9e04e528e02ccdf.jpg","Ünlü İnşaat Emlak"
"https://www.hepsiemlak.com/konya-selcuklu-bosna-hersek-kiralik/daire/54575-2","1 / 18","21.000","18/08/2026","Gözde Emlak'tan Kiralık 3+1 Kombili İstanbul Yolu Üzeri Daire","Kiralık Daire","3 + 1","130 m²","11 Yaşında","5. Kat","Konya / Selçuklu / Bosna Hersek Mah.","WhatsApp","https://www.hepsiemlak.com/_nuxt/8cafc93fb5c74c75e9e04e528e02ccdf.jpg","",""
"https://www.hepsiemlak.com/konya-selcuklu-yazir-kiralik/daire/96769-765","1 / 24","20.000","18/08/2026","Kiralık Daire Selçuklu Yazır Mah Maliye Toki 2+1 : 100m2","Kiralık Daire","2 + 1","100 m²","10 Yaşında","7. Kat","Konya / Selçuklu / Yazır Mah.","WhatsApp","https://www.hepsiemlak.com/_nuxt/8cafc93fb5c74c75e9e04e528e02ccdf.jpg","https://www.hepsiemlak.com/_nuxt/8cafc93fb5c74c75e9e04e528e02ccdf.jpg","Enfal Emlak"
"https://www.hepsiemlak.com/konya-selcuklu-mehmet-akif-kiralik/daire/119637-563","1 / 17","18.000","06/08/2026","Melsa Başodadan M Akif Mah. Kiralık 3+1","Kiralık Daire","3 + 1","120 m²","26 Yaşında","Giriş Katı","Konya / Selçuklu / Mehmet Akif Mah.","WhatsApp","https://www.hepsiemlak.com/_nuxt/8cafc93fb5c74c75e9e04e528e02ccdf.jpg","",""
"https://www.hepsiemlak.com/konya-selcuklu-mehmet-akif-kiralik/daire/67219-1187","1 / 22","23.000","07/08/2026","Mehmet Akif Mah. Kiralık Bakımlı Ara Kat Daire","Kiralık Daire","3 + 1","155 m²","21 Yaşında","3. Kat","Konya / Selçuklu / Mehmet Akif Mah.","WhatsApp","https://www.hepsiemlak.com/_nuxt/8cafc93fb5c74c75e9e04e528e02ccdf.jpg","https://www.hepsiemlak.com/_nuxt/8cafc93fb5c74c75e9e04e528e02ccdf.jpg","Baran Nur Emlak"
"https://www.hepsiemlak.com/konya-selcuklu-binkonutlar-kiralik/daire/170344-46","1 / 19","19.000","19/08/2026","Binkonutlar Mah. Tramvay Durağı Yanı Kiralık 2+1 Daire","Kiralık Daire","2 + 1","120 m²","21 Yaşında","3. Kat","Konya / Selçuklu / Binkonutlar Mah.","WhatsApp","https://www.hepsiemlak.com/_nuxt/8cafc93fb5c74c75e9e04e528e02ccdf.jpg","https://www.hepsiemlak.com/_nuxt/8cafc93fb5c74c75e9e04e528e02ccdf.jpg","Alperen Babalık Gayrimenkul"
"https://www.hepsiemlak.com/konya-meram-koycegiz-kiralik/daire/147287-25","1 / 21","40.000","15/07/2026","Eski Meram Tıp Karşısı Ara Kat Eşyalı 2+1","Kiralık Daire","2 + 1","120 m²","6 Yaşında","1. Kat","Konya / Meram / Köyceğiz Mah.","WhatsApp","https://www.hepsiemlak.com/_nuxt/8cafc93fb5c74c75e9e04e528e02ccdf.jpg","",""
"https://www.hepsiemlak.com/konya-selcuklu-akademi-kiralik/daire/170063-28","1 / 30","20.000","14/07/2026","Yıltaş Gayrimenkul Ardıçlı Toki De 1.Etap Da 2+1 Kiralık Daire","Kiralık Daire","2 + 1","88 m²","4 Yaşında","4. Kat","Konya / Selçuklu / Akademi Mah.","WhatsApp","https://www.hepsiemlak.com/_nuxt/8cafc93fb5c74c75e9e04e528e02ccdf.jpg","",""
"https://www.hepsiemlak.com/konya-selcuklu-ihsaniye-kiralik/daire/90958-232","1 / 21","15.000","26/07/2026","Emlak81den Konya Selçuklu İhsaniyede Cadde Üzeri Arakat Daire","Kiralık Daire","3 + 1","130 m²","35 Yaşında","2. Kat","Konya / Selçuklu / İhsaniye Mah.","WhatsApp","https://www.hepsiemlak.com/_nuxt/8cafc93fb5c74c75e9e04e528e02ccdf.jpg","",""
"https://www.hepsiemlak.com/konya-selcuklu-seker-kiralik/daire/138293-550","1 / 19","39.500","21/07/2026","Kiralık 3+1 Daire Şefikcan Lalezar St. (3 Hafta Sonra Boşalacak)","Kiralık Daire","3 + 1","165 m²","11 Yaşında","10. Kat","Konya / Selçuklu / Şeker Mah.","WhatsApp","https://www.hepsiemlak.com/_nuxt/8cafc93fb5c74c75e9e04e528e02ccdf.jpg","",""
"https://www.hepsiemlak.com/konya-meram-askan-kiralik/daire/83501-99","1 / 24","28.000","09/08/2026","Meram Aşkan Mh. 1+1 Kiralık Eşyalı Lüks Daire","Kiralık Daire","1 + 1","100 m²","2 Yaşında","Yüksek Giriş","Konya / Meram / Aşkan Mah.","WhatsApp","https://www.hepsiemlak.com/_nuxt/8cafc93fb5c74c75e9e04e528e02ccdf.jpg","",""
"https://www.hepsiemlak.com/konya-selcuklu-ferhuniye-kiralik/daire/5115-4069","1 / 17","18.500","11/08/2026","Turyap' Tan Kültür Park Karşısında 2+1 Salon Bakımlı Daire","Kiralık Daire","2 + 1","100 m²","31 Yaşında","Zemin","Konya / Selçuklu / Ferhuniye Mah.","WhatsApp","https://www.hepsiemlak.com/_nuxt/8cafc93fb5c74c75e9e04e528e02ccdf.jpg","",""
"https://www.hepsiemlak.com/konya-selcuklu-beyhekim-kiralik/daire/57222-292","1 / 15","20.000","24/07/2026","Ünlü Studıo Loft'da Cadde Cephe 1+1 Eşyalı Kiralık Daire","Kiralık Daire","1 + 1","70 m²","11 Yaşında","2. Kat","Konya / Selçuklu / Beyhekim Mah.","WhatsApp","https://www.hepsiemlak.com/_nuxt/8cafc93fb5c74c75e9e04e528e02ccdf.jpg","https://www.hepsiemlak.com/_nuxt/8cafc93fb5c74c75e9e04e528e02ccdf.jpg","Ünlü İnşaat Emlak"
"https://www.hepsiemlak.com/konya-selcuklu-mehmet-akif-kiralik/daire/119637-551","1 / 17","18.000","04/08/2026","Melsa Başodadan M Akif Mah. Kiralık 3+1","Kiralık Daire","3 + 1","120 m²","26 Yaşında","Giriş Katı","Konya / Selçuklu / Mehmet Akif Mah.","WhatsApp","https://www.hepsiemlak.com/_nuxt/8cafc93fb5c74c75e9e04e528e02ccdf.jpg","",""
"https://www.hepsiemlak.com/konya-selcuklu-kosova-kiralik/daire/54575-9","1 / 14","20.000","18/08/2026","Gözde Emlaktan Stüdyo Palace Kiralık Eşyalı Daire","Kiralık Daire","1 + 1","75 m²","11 Yaşında","2. Kat","Konya / Selçuklu / Kosova Mah.","WhatsApp","https://www.hepsiemlak.com/_nuxt/8cafc93fb5c74c75e9e04e528e02ccdf.jpg","",""
"https://www.hepsiemlak.com/konya-selcuklu-akademi-kiralik/daire/129814-297","1 / 7","19.000","19/08/2026","Ardicli Toki Okul Yani R Tipi 2+1 Kiralik Daire","Kiralık Daire","2 + 1","90 m²","3 Yaşında","3. Kat","Konya / Selçuklu / Akademi Mah.","WhatsApp","https://www.hepsiemlak.com/_nuxt/8cafc93fb5c74c75e9e04e528e02ccdf.jpg","",""
"https://www.hepsiemlak.com/konya-meram-kozagac-kiralik/daire/81846-2187","1 / 11","24.500","10/08/2026","Meram Kozağaç Askeri Kışla Yakını 2+1 Yüksek Giriş Kiralık Daire","Kiralık Daire","2 + 1","125 m²","8 Yaşında","Yüksek Giriş","Konya / Meram / Kozağaç Mah.","WhatsApp","https://www.hepsiemlak.com/_nuxt/8cafc93fb5c74c75e9e04e528e02ccdf.jpg","",""
"https://www.hepsiemlak.com/konya-meram-alavardi-kiralik/daire/170344-42","1 / 33","46.000","21/07/2026","Meram Alavardı Fatih Caddesi Üzeri Site İçerisinde Kiralık 3+1","Kiralık Daire","3 + 1","145 m²","6 Yaşında","5. Kat","Konya / Meram / Alavardı Mah.","WhatsApp","https://hecdnnw.hemlak.com/mncropresize/77/67/firmuser/2/7/7/1/6/7/4/61409612-f069-4b02-a9d0-b57c62331788.jpg","","Alperen Babalık Gayrimenkul"
"https://www.hepsiemlak.com/konya-selcuklu-hocacihan-kiralik/daire/147287-13","1 / 25","30.000","15/07/2026","Meram Tıp Yakını Medica 1 De Kiralık Eşyalı 1+1","Kiralık Daire","1 + 1","80 m²","11 Yaşında","Yüksek Giriş","Konya / Selçuklu / Hocacihan Mah.","WhatsApp","","",""
"https://www.hepsiemlak.com/konya-selcuklu-isiklar-kiralik/daire/83501-98","1 / 58","45.000","08/08/2026","Işıklar Mh. Demiryolu Cd. 4+1 Dubleks Kiralık Lüks Daire","Kiralık Daire","4 + 1","220 m²","11 Yaşında","3. Kat","Konya / Selçuklu / Işıklar Mah.","WhatsApp","","",""
"https://www.hepsiemlak.com/konya-selcuklu-yazir-kiralik/daire/89673-1873","1 / 35","52.500","30/06/2026","Gökdeniz'den İkonia Konutları'nda Kiralık 4+1 Daire","Kiralık Daire","4 + 1","200 m²","11 Yaşında","11. Kat","Konya / Selçuklu / Yazır Mah.","WhatsApp","https://www.hepsiemlak.com/_nuxt/8cafc93fb5c74c75e9e04e528e02ccdf.jpg","https://www.hepsiemlak.com/_nuxt/8cafc93fb5c74c75e9e04e528e02ccdf.jpg","Gökdeniz Gayrimenkul"
"https://www.hepsiemlak.com/konya-selcuklu-sancak-kiralik/daire/138293-557","","23.000","22/07/2026","Novada Avm Yanı | Tramvaya Yakın | Site İçerisinde Kiralık 1+1 D","Kiralık Daire","1 + 1","75 m²","1 Yaşında","7. Kat","Konya / Selçuklu / Sancak Mah.","WhatsApp","","",""
"https://www.hepsiemlak.com/konya-selcuklu-bosna-hersek-kiralik/daire/2168-2347","1 / 24","18.000","15/07/2026","Uğur Emlaktan Bosna Merkezinde 3+1 Kiralık Daire","Kiralık Daire","3 + 1","120 m²","16 Yaşında","8. Kat","Konya / Selçuklu / Bosna Hersek Mah.","WhatsApp","https://www.hepsiemlak.com/_nuxt/8cafc93fb5c74c75e9e04e528e02ccdf.jpg","https://www.hepsiemlak.com/_nuxt/8cafc93fb5c74c75e9e04e528e02ccdf.jpg","Uğur Emlak"
"https://www.hepsiemlak.com/konya-selcuklu-beyhekim-kiralik/daire/57222-315","1 / 14","21.000","20/08/2026","Loft Plus'da Cadde-Tramway Cephe 1+1 Üst Dubleks Eşyalı Daire","Kiralık Daire","1 + 1","70 m²","11 Yaşında","2. Kat","Konya / Selçuklu / Beyhekim Mah.","WhatsApp","https://www.hepsiemlak.com/_nuxt/8cafc93fb5c74c75e9e04e528e02ccdf.jpg","https://www.hepsiemlak.com/_nuxt/8cafc93fb5c74c75e9e04e528e02ccdf.jpg","Ünlü İnşaat Emlak"
"https://www.hepsiemlak.com/konya-selcuklu-bosna-hersek-kiralik/daire/54575-7","1 / 14","17.500","18/08/2026","Gözde Emlaktan Kiralık Yatay Full Eşyalı 1+1 Lüx Daire","Kiralık Daire","1 + 1","75 m²","11 Yaşında","3. Kat","Konya / Selçuklu / Bosna Hersek Mah.","WhatsApp","https://www.hepsiemlak.com/_nuxt/8cafc93fb5c74c75e9e04e528e02ccdf.jpg","",""
"https://www.hepsiemlak.com/konya-selcuklu-feritpasa-kiralik/daire/93052-361","1 / 14","23.000","31/07/2026","Kule Site Avm Yanında Kiralık 3+1 Geniş Daire","Kiralık Daire","3 + 1","170 m²","26 Yaşında","1. Kat","Konya / Selçuklu / Feritpaşa Mah.","WhatsApp","https://www.hepsiemlak.com/_nuxt/8cafc93fb5c74c75e9e04e528e02ccdf.jpg","",""
"https://www.hepsiemlak.com/konya-meram-uluirmak-kiralik/daire/152646-195","1 / 23","27.000","13/08/2026","Ulurmak Evlerinde Kiralık 2+1 Arakat Geniş Daire","Kiralık Daire","2 + 1","150 m²","Sıfır Bina","7. Kat","Konya / Meram / Uluırmak Mah.","WhatsApp","https://www.hepsiemlak.com/_nuxt/8cafc93fb5c74c75e9e04e528e02ccdf.jpg","",""
"https://www.hepsiemlak.com/konya-karatay-sariyakup-kiralik/daire/164312-65","1 / 16","18.000","10/08/2026","Karatay Terminal Yanı Kiralık 3+1","Kiralık Daire","3 + 1","150 m²","26 Yaşında","4. Kat","Konya / Karatay / Sarıyakup Mah.","WhatsApp","https://www.hepsiemlak.com/_nuxt/8cafc93fb5c74c75e9e04e528e02ccdf.jpg","",""
"https://www.hepsiemlak.com/konya-selcuklu-ihsaniye-kiralik/daire/131749-266","1 / 15","16.000","19/08/2026","İhsaniye 2+1 Kombili","Kiralık Daire","2 + 1","130 m²","44 Yaşında","4. Kat","Konya / Selçuklu / İhsaniye Mah.","WhatsApp","https://www.hepsiemlak.com/_nuxt/8cafc93fb5c74c75e9e04e528e02ccdf.jpg","",""
"https://www.hepsiemlak.com/konya-meram-sahibiata-kiralik/daire/152913-334","1 / 17","20.000","16/08/2026","Sahipata Mahallesi 3+1 Ara Kat Daire Kiralık","Kiralık Daire","3 + 1","150 m²","31 Yaşında","2. Kat","Konya / Meram / Sahibiata Mah.","WhatsApp","https://www.hepsiemlak.com/_nuxt/8cafc93fb5c74c75e9e04e528e02ccdf.jpg","https://www.hepsiemlak.com/_nuxt/8cafc93fb5c74c75e9e04e528e02ccdf.jpg","Cvş Emlak"
"https://www.hepsiemlak.com/konya-meram-yenibahce-kiralik/mustakil-ev/0-47052130","1 / 37","15.000","06/08/2026","Konya Meram Yenibahçede Kiralık Ahırlı Büyüktarlalı 3+1 Müstakil","Kiralık Müstakil Ev","3 + 1","180 m²","23 Yaşında","","Konya / Meram / Yenibahçe Mah.","WhatsApp","https://www.hepsiemlak.com/_nuxt/8cafc93fb5c74c75e9e04e528e02ccdf.jpg","",""
"https://www.hepsiemlak.com/konya-selcuklu-parsana-kiralik/daire/73616-196","1 / 35","33.000","01/08/2026","Beyhekim Caddesine Cephe 3+1 Ara Kat Merkezi Daire","Kiralık Daire","3 + 1","165 m²","6 Yaşında","5. Kat","Konya / Selçuklu / Parsana Mah.","WhatsApp","https://www.hepsiemlak.com/_nuxt/8cafc93fb5c74c75e9e04e528e02ccdf.jpg","",""
"https://www.hepsiemlak.com/konya-karatay-kececiler-kiralik/daire/136750-441","1 / 15","28.000","30/07/2026","Karatay Keçeciler De Arakat Kiralık 3+1 Daire","Kiralık Daire","3 + 1","155 m²","10 Yaşında","Ara Kat","Konya / Karatay / Keçeciler Mah.","WhatsApp","https://www.hepsiemlak.com/_nuxt/8cafc93fb5c74c75e9e04e528e02ccdf.jpg","",""
"https://www.hepsiemlak.com/konya-selcuklu-erenkoy-kiralik/villa/0-46896172","1 / 32","95.000","07/08/2026","Site İçerisinde Müstakil Tadında","Kiralık Villa","5 + 1","350 m²","5 Yaşında","","Konya / Selçuklu / Erenköy Mah.","WhatsApp","https://www.hepsiemlak.com/_nuxt/8cafc93fb5c74c75e9e04e528e02ccdf.jpg","",""
"https://www.hepsiemlak.com/konya-meram-meliksah-kiralik/daire/134113-249","1 / 22","22.000","24/06/2026","Meram Yaka'da Caddeye Cephe 3+1 İçi Yapılı Kiralık Daire","Kiralık Daire","3 + 1","135 m²","26 Yaşında","3. Kat","Konya / Meram / Melikşah Mah.","WhatsApp","https://www.hepsiemlak.com/_nuxt/8cafc93fb5c74c75e9e04e528e02ccdf.jpg","",""
"https://www.hepsiemlak.com/konya-selcuklu-kosova-kiralik/daire/57068-444","1 / 35","35.000","12/08/2026","Kosovapark Sitesi 3+1 Net 140m2 Arakat 2 Yaşında Siteiçi","Kiralık Daire","3 + 1","197 m²","2 Yaşında","2. Kat","Konya / Selçuklu / Kosova Mah.","WhatsApp","https://www.hepsiemlak.com/_nuxt/8cafc93fb5c74c75e9e04e528e02ccdf.jpg","",""
"https://www.hepsiemlak.com/konya-meram-koycegiz-kiralik/daire/147287-2","1 / 23","35.000","15/07/2026","Eski Meram Tıp Karşısı Eşyalı Kiralık 2+1","Kiralık Daire","2 + 1","110 m²","11 Yaşında","Bahçe Katı","Konya / Meram / Köyceğiz Mah.","WhatsApp","https://www.hepsiemlak.com/_nuxt/8cafc93fb5c74c75e9e04e528e02ccdf.jpg","",""
"https://www.hepsiemlak.com/konya-selcuklu-isiklar-kiralik/daire/83501-95","1 / 58","45.000","16/07/2026","Işıklar Mh. Demiryolu Cd. 5+1 Dubleks Kiralık Lüks Daire","Kiralık Daire","5 + 1","220 m²","11 Yaşında","3. Kat","Konya / Selçuklu / Işıklar Mah.","WhatsApp","https://www.hepsiemlak.com/_nuxt/8cafc93fb5c74c75e9e04e528e02ccdf.jpg","",""
"https://www.hepsiemlak.com/konya-meram-havzan-kiralik/daire/5115-4121","1 / 10","45.000","15/08/2026","Turyap' Tan Güzel Bahçe Sitesinde 4+1 Salon Kiralık Daire","Kiralık Daire","4 + 1","250 m²","15 Yaşında","3. Kat","Konya / Meram / Havzan Mah.","WhatsApp","https://www.hepsiemlak.com/_nuxt/8cafc93fb5c74c75e9e04e528e02ccdf.jpg","",""
"https://www.hepsiemlak.com/konya-selcuklu-bosna-hersek-kiralik/daire/94059-297","1 / 15","23.000","19/08/2026","Kampüs Gayrimenkul'den_forum Kampüs Karşısı Eşyalı 3+1 Kiralık","Kiralık Daire","3 + 1","125 m²","16 Yaşında","4. Kat","Konya / Selçuklu / Bosna Hersek Mah.","WhatsApp","https://www.hepsiemlak.com/_nuxt/8cafc93fb5c74c75e9e04e528e02ccdf.jpg","",""
"https://www.hepsiemlak.com/konya-selcuklu-hanaybasi-kiralik/daire/163008-53","1 / 1","16.500","15/08/2026","Saray Caddesinde 100m² 2,5+1 Bodrum Kat Daire Pencereli","Kiralık Daire","2 + 1","101 m²","11 Yaşında","Bodrum","Konya / Selçuklu / Hanaybaşı Mah.","WhatsApp","https://www.hepsiemlak.com/_nuxt/8cafc93fb5c74c75e9e04e528e02ccdf.jpg","",""
"https://www.hepsiemlak.com/konya-karatay-akabe-kiralik/daire/122312-469","1 / 25","22.500","17/08/2026","Felix Gayrimenkulden Akabe Mahallesinde Kiralık Eşyalı 1+1","Kiralık Daire","1 + 1","80 m²","5 Yaşında","4. Kat","Konya / Karatay / Akabe Mah.","WhatsApp","","",""
"https://www.hepsiemlak.com/konya-selcuklu-bosna-hersek-kiralik/daire/89673-1879","1 / 31","28.000","08/08/2026","Gökdeniz'den Bosna Hersek'te 3+1 Eşyalı Kiralık Daire","Kiralık Daire","3 + 1","123 m²","16 Yaşında","4. Kat","Konya / Selçuklu / Bosna Hersek Mah.","WhatsApp","https://hecdnnw.hemlak.com/mncropresize/77/67/logo/3/7/6/9/8/0/1e516810-fe53-412e-9f78-cf59ef671e06.jpg","","Gökdeniz Gayrimenkul"
"https://www.hepsiemlak.com/konya-karatay-erenler-kiralik/daire/85706-328","1 / 31","22.000","10/08/2026","Erenlerde Kiralık Daire","Kiralık Daire","3 + 1","135 m²","15 Yaşında","Kot 2","Konya / Karatay / Erenler Mah.","WhatsApp","","",""
"https://www.hepsiemlak.com/konya-selcuklu-beyhekim-kiralik/daire/57222-293","1 / 14","13.000","24/07/2026","Loft Plus'da Cadde-Tramway Cephe 1+0 Ara Kat Eşyasız Daire","Kiralık Daire","Stüdyo","52 m²","11 Yaşında","1. Kat","Konya / Selçuklu / Beyhekim Mah.","WhatsApp","https://www.hepsiemlak.com/_nuxt/8cafc93fb5c74c75e9e04e528e02ccdf.jpg","https://www.hepsiemlak.com/_nuxt/8cafc93fb5c74c75e9e04e528e02ccdf.jpg","Ünlü İnşaat Emlak"
"https://www.hepsiemlak.com/konya-selcuklu-bosna-hersek-kiralik/daire/136750-440","1 / 18","21.500","30/07/2026","Bosna Da Kiralık 3+1 Arakat Daire","Kiralık Daire","3 + 1","160 m²","20 Yaşında","Ara Kat","Konya / Selçuklu / Bosna Hersek Mah.","WhatsApp","https://www.hepsiemlak.com/_nuxt/8cafc93fb5c74c75e9e04e528e02ccdf.jpg","",""
"https://www.hepsiemlak.com/konya-selcuklu-beyhekim-kiralik/daire/2168-2352","1 / 22","20.000","15/07/2026","Yazır'da 1+1 Eşyalık Kiralık Stüdyo Daire","Kiralık Daire","1 + 1","75 m²","6 Yaşında","2. Kat","Konya / Selçuklu / Beyhekim Mah.","WhatsApp","https://www.hepsiemlak.com/_nuxt/8cafc93fb5c74c75e9e04e528e02ccdf.jpg","https://www.hepsiemlak.com/_nuxt/8cafc93fb5c74c75e9e04e528e02ccdf.jpg","Uğur Emlak"
"https://www.hepsiemlak.com/konya-selcuklu-bosna-hersek-kiralik/daire/94059-103","1 / 15","23.000","08/07/2026","Kampüs Gayrimenkul'den__ Selçuk Üni. Yakın Ve Forum Kampüs Karşısı Eşyalı 3+1 Daire!!!","Kiralık Daire","3 + 1","125 m²","15 Yaşında","Ara Kat","Konya / Selçuklu / Bosna Hersek Mah.","WhatsApp","https://www.hepsiemlak.com/_nuxt/8cafc93fb5c74c75e9e04e528e02ccdf.jpg","",""
"https://www.hepsiemlak.com/konya-selcuklu-aydinlikevler-kiralik/daire/0-47019624","1 / 12","21.000","28/07/2026","Aydınlıkta Kiralık 3+1 Daire","Kiralık Daire","3 + 1","110 m²","35 Yaşında","3. Kat","Konya / Selçuklu / Aydınlıkevler Mah.","WhatsApp","https://www.hepsiemlak.com/_nuxt/8cafc93fb5c74c75e9e04e528e02ccdf.jpg","",""
"https://www.hepsiemlak.com/konya-karatay-akabe-kiralik/daire/54575-14","1 / 12","28.500","18/08/2026","Gözde Emlak'tan Kto Karşısı Kiralık 1+1 Full Eşyalı Daire","Kiralık Daire","1 + 1","90 m²","1 Yaşında","3. Kat","Konya / Karatay / Akabe Mah.","WhatsApp","https://www.hepsiemlak.com/_nuxt/8cafc93fb5c74c75e9e04e528e02ccdf.jpg","",""
"https://www.hepsiemlak.com/konya-selcuklu-kosova-kiralik/daire/150590-1146","1 / 22","31.000","10/08/2026","Sefergyo Kosova'da Ana Caddeye Yakın Kiralık 3+1 Lüks Daire!!!","Kiralık Daire","3 + 1","130 m²","6 Yaşında","3. Kat","Konya / Selçuklu / Kosova Mah.","WhatsApp","https://www.hepsiemlak.com/_nuxt/8cafc93fb5c74c75e9e04e528e02ccdf.jpg","https://www.hepsiemlak.com/_nuxt/8cafc93fb5c74c75e9e04e528e02ccdf.jpg","Sefer Gayrimenkul"
"https://www.hepsiemlak.com/konya-selcuklu-ihsaniye-kiralik/daire/131749-264","1 / 13","14.000","19/08/2026","Zafer Merkezde 3+1 Daire","Kiralık Daire","3 + 1","135 m²","44 Yaşında","3. Kat","Konya / Selçuklu / İhsaniye Mah.","WhatsApp","https://www.hepsiemlak.com/_nuxt/8cafc93fb5c74c75e9e04e528e02ccdf.jpg","",""
"https://www.hepsiemlak.com/konya-selcuklu-beyhekim-kiralik/daire/57222-291","1 / 14","25.000","25/07/2026","Loft Sitesi İstanbul Yolunda Cad.Cephe 1+1 Eşyalı Daire","Kiralık Daire","1 + 1","70 m²","6 Yaşında","1. Kat","Konya / Selçuklu / Beyhekim Mah.","WhatsApp","https://www.hepsiemlak.com/_nuxt/8cafc93fb5c74c75e9e04e528e02ccdf.jpg","https://www.hepsiemlak.com/_nuxt/8cafc93fb5c74c75e9e04e528e02ccdf.jpg","Ünlü İnşaat Emlak"
"https://www.hepsiemlak.com/konya-meram-sahibiata-kiralik/daire/60294-844","1 / 30","18.000","19/08/2026","Zafer Civarı Eşyalı Abonelikleri Açık 2+1 Daire","Kiralık Daire","2 + 1","85 m²","40 Yaşında","En Üst Kat","Konya / Meram / Sahibiata Mah.","WhatsApp","https://www.hepsiemlak.com/_nuxt/8cafc93fb5c74c75e9e04e528e02ccdf.jpg","",""
"https://www.hepsiemlak.com/konya-selcuklu-kosova-kiralik/daire/137290-138","1 / 18","21.000","13/08/2026","Kosovada Site İçi Ara Kat Kiralık 1+1 Köşe Daire","Kiralık Daire","1 + 1","75 m²","11 Yaşında","2. Kat","Konya / Selçuklu / Kosova Mah.","WhatsApp","https://www.hepsiemlak.com/_nuxt/8cafc93fb5c74c75e9e04e528e02ccdf.jpg","https://www.hepsiemlak.com/_nuxt/8cafc93fb5c74c75e9e04e528e02ccdf.jpg","Berk Gayrimenkul"
"https://www.hepsiemlak.com/konya-selcuklu-kosova-kiralik/daire/136750-439","1 / 21","22.000","14/08/2026","Sancak Da Kiralık  Geniş 3+1 Daire","Kiralık Daire","3 + 1","165 m²","15 Yaşında","Yüksek Giriş","Konya / Selçuklu / Kosova Mah.","WhatsApp","https://www.hepsiemlak.com/_nuxt/8cafc93fb5c74c75e9e04e528e02ccdf.jpg","",""
"https://www.hepsiemlak.com/konya-selcuklu-cumhuriyet-kiralik/daire/132269-186","1 / 20","17.000","30/07/2026","Cumhuriyet Kiralık 3+1 Daire","Kiralık Daire","3 + 1","115 m²","31 Yaşında","2. Kat","Konya / Selçuklu / Cumhuriyet Mah.","WhatsApp","https://www.hepsiemlak.com/_nuxt/8cafc93fb5c74c75e9e04e528e02ccdf.jpg","",""
"https://www.hepsiemlak.com/konya-selcuklu-seker-kiralik/daire/96769-757","1 / 34","18.000","26/07/2026","Kiralık Daire Şeker Mah. 3+1 150 M2 Kombili","Kiralık Daire","3 + 1","150 m²","25 Yaşında","2. Kat","Konya / Selçuklu / Şeker Mah.","WhatsApp","https://www.hepsiemlak.com/_nuxt/8cafc93fb5c74c75e9e04e528e02ccdf.jpg","https://www.hepsiemlak.com/_nuxt/8cafc93fb5c74c75e9e04e528e02ccdf.jpg","Enfal Emlak"
"https://www.hepsiemlak.com/konya-selcuklu-aydinlikevler-kiralik/daire/67219-1190","","20.000","09/08/2026","Kent Plaza Yakınında Kiralık","Kiralık Daire","2 + 1","155 m²","26 Yaşında","3. Kat","Konya / Selçuklu / Aydınlıkevler Mah.","WhatsApp","","https://www.hepsiemlak.com/_nuxt/8cafc93fb5c74c75e9e04e528e02ccdf.jpg","Baran Nur Emlak"
"https://www.hepsiemlak.com/konya-selcuklu-yazir-kiralik/daire/150590-1137","1 / 18","24.000","08/08/2026","Sefergyo İkonya Yanı, İlkokul Karşısı, Eşyalı 1+1 Kiralık Daire","Kiralık Daire","1 + 1","90 m²","21 Yaşında","Çatı Katı","Konya / Selçuklu / Yazır Mah.","WhatsApp","https://www.hepsiemlak.com/_nuxt/8cafc93fb5c74c75e9e04e528e02ccdf.jpg","https://www.hepsiemlak.com/_nuxt/8cafc93fb5c74c75e9e04e528e02ccdf.jpg","Sefer Gayrimenkul"
"https://www.hepsiemlak.com/konya-selcuklu-kosova-kiralik/daire/164312-62","1 / 11","24.000","20/07/2026","Eşyalı Kiralık 2+1","Kiralık Daire","2 + 1","90 m²","6 Yaşında","2. Kat","Konya / Selçuklu / Kosova Mah.","WhatsApp","https://www.hepsiemlak.com/_nuxt/8cafc93fb5c74c75e9e04e528e02ccdf.jpg","",""
"https://www.hepsiemlak.com/konya-selcuklu-beyhekim-kiralik/daire/57222-281","1 / 14","19.000","23/07/2026","Loft Class'da Cadde-Tramway Cephe 1+1 Eşyasız Ara Kat Daire","Kiralık Daire","1 + 1","70 m²","11 Yaşında","Ara Kat","Konya / Selçuklu / Beyhekim Mah.","WhatsApp","https://www.hepsiemlak.com/_nuxt/8cafc93fb5c74c75e9e04e528e02ccdf.jpg","https://www.hepsiemlak.com/_nuxt/8cafc93fb5c74c75e9e04e528e02ccdf.jpg","Ünlü İnşaat Emlak"
"https://www.hepsiemlak.com/konya-karatay-akabe-kiralik/daire/125076-364","1 / 24","30.000","25/07/2026","Kulebey! Kto Karşısında Eşyalı 2+1 Stüdyo Daire Kirlalıyor!","Kiralık Daire","2 + 1","105 m²","6 Yaşında","4. Kat","Konya / Karatay / Akabe Mah.","WhatsApp","https://www.hepsiemlak.com/_nuxt/8cafc93fb5c74c75e9e04e528e02ccdf.jpg","",""
"https://www.hepsiemlak.com/konya-karatay-istiklal-kiralik/daire/122312-464","1 / 16","32.000","17/08/2026","Felix'den Siteiçi Şehirhastaneyanı Nezih Kiralık Daire","Kiralık Daire","2 + 1","100 m²","Sıfır Bina","2. Kat","Konya / Karatay / İstiklal Mah.","WhatsApp","https://www.hepsiemlak.com/_nuxt/8cafc93fb5c74c75e9e04e528e02ccdf.jpg","https://www.hepsiemlak.com/_nuxt/8cafc93fb5c74c75e9e04e528e02ccdf.jpg","Felıx Gayrimenkul"
"https://www.hepsiemlak.com/konya-selcuklu-hocacihan-kiralik/daire/0-47117499","1 / 7","22.000","13/08/2026","Kiralik 1+1","Kiralık Daire","2 + 1","70 m²","Sıfır Bina","1. Kat","Konya / Selçuklu / Hocacihan Mah.","","https://www.hepsiemlak.com/_nuxt/8cafc93fb5c74c75e9e04e528e02ccdf.jpg","",""
"https://www.hepsiemlak.com/konya-selcuklu-parsana-kiralik/daire/93052-368","1 / 29","140.000","13/08/2026","Selçuklu Altınsanpark Konutlarında 5+1 Eşyalı Kiralık Lüks Daire","Kiralık Daire","5 + 1","250 m²","Sıfır Bina","2. Kat","Konya / Selçuklu / Parsana Mah.","WhatsApp","","",""
"https://www.hepsiemlak.com/konya-selcuklu-ferhuniye-kiralik/daire/72388-453","1 / 32","21.000","30/07/2026","Kiralık 2+1 Daire – Ahmet Hilmi Nalçacı Caddesi'nde Merkezi Konum","Kiralık Daire","2 + 0","120 m²","30 Yaşında","7. Kat","Konya / Selçuklu / Ferhuniye Mah.","WhatsApp","","",""
"https://www.hepsiemlak.com/konya-selcuklu-selahaddin-eyyubi-kiralik/daire/150590-1130","1 / 17","31.000","17/08/2026","Sefergyo S.Eyyübi De 2 Yıllık Sıfırıdan Farksız Kiralık Daire","Kiralık Daire","3 + 1","140 m²","2 Yaşında","Yüksek Giriş","Konya / Selçuklu / Selahaddin Eyyubi Mah.","WhatsApp","https://hecdnnw.hemlak.com/mncropresize/77/67/logo/0/9/5/0/5/1/a9090a68-e0d5-45de-b4c0-5981e3bfb747.jpg","","Sefer Gayrimenkul"
"https://www.hepsiemlak.com/konya-karatay-saracoglu-kiralik/ciftlik-evi/135595-675","1 / 13","30.000","03/08/2026","Saracoglun’da Kiralik 7.000 M2 Arsa Ve Çardak Depo","Kiralık Çiftlik Evi","Stüdyo","1.000 m²","20 Yaşında","","Konya / Karatay / Saraçoğlu Mah.","WhatsApp","https://www.hepsiemlak.com/_nuxt/8cafc93fb5c74c75e9e04e528e02ccdf.jpg","https://www.hepsiemlak.com/_nuxt/8cafc93fb5c74c75e9e04e528e02ccdf.jpg","Cengizler Gayrimenkul"
"https://www.hepsiemlak.com/konya-selcuklu-kosova-kiralik/daire/57222-320","1 / 13","28.000","05/08/2026","Ünlü Loft Sitesi İstanbul Yolunda Cad. Cephe 2+1 Eşyalı Daire","Kiralık Daire","2 + 1","100 m²","6 Yaşında","3. Kat","Konya / Selçuklu / Kosova Mah.","WhatsApp","https://www.hepsiemlak.com/_nuxt/8cafc93fb5c74c75e9e04e528e02ccdf.jpg","https://www.hepsiemlak.com/_nuxt/8cafc93fb5c74c75e9e04e528e02ccdf.jpg","Ünlü İnşaat Emlak"
"https://www.hepsiemlak.com/konya-selcuklu-yazir-kiralik/daire/150590-1129","1 / 35","24.000","20/08/2026","Sefergyo İkonya Tramvay Yanı Arakat Full Eşyalı 2+1 Kiralık!","Kiralık Daire","2 + 1","120 m²","11 Yaşında","1. Kat","Konya / Selçuklu / Yazır Mah.","WhatsApp","https://www.hepsiemlak.com/_nuxt/8cafc93fb5c74c75e9e04e528e02ccdf.jpg","https://www.hepsiemlak.com/_nuxt/8cafc93fb5c74c75e9e04e528e02ccdf.jpg","Sefer Gayrimenkul"
"https://www.hepsiemlak.com/konya-meram-konevi-kiralik/daire/5115-4129","1 / 18","21.000","17/08/2026","Turyap' Tan Mahmuriye De 3+1 Salon Bakımlı Daire","Kiralık Daire","3 + 1","140 m²","20 Yaşında","3. Kat","Konya / Meram / Konevi Mah.","WhatsApp","https://www.hepsiemlak.com/_nuxt/8cafc93fb5c74c75e9e04e528e02ccdf.jpg","",""
"https://www.hepsiemlak.com/konya-selcuklu-kilincarslan-kiralik/daire/119637-557","1 / 19","44.500","05/08/2026","Melsa Başodadan Kılıçarslan Mah. Kiralık 3+1 Daire","Kiralık Daire","3 + 1","160 m²","11 Yaşında","5. Kat","Konya / Selçuklu / Kılınçarslan Mah.","WhatsApp","https://www.hepsiemlak.com/_nuxt/8cafc93fb5c74c75e9e04e528e02ccdf.jpg","",""
"https://www.hepsiemlak.com/konya-karatay-istiklal-kiralik/daire/122312-465","1 / 11","18.250","17/08/2026","Felix'den Abonelikleriaçık Sıfıreşyalı Kiralık Stüdyo Daire","Kiralık Daire","Stüdyo","30 m²","Sıfır Bina","Zemin","Konya / Karatay / İstiklal Mah.","WhatsApp","https://www.hepsiemlak.com/_nuxt/8cafc93fb5c74c75e9e04e528e02ccdf.jpg","https://www.hepsiemlak.com/_nuxt/8cafc93fb5c74c75e9e04e528e02ccdf.jpg","Felıx Gayrimenkul"
"https://www.hepsiemlak.com/konya-selcuklu-sakarya-kiralik/daire/0-46894545","1 / 3","20.000","07/07/2026","Kiralık Daire 2+1lsalon","Kiralık Daire","2 + 1","100 m²","35 Yaşında","Zemin","Konya / Selçuklu / Sakarya Mah.","WhatsApp","https://www.hepsiemlak.com/_nuxt/8cafc93fb5c74c75e9e04e528e02ccdf.jpg","",""
"https://www.hepsiemlak.com/konya-selcuklu-beyhekim-kiralik/daire/57222-301","1 / 13","21.000","19/08/2026","Loft Plus'da Cadde-Tramway Cephe 1+1 Eşyalı Dubleks Daire","Kiralık Daire","1 + 1","70 m²","11 Yaşında","2. Kat","Konya / Selçuklu / Beyhekim Mah.","WhatsApp","https://www.hepsiemlak.com/_nuxt/8cafc93fb5c74c75e9e04e528e02ccdf.jpg","https://www.hepsiemlak.com/_nuxt/8cafc93fb5c74c75e9e04e528e02ccdf.jpg","Ünlü İnşaat Emlak"
"https://www.hepsiemlak.com/konya-karatay-akabe-kiralik/daire/142074-253","1 / 10","18.000","12/08/2026","Adliye Yakını Kiralık 1+1 Eşyalı Dubleks Daire","Kiralık Daire","1 + 1","55 m²","6 Yaşında","4. Kat","Konya / Karatay / Akabe Mah.","WhatsApp","https://www.hepsiemlak.com/_nuxt/8cafc93fb5c74c75e9e04e528e02ccdf.jpg","",""
"https://www.hepsiemlak.com/konya-selcuklu-ihsaniye-kiralik/daire/86980-1129","1 / 22","20.000","08/08/2026","Hacıveyis Camii Yakını Cadde Üzeri Arakat 3+1 Kiralık Daire","Kiralık Daire","3 + 1","160 m²","25 Yaşında","5. Kat","Konya / Selçuklu / İhsaniye Mah.","WhatsApp","https://www.hepsiemlak.com/_nuxt/8cafc93fb5c74c75e9e04e528e02ccdf.jpg","",""
"https://www.hepsiemlak.com/konya-selcuklu-selahaddin-eyyubi-kiralik/daire/167787-58","1 / 16","28.000","10/07/2026","Selahattin Eyyübi Mah. Arakat 3+1 Kiralık Daireler","Kiralık Daire","3 + 1","145 m²","Sıfır Bina","2. Kat","Konya / Selçuklu / Selahaddin Eyyubi Mah.","WhatsApp","https://www.hepsiemlak.com/_nuxt/8cafc93fb5c74c75e9e04e528e02ccdf.jpg","https://www.hepsiemlak.com/img/loadings/noImage55-55.png","Berşan Karagöz Gayrimenkul"
"https://www.hepsiemlak.com/konya-karatay-araplar-kiralik/daire/166242-20","1 / 19","22.250","04/08/2026","4 Yaka Gayrimenkulden | Karatay Fetih Caddesinde 3+1 Kiralık Daire","Kiralık Daire","3 + 1","136 m²","22 Yaşında","9. Kat","Konya / Karatay / Araplar Mah.","WhatsApp","https://www.hepsiemlak.com/_nuxt/8cafc93fb5c74c75e9e04e528e02ccdf.jpg","",""
"https://www.hepsiemlak.com/konya-selcuklu-nisantas-kiralik/daire/82432-79","1 / 34","29.000","17/08/2026","Ak44-M Den Kiralık 3+1 Ebevyn Banyolu Ve Kapalı Otoparklı Daire","Kiralık Daire","3 + 1","170 m²","21 Yaşında","2. Kat","Konya / Selçuklu / Nişantaş Mah.","WhatsApp","https://www.hepsiemlak.com/_nuxt/8cafc93fb5c74c75e9e04e528e02ccdf.jpg","https://www.hepsiemlak.com/_nuxt/8cafc93fb5c74c75e9e04e528e02ccdf.jpg","Ak-44m Gayrimenkul Yatırım Danışmanlık"
"https://www.hepsiemlak.com/konya-karatay-fetih-kiralik/daire/0-46260803","1 / 42","24.500","08/06/2026",">>>fetih Cd Üzeri | Site İçinde | Geniş 3+1 Ara Kat | Aileye Uygun<<<","Kiralık Daire","3 + 1","160 m²","25 Yaşında","4. Kat","Konya / Karatay / Fetih Mah.","WhatsApp","https://www.hepsiemlak.com/_nuxt/8cafc93fb5c74c75e9e04e528e02ccdf.jpg","",""
"https://www.hepsiemlak.com/konya-selcuklu-bosna-hersek-kiralik/daire/0-42767958","1 / 46","22.000","19/08/2026","S.Ü. Karsısı Sahıbınden Kıralık","Kiralık Daire","3 + 1","125 m²","16 Yaşında","8. Kat","Konya / Selçuklu / Bosna Hersek Mah.","WhatsApp","https://www.hepsiemlak.com/_nuxt/8cafc93fb5c74c75e9e04e528e02ccdf.jpg","",""
"https://www.hepsiemlak.com/konya-meram-godene-kiralik/daire/150590-1123","1 / 33","10.000","20/08/2026","Sefergyo Gödene Tokide 1+1 Uygun Fiyat By-8 Blokta!","Kiralık Daire","1 + 1","90 m²","11 Yaşında","4. Kat","Konya / Meram / Gödene Mah.","WhatsApp","https://www.hepsiemlak.com/_nuxt/8cafc93fb5c74c75e9e04e528e02ccdf.jpg","https://www.hepsiemlak.com/_nuxt/8cafc93fb5c74c75e9e04e528e02ccdf.jpg","Sefer Gayrimenkul"
"https://www.hepsiemlak.com/konya-selcuklu-hocacihan-kiralik/daire/147287-31","1 / 25","30.000","20/08/2026","Meram Tıp Yakını Medica 1 De Kiralık Eşyalı 1+1","Kiralık Daire","1 + 1","80 m²","11 Yaşında","Yüksek Giriş","Konya / Selçuklu / Hocacihan Mah.","WhatsApp","https://www.hepsiemlak.com/_nuxt/8cafc93fb5c74c75e9e04e528e02ccdf.jpg","",""
"https://www.hepsiemlak.com/konya-selcuklu-yazir-kiralik/daire/81846-2362","1 / 35","26.000","07/07/2026","Yazır Mah.Mta Tramvay Durağı Karşısı Site İçi Arakat Kiralık Daire","Kiralık Daire","3 + 0","145 m²","20 Yaşında","4. Kat","Konya / Selçuklu / Yazır Mah.","WhatsApp","https://www.hepsiemlak.com/_nuxt/8cafc93fb5c74c75e9e04e528e02ccdf.jpg","",""
"https://www.hepsiemlak.com/konya-selcuklu-malazgirt-kiralik/daire/57068-418","1 / 31","16.000","04/08/2026","Barış Caddesi Yakın Malazgirt Mahallesi 2+1 Sıfır Boyandı Kombili 2.Kat Kiralık Daire","Kiralık Daire","2 + 0","110 m²","33 Yaşında","2. Kat","Konya / Selçuklu / Malazgirt Mah.","WhatsApp","https://www.hepsiemlak.com/_nuxt/8cafc93fb5c74c75e9e04e528e02ccdf.jpg","",""
"https://www.hepsiemlak.com/konya-selcuklu-beyhekim-kiralik/daire/57222-319","1 / 12","14.500","05/08/2026","Loft Plus'da Cadde-Tramway Cephe 1+0 Ara Kat Eşyalı Daire","Kiralık Daire","Stüdyo","52 m²","11 Yaşında","1. Kat","Konya / Selçuklu / Beyhekim Mah.","WhatsApp","https://www.hepsiemlak.com/_nuxt/8cafc93fb5c74c75e9e04e528e02ccdf.jpg","https://www.hepsiemlak.com/_nuxt/8cafc93fb5c74c75e9e04e528e02ccdf.jpg","Ünlü İnşaat Emlak"
"https://www.hepsiemlak.com/konya-selcuklu-yazir-kiralik/daire/86980-1128","1 / 22","28.000","31/07/2026","Türmak Okulu Ve  Tranvay Durağı Karşısı Site İçi Arakat Geniş 3+1kiralık Daire","Kiralık Daire","3 + 1","165 m²","18 Yaşında","6. Kat","Konya / Selçuklu / Yazır Mah.","WhatsApp","https://www.hepsiemlak.com/_nuxt/8cafc93fb5c74c75e9e04e528e02ccdf.jpg","",""
"https://www.hepsiemlak.com/konya-selcuklu-seker-kiralik/daire/88447-122","1 / 15","10.000","13/08/2026","Kiralık 2+1 2. Kat Daire","Kiralık Daire","2 + 1","100 m²","40 Yaşında","Kot 2","Konya / Selçuklu / Şeker Mah.","WhatsApp","","",""
"https://www.hepsiemlak.com/konya-karatay-fetih-kiralik/daire/77846-806","1 / 35","30.000","07/08/2026","Eşyalı Kiralık Daire Fetih Kent Sitesi","Kiralık Daire","3 + 1","160 m²","16 Yaşında","6. Kat","Konya / Karatay / Fetih Mah.","WhatsApp","","",""
"https://www.hepsiemlak.com/konya-selcuklu-yazir-kiralik/daire/133419-248","1 / 20","19.000","11/06/2026","Yazır Mah.Maliye Tokilerinde Kiralık 2+1 Daire","Kiralık Daire","2 + 1","100 m²","6 Yaşında","5. Kat","Konya / Selçuklu / Yazır Mah.","WhatsApp","","",""
"https://www.hepsiemlak.com/konya-selcuklu-yazir-kiralik/daire/150590-1097","1 / 25","24.000","05/08/2026","Sefergyo İkonya Yanı, İlkokul Karşısı, Eşyalı 1+1 Kiralık Daire","Kiralık Daire","1 + 1","90 m²","21 Yaşında","Çatı Katı","Konya / Selçuklu / Yazır Mah.","WhatsApp","https://www.hepsiemlak.com/_nuxt/8cafc93fb5c74c75e9e04e528e02ccdf.jpg","https://www.hepsiemlak.com/_nuxt/8cafc93fb5c74c75e9e04e528e02ccdf.jpg","Sefer Gayrimenkul"
"https://www.hepsiemlak.com/konya-meram-aymanas-kiralik/daire/0-46293122","1 / 12","31.000","27/06/2026","Sahibinden Meram Aymanas’ Ta 3+1 Geniş, Ferah Kiralık Daire","Kiralık Daire","3 + 1","175 m²","12 Yaşında","Kot 2","Konya / Meram / Aymanas Mah.","WhatsApp","https://www.hepsiemlak.com/_nuxt/8cafc93fb5c74c75e9e04e528e02ccdf.jpg","",""
"https://www.hepsiemlak.com/konya-selcuklu-musalla-baglari-kiralik/daire/0-46183296","1 / 12","24.250","24/06/2026","3+1 Kiralık Daire","Kiralık Daire","3 + 1","180 m²","20 Yaşında","4. Kat","Konya / Selçuklu / Musalla Bağları Mah.","WhatsApp","https://www.hepsiemlak.com/_nuxt/8cafc93fb5c74c75e9e04e528e02ccdf.jpg","",""
"https://www.hepsiemlak.com/konya-karatay-fevzicakmak-kiralik/daire/0-33837327","1 / 12","34.500","29/06/2026","Otogaryanı 4+1 Tramvay'a Sıfır Siteiçi Yerdenısıtmaebeveynbanyolu","Kiralık Daire","4 + 1","230 m²","10 Yaşında","8. Kat","Konya / Karatay / Fevziçakmak Mah.","WhatsApp","https://www.hepsiemlak.com/_nuxt/8cafc93fb5c74c75e9e04e528e02ccdf.jpg","",""
"https://www.hepsiemlak.com/konya-meram-askan-kiralik/daire/60294-860","1 / 7","13.000","11/08/2026","Meram Devlet Hastanesi Civarı 1+1 Eşyalı Abonelikleri Açık Daire","Kiralık Daire","1 + 1","50 m²","15 Yaşında","Kot 1","Konya / Meram / Aşkan Mah.","WhatsApp","https://www.hepsiemlak.com/_nuxt/8cafc93fb5c74c75e9e04e528e02ccdf.jpg","",""
"https://www.hepsiemlak.com/konya-selcuklu-bosna-hersek-kiralik/daire/72388-456","1 / 17","18.000","01/08/2026","Bosna Hersek Mahallesi Kayalar Camii Civarı S.Üniv Karşısı Huzur Sitesi'nde Kiralık 3+1 Aile Dairesi","Kiralık Daire","3 + 1","120 m²","20 Yaşında","2. Kat","Konya / Selçuklu / Bosna Hersek Mah.","WhatsApp","https://www.hepsiemlak.com/_nuxt/8cafc93fb5c74c75e9e04e528e02ccdf.jpg","",""
"https://www.hepsiemlak.com/konya-selcuklu-beyhekim-kiralik/daire/57222-275","1 / 12","19.500","22/07/2026","Ünlü Studıo Loft'da Cadde Cephe 1+1 Eşyalı Dubleks Daire","Kiralık Daire","1 + 1","70 m²","15 Yaşında","2. Kat","Konya / Selçuklu / Beyhekim Mah.","WhatsApp","https://www.hepsiemlak.com/_nuxt/8cafc93fb5c74c75e9e04e528e02ccdf.jpg","https://www.hepsiemlak.com/_nuxt/8cafc93fb5c74c75e9e04e528e02ccdf.jpg","Ünlü İnşaat Emlak"
"https://www.hepsiemlak.com/konya-karatay-gaziosmanpasa-kiralik/mustakil-ev/125076-358","1 / 40","80.000","10/08/2026","Kulebey! Harika Konumda, Geniş Bahçeli, Bakımlı Müstakil Ev !","Kiralık Müstakil Ev","4 + 1","255 m²","11 Yaşında","Bahçe Katı","Konya / Karatay / Gaziosmanpaşa Mah.","WhatsApp","https://www.hepsiemlak.com/_nuxt/8cafc93fb5c74c75e9e04e528e02ccdf.jpg","",""
"https://www.hepsiemlak.com/konya-selcuklu-kosova-kiralik/daire/59765-71","1 / 18","18.000","19/08/2026","Kentten Kiralık 1+1 Full Eşyalı İçi Yapılı Kombili Daire","Kiralık Daire","1 + 1","70 m²","6 Yaşında","Zemin","Konya / Selçuklu / Kosova Mah.","WhatsApp","https://www.hepsiemlak.com/_nuxt/8cafc93fb5c74c75e9e04e528e02ccdf.jpg","",""
"https://www.hepsiemlak.com/konya-selcuklu-bosna-hersek-kiralik/daire/145289-212","1 / 27","25.000","24/07/2026","Net Emlaktan Anayol Üstü Bakımlı Eşyalı Arakat Kiralık Daire","Kiralık Daire","3 + 1","125 m²","16 Yaşında","5. Kat","Konya / Selçuklu / Bosna Hersek Mah.","WhatsApp","https://www.hepsiemlak.com/_nuxt/8cafc93fb5c74c75e9e04e528e02ccdf.jpg","https://www.hepsiemlak.com/_nuxt/8cafc93fb5c74c75e9e04e528e02ccdf.jpg","Net Emlak Ofisi"
"https://www.hepsiemlak.com/konya-selcuklu-hacikaymak-kiralik/daire/133419-247","1 / 46","36.000","08/06/2026","Hacı Kaymak Mah .Kiralık 3+1 Daire","Kiralık Daire","3 + 1","215 m²","5 Yaşında","13. Kat","Konya / Selçuklu / Hacıkaymak Mah.","WhatsApp","https://www.hepsiemlak.com/_nuxt/8cafc93fb5c74c75e9e04e528e02ccdf.jpg","",""
"https://www.hepsiemlak.com/konya-selcuklu-ihsaniye-kiralik/daire/161271-4","1 / 19","21.500","28/07/2026","Zentral'den Zafer Meydanı Yeni Eşyalı 1+1 Fatura Dahil Kiralık Daire","Kiralık Daire","1 + 1","55 m²","31 Yaşında","2. Kat","Konya / Selçuklu / İhsaniye Mah.","WhatsApp","https://www.hepsiemlak.com/_nuxt/8cafc93fb5c74c75e9e04e528e02ccdf.jpg","",""
"https://www.hepsiemlak.com/konya-karatay-semsitebrizi-kiralik/daire/80133-376","1 / 12","18.000","12/08/2026","Nurka'dan Şems Tebrizide Kiralık Daire","Kiralık Daire","3 + 1","120 m²","26 Yaşında","Giriş Katı","Konya / Karatay / Şemsitebrizi Mah.","WhatsApp","https://www.hepsiemlak.com/_nuxt/8cafc93fb5c74c75e9e04e528e02ccdf.jpg","",""
"https://www.hepsiemlak.com/konya-selcuklu-isiklar-kiralik/daire/165560-14","1 / 10","18.000","21/07/2026","Yeğenoğlu Caddesin De 3+1","Kiralık Daire","3 + 1","145 m²","20 Yaşında","3. Kat","Konya / Selçuklu / Işıklar Mah.","WhatsApp","https://www.hepsiemlak.com/_nuxt/8cafc93fb5c74c75e9e04e528e02ccdf.jpg","",""
"https://www.hepsiemlak.com/konya-selcuklu-ihsaniye-kiralik/daire/34922-1567","1 / 22","16.000","16/06/2026","Medi Gayrimenkul Zafer Tranvay Durağında Kiralık Dubleks Daire","Kiralık Daire","4 + 1","120 m²","15 Yaşında","3. Kat","Konya / Selçuklu / İhsaniye Mah.","WhatsApp","https://www.hepsiemlak.com/_nuxt/8cafc93fb5c74c75e9e04e528e02ccdf.jpg","",""
"https://www.hepsiemlak.com/konya-meram-sahibiata-kiralik/daire/0-47111901","1 / 9","20.000","13/08/2026","Kiralı 2+1 Kombili Daire","Kiralık Daire","3 + 1","110 m²","30 Yaşında","Ara Kat","Konya / Meram / Sahibiata Mah.","WhatsApp","https://www.hepsiemlak.com/_nuxt/8cafc93fb5c74c75e9e04e528e02ccdf.jpg","",""
"https://www.hepsiemlak.com/konya-selcuklu-kosova-kiralik/daire/57222-294","1 / 10","15.000","01/08/2026","Ünlü Loft Real'de Cadde Cephe 1+0 Ara Kat Eşyalı Daire","Kiralık Daire","Stüdyo","52 m²","6 Yaşında","2. Kat","Konya / Selçuklu / Kosova Mah.","WhatsApp","https://www.hepsiemlak.com/_nuxt/8cafc93fb5c74c75e9e04e528e02ccdf.jpg","https://www.hepsiemlak.com/_nuxt/8cafc93fb5c74c75e9e04e528e02ccdf.jpg","Ünlü İnşaat Emlak"
"https://www.hepsiemlak.com/konya-selcuklu-bosna-hersek-kiralik/daire/145289-209","1 / 38","22.000","15/06/2026","Net Emlaktan Üniversiteye Yürüme Mesafesinde 3+1 Kiralık Daire","Kiralık Daire","3 + 1","130 m²","21 Yaşında","3. Kat","Konya / Selçuklu / Bosna Hersek Mah.","WhatsApp","https://www.hepsiemlak.com/_nuxt/8cafc93fb5c74c75e9e04e528e02ccdf.jpg","https://www.hepsiemlak.com/_nuxt/8cafc93fb5c74c75e9e04e528e02ccdf.jpg","Net Emlak Ofisi"
"https://www.hepsiemlak.com/konya-meram-atesbaz-i-veli-kiralik/mustakil-ev/111386-63","1 / 34","63.000","27/07/2026","Sahi'den Meram Ateşbaz-I Veli Mah.De Kiralık 5+1 Dublex Villa...","Kiralık Müstakil Ev","5 + 1","460 m²","16 Yaşında","Bahçe Katı","Konya / Meram / Ateşbaz-I Veli Mah.","WhatsApp","https://www.hepsiemlak.com/_nuxt/8cafc93fb5c74c75e9e04e528e02ccdf.jpg","",""
"https://www.hepsiemlak.com/konya-meram-meliksah-kiralik/daire/90958-208","1 / 34","24.000","06/07/2026","Emlak81den Konya Meram Melikşahda 3+1 Merkezi Kalorifer Ve Asansörlü","Kiralık Daire","3 + 1","170 m²","20 Yaşında","5. Kat","Konya / Meram / Melikşah Mah.","WhatsApp","https://www.hepsiemlak.com/_nuxt/8cafc93fb5c74c75e9e04e528e02ccdf.jpg","",""
"https://www.hepsiemlak.com/konya-meram-havzan-kiralik/daire/5115-4159","1 / 25","28.000","20/07/2026","Konya’nın En Prestijli Noktası Meram Yeniyol’da Kiralık Fırsat Daire...","Kiralık Daire","3 + 1","140 m²","27 Yaşında","1. Kat","Konya / Meram / Havzan Mah.","WhatsApp","https://www.hepsiemlak.com/_nuxt/8cafc93fb5c74c75e9e04e528e02ccdf.jpg","",""
"https://www.hepsiemlak.com/konya-meram-askan-kiralik/daire/90958-173","1 / 20","22.000","03/08/2026","Emlak81den Konya Meram Aşkanda 1+0 Stüdyo Daire","Kiralık Daire","Stüdyo","50 m²","8 Yaşında","1. Kat","Konya / Meram / Aşkan Mah.","WhatsApp","","",""
"https://www.hepsiemlak.com/konya-selcuklu-aydinlikevler-kiralik/daire/57750-93","1 / 19","15.000","05/08/2026","Kentplaza Avm Arkasında Kiralık 3+1 Daire","Kiralık Daire","3 + 1","100 m²","26 Yaşında","5. Kat","Konya / Selçuklu / Aydınlıkevler Mah.","WhatsApp","","",""
"https://www.hepsiemlak.com/konya-selcuklu-beyhekim-kiralik/daire/89673-1854","1 / 35","50.000","06/06/2026","Gökdeniz'den Doğaşehir Plus'ta 4+1 Ara Kat Kiralık Daire","Kiralık Daire","4 + 1","202 m²","6 Yaşında","9. Kat","Konya / Selçuklu / Beyhekim Mah.","WhatsApp","https://hecdnnw.hemlak.com/mncropresize/77/67/logo/3/7/6/9/8/0/1e516810-fe53-412e-9f78-cf59ef671e06.jpg","","Gökdeniz Gayrimenkul"
"https://www.hepsiemlak.com/konya-meram-alavardi-kiralik/daire/0-46967878","1 / 33","32.500","19/07/2026","Sahibinden Yaka Pide Arkasında Eşyalı 2+1","Kiralık Daire","2 + 1","120 m²","10 Yaşında","1. Kat","Konya / Meram / Alavardı Mah.","WhatsApp","https://www.hepsiemlak.com/_nuxt/8cafc93fb5c74c75e9e04e528e02ccdf.jpg","",""
"https://www.hepsiemlak.com/konya-selcuklu-kosova-kiralik/daire/136177-90","1 / 17","22.000","17/07/2026","Japon Parkı Yanı Kiralık Ara Kat","Kiralık Daire","3 + 1","165 m²","18 Yaşında","3. Kat","Konya / Selçuklu / Kosova Mah.","WhatsApp","https://www.hepsiemlak.com/_nuxt/8cafc93fb5c74c75e9e04e528e02ccdf.jpg","",""
"https://www.hepsiemlak.com/konya-selcuklu-kosova-kiralik/daire/166204-37","1 / 19","21.000","05/08/2026","Ermora Dan Farabi Hastanesine Yakın Kosova Da Uygun 3+1 Daire","Kiralık Daire","3 + 1","140 m²","21 Yaşında","3. Kat","Konya / Selçuklu / Kosova Mah.","WhatsApp","https://www.hepsiemlak.com/_nuxt/8cafc93fb5c74c75e9e04e528e02ccdf.jpg","https://www.hepsiemlak.com/_nuxt/8cafc93fb5c74c75e9e04e528e02ccdf.jpg","Ermora Group"
"https://www.hepsiemlak.com/konya-selcuklu-bedir-kiralik/daire/0-46713565","1 / 27","26.000","07/06/2026","Bakımlı Merkezi Konumlu Ev","Kiralık Daire","3 + 1","135 m²","25 Yaşında","En Üst Kat","Konya / Selçuklu / Bedir Mah.","WhatsApp","https://www.hepsiemlak.com/_nuxt/8cafc93fb5c74c75e9e04e528e02ccdf.jpg","",""
"https://www.hepsiemlak.com/konya-meram-meliksah-kiralik/daire/136295-105","1 / 19","25.000","05/07/2026","Meram Da Süper Kiralık Daire","Kiralık Daire","4 + 1","230 m²","25 Yaşında","2. Kat","Konya / Meram / Melikşah Mah.","WhatsApp","https://www.hepsiemlak.com/_nuxt/8cafc93fb5c74c75e9e04e528e02ccdf.jpg","",""
"https://www.hepsiemlak.com/konya-meram-askan-kiralik/daire/83501-42","1 / 14","17.000","23/07/2026","Meram Aşkan Mh. Eşyalı Kiralık 1+0 Bahçeli Daire","Kiralık Daire","Stüdyo","100 m²","16 Yaşında","Yüksek Giriş","Konya / Meram / Aşkan Mah.","WhatsApp","https://www.hepsiemlak.com/_nuxt/8cafc93fb5c74c75e9e04e528e02ccdf.jpg","",""
"https://www.hepsiemlak.com/konya-selcuklu-binkonutlar-kiralik/daire/0-47067261","1 / 1","14.000","04/08/2026","Binkonutlar'da Sahibinden Kombili 2+1","Kiralık Daire","2 + 1","90 m²","35 Yaşında","Ara Kat","Konya / Selçuklu / Binkonutlar Mah.","WhatsApp","https://www.hepsiemlak.com/_nuxt/8cafc93fb5c74c75e9e04e528e02ccdf.jpg","",""
"https://www.hepsiemlak.com/konya-meram-havzan-kiralik/daire/150590-1132","1 / 35","120.000","08/08/2026","Sefergyo Dan Komüt Evlerinde 5+1 Lüks Kiralık Daire","Kiralık Daire","5 + 1","220 m²","Sıfır Bina","5. Kat","Konya / Meram / Havzan Mah.","WhatsApp","https://www.hepsiemlak.com/_nuxt/8cafc93fb5c74c75e9e04e528e02ccdf.jpg","https://www.hepsiemlak.com/_nuxt/8cafc93fb5c74c75e9e04e528e02ccdf.jpg","Sefer Gayrimenkul"
"https://www.hepsiemlak.com/konya-selcuklu-bosna-hersek-kiralik/daire/158321-82","1 / 15","32.000","16/07/2026","Bakyapı Prestij Parkta 3+1 Eşyalı Kiralık Daire","Kiralık Daire","3 + 1","120 m²","6 Yaşında","2. Kat","Konya / Selçuklu / Bosna Hersek Mah.","WhatsApp","https://www.hepsiemlak.com/_nuxt/8cafc93fb5c74c75e9e04e528e02ccdf.jpg","",""
"https://www.hepsiemlak.com/konya-selcuklu-yazir-kiralik/daire/89673-1850","1 / 35","52.000","27/07/2026","Gökdeniz'den Altın Yaşam'da Site İçerisinde Sıfır Kiralık Daire","Kiralık Daire","4 + 1","199 m²","Sıfır Bina","6. Kat","Konya / Selçuklu / Yazır Mah.","WhatsApp","https://www.hepsiemlak.com/_nuxt/8cafc93fb5c74c75e9e04e528e02ccdf.jpg","https://www.hepsiemlak.com/_nuxt/8cafc93fb5c74c75e9e04e528e02ccdf.jpg","Gökdeniz Gayrimenkul"
"https://www.hepsiemlak.com/konya-selcuklu-beyhekim-kiralik/daire/57222-279","1 / 17","25.000","22/07/2026","Loft Style Sitesi 7/24 Güvenlik 2+1 Eşyasız Kiralık Daire","Kiralık Daire","2 + 1","110 m²","7 Yaşında","Ara Kat","Konya / Selçuklu / Beyhekim Mah.","WhatsApp","https://www.hepsiemlak.com/_nuxt/8cafc93fb5c74c75e9e04e528e02ccdf.jpg","https://www.hepsiemlak.com/_nuxt/8cafc93fb5c74c75e9e04e528e02ccdf.jpg","Ünlü İnşaat Emlak"
"https://www.hepsiemlak.com/konya-selcuklu-yazir-kiralik/daire/140769-97","1 / 34","52.000","19/08/2026","Abdullah Soylu'dan Mavisu Konaklarında Kiralık 5+1 Dubleks Daire","Kiralık Daire","5 + 1","250 m²","6 Yaşında","6. Kat","Konya / Selçuklu / Yazır Mah.","WhatsApp","https://www.hepsiemlak.com/_nuxt/8cafc93fb5c74c75e9e04e528e02ccdf.jpg","",""
"https://www.hepsiemlak.com/konya-selcuklu-selahaddin-eyyubi-kiralik/daire/165099-62","1 / 27","19.000","15/08/2026","Konya Beşyüz Evlerde Kiralık 3+1 Daire","Kiralık Daire","3 + 1","130 m²","26 Yaşında","Yüksek Giriş","Konya / Selçuklu / Selahaddin Eyyubi Mah.","WhatsApp","https://www.hepsiemlak.com/_nuxt/8cafc93fb5c74c75e9e04e528e02ccdf.jpg","",""
"https://www.hepsiemlak.com/konya-selcuklu-selahaddin-eyyubi-kiralik/daire/150590-1125","1 / 17","26.000","08/08/2026","Sefergyo S.Eyyübi De 2+1 Kiralık Sıfır Lüx Daire","Kiralık Daire","2 + 1","100 m²","Sıfır Bina","2. Kat","Konya / Selçuklu / Selahaddin Eyyubi Mah.","WhatsApp","https://www.hepsiemlak.com/_nuxt/8cafc93fb5c74c75e9e04e528e02ccdf.jpg","https://www.hepsiemlak.com/_nuxt/8cafc93fb5c74c75e9e04e528e02ccdf.jpg","Sefer Gayrimenkul"
"https://www.hepsiemlak.com/konya-karatay-erler-kiralik/mustakil-ev/135595-660","1 / 6","33.000","23/07/2026","Cengizler’den Saraçoğnda Kiralık Çiftlik","Kiralık Müstakil Ev","3 + 1","150 m²","20 Yaşında","","Konya / Karatay / Erler Mah.","WhatsApp","https://www.hepsiemlak.com/_nuxt/8cafc93fb5c74c75e9e04e528e02ccdf.jpg","https://www.hepsiemlak.com/_nuxt/8cafc93fb5c74c75e9e04e528e02ccdf.jpg","Cengizler Gayrimenkul"
"https://www.hepsiemlak.com/konya-selcuklu-kosova-kiralik/daire/136177-89","1 / 13","25.000","02/07/2026","Farabi Has Yanında Kiralık Daire","Kiralık Daire","3 + 1","165 m²","18 Yaşında","Yüksek Giriş","Konya / Selçuklu / Kosova Mah.","WhatsApp","https://www.hepsiemlak.com/_nuxt/8cafc93fb5c74c75e9e04e528e02ccdf.jpg","",""
"https://www.hepsiemlak.com/konya-karatay-akabe-kiralik/daire/0-46925927","1 / 11","35.500","16/07/2026","Karatay Üniversitesine Ve Adliyeye Ve Şehir Hastanesine Yakın Eşyalı 3+1 Daire Sahibinden Kiralık","Kiralık Daire","3 + 1","155 m²","13 Yaşında","4. Kat","Konya / Karatay / Akabe Mah.","WhatsApp","https://www.hepsiemlak.com/_nuxt/8cafc93fb5c74c75e9e04e528e02ccdf.jpg","",""
"https://www.hepsiemlak.com/konya-selcuklu-akademi-kiralik/daire/129814-287","1 / 1","18.775","03/08/2026","Hisar Dan 1.Etap Okulların Yanında Yeri Mükembel Konya Manzaralı","Kiralık Daire","2 + 1","90 m²","4 Yaşında","4. Kat","Konya / Selçuklu / Akademi Mah.","WhatsApp","https://www.hepsiemlak.com/_nuxt/8cafc93fb5c74c75e9e04e528e02ccdf.jpg","",""
"https://www.hepsiemlak.com/konya-selcuklu-yazir-kiralik/daire/164966-97","1 / 5","21.000","13/08/2026","Tema Dan Yazır'da 1+1 Eşyasız Stüdyo","Kiralık Daire","1 + 1","60 m²","6 Yaşında","2. Kat","Konya / Selçuklu / Yazır Mah.","WhatsApp","https://www.hepsiemlak.com/_nuxt/8cafc93fb5c74c75e9e04e528e02ccdf.jpg","",""
"https://www.hepsiemlak.com/konya-selcuklu-kosova-kiralik/daire/57222-282","1 / 13","25.000","23/07/2026","Loft Sitesi İstanbul Yolunda Cad. Cephe 1+1 Eşyalı Daire","Kiralık Daire","1 + 1","70 m²","6 Yaşında","1. Kat","Konya / Selçuklu / Kosova Mah.","WhatsApp","https://www.hepsiemlak.com/_nuxt/8cafc93fb5c74c75e9e04e528e02ccdf.jpg","https://www.hepsiemlak.com/_nuxt/8cafc93fb5c74c75e9e04e528e02ccdf.jpg","Ünlü İnşaat Emlak"
"https://www.hepsiemlak.com/konya-meram-sahibiata-kiralik/daire/133419-254","1 / 22","15.000","24/06/2026","Sahibata Mah.3+1 Kiralık Daire Bireysel Kombili","Kiralık Daire","3 + 1","120 m²","26 Yaşında","3. Kat","Konya / Meram / Sahibiata Mah.","WhatsApp","https://www.hepsiemlak.com/_nuxt/8cafc93fb5c74c75e9e04e528e02ccdf.jpg","",""
"https://www.hepsiemlak.com/konya-selcuklu-seyh-samil-kiralik/daire/96594-5325","1 / 20","38.000","20/07/2026","Şeyh Şamil Mah. Elitkent Sitesi 12.Kat ''boş'' Kiralık 4+1","Kiralık Daire","4 + 1","190 m²","16 Yaşında","12. Kat","Konya / Selçuklu / Şeyh Şamil Mah.","WhatsApp","","",""
"https://www.hepsiemlak.com/konya-meram-sahibiata-kiralik/daire/133419-253","1 / 20","15.000","24/06/2026","Sahibata Mah.3+1 Kiralık Daire","Kiralık Daire","3 + 1","120 m²","30 Yaşında","3. Kat","Konya / Meram / Sahibiata Mah.","WhatsApp","","",""
"https://www.hepsiemlak.com/konya-selcuklu-bosna-hersek-kiralik/daire/145289-177","1 / 43","23.000","30/06/2026","Net Emlaktan Üniversite Karşısında 3+1 Eşyalı Daire","Kiralık Daire","3 + 1","125 m²","16 Yaşında","Yüksek Giriş","Konya / Selçuklu / Bosna Hersek Mah.","WhatsApp","https://hecdnnw.hemlak.com/mncropresize/77/67/logo/9/8/2/5/4/1/e78c8c9f-14de-4e64-bd00-14581e61c74b.jpg","","Net Emlak Ofisi"
"https://www.hepsiemlak.com/konya-selcuklu-ihsaniye-kiralik/daire/60956-1654","1 / 21","17.500","07/08/2026","Konex'ten Zafer Kültür Park Cephe Kiralık 1+1 Daire","Kiralık Daire","1 + 1","65 m²","15 Yaşında","3. Kat","Konya / Selçuklu / İhsaniye Mah.","WhatsApp","https://www.hepsiemlak.com/_nuxt/8cafc93fb5c74c75e9e04e528e02ccdf.jpg","",""
"https://www.hepsiemlak.com/konya-selcuklu-feritpasa-kiralik/daire/0-45715965","1 / 7","28.000","13/07/2026","Kerkük Caddesinde Kiralık Daire","Kiralık Daire","3 + 1","180 m²","20 Yaşında","3. Kat","Konya / Selçuklu / Feritpaşa Mah.","WhatsApp","https://www.hepsiemlak.com/_nuxt/8cafc93fb5c74c75e9e04e528e02ccdf.jpg","",""
"https://www.hepsiemlak.com/konya-meram-bahcesehir-kiralik/daire/133419-251","1 / 23","24.000","19/07/2026","Bahçeşehir Mah 3+1 1.Kat Kiralık Daireler","Kiralık Daire","3 + 1","125 m²","Sıfır Bina","2. Kat","Konya / Meram / Bahçeşehir Mah.","WhatsApp","https://www.hepsiemlak.com/_nuxt/8cafc93fb5c74c75e9e04e528e02ccdf.jpg","",""
"https://www.hepsiemlak.com/konya-meram-alavardi-kiralik/daire/138293-508","1 / 16","21.000","11/07/2026","Meram Alavardı Mahallesinde Kiralık 3+1 Daire","Kiralık Daire","3 + 1","130 m²","21 Yaşında","1. Kat","Konya / Meram / Alavardı Mah.","WhatsApp","https://www.hepsiemlak.com/_nuxt/8cafc93fb5c74c75e9e04e528e02ccdf.jpg","",""
"https://www.hepsiemlak.com/konya-selcuklu-yazir-kiralik/daire/57222-223","1 / 30","31.500","19/08/2026","Yazır Mah. Loft Prime 2+1 Sıfır Tripleks Eşyasız Kiralık Daire","Kiralık Daire","2 + 1","135 m²","1 Yaşında","Giriş Katı","Konya / Selçuklu / Yazır Mah.","WhatsApp","https://www.hepsiemlak.com/_nuxt/8cafc93fb5c74c75e9e04e528e02ccdf.jpg","https://www.hepsiemlak.com/_nuxt/8cafc93fb5c74c75e9e04e528e02ccdf.jpg","Ünlü İnşaat Emlak"
"https://www.hepsiemlak.com/konya-selcuklu-beyhekim-kiralik/daire/90958-47","1 / 29","30.000","17/08/2026","Emlak81den Konya Tramvay Durağına Yakın Eşyalı Stüdyo Daire","Kiralık Daire","2 + 1","100 m²","5 Yaşında","3. Kat","Konya / Selçuklu / Beyhekim Mah.","WhatsApp","https://www.hepsiemlak.com/_nuxt/8cafc93fb5c74c75e9e04e528e02ccdf.jpg","",""
"https://www.hepsiemlak.com/konya-meram-kovanagzi-kiralik/daire/57222-227","1 / 2","75.000","07/08/2026","Aşiyan Konutları 5+1 Ara Kat Kiralık Daire","Kiralık Daire","5 + 1","230 m²","Sıfır Bina","5. Kat","Konya / Meram / Kovanağzı Mah.","WhatsApp","https://www.hepsiemlak.com/_nuxt/8cafc93fb5c74c75e9e04e528e02ccdf.jpg","https://www.hepsiemlak.com/_nuxt/8cafc93fb5c74c75e9e04e528e02ccdf.jpg","Ünlü İnşaat Emlak"
"https://www.hepsiemlak.com/konya-selcuklu-buhara-kiralik/daire/150590-1140","1 / 35","29.500","19/08/2026","Sefergyo Buhara Mahallesinde 4+1 Kiralık Daire","Kiralık Daire","4 + 1","190 m²","21 Yaşında","2. Kat","Konya / Selçuklu / Buhara Mah.","WhatsApp","https://www.hepsiemlak.com/_nuxt/8cafc93fb5c74c75e9e04e528e02ccdf.jpg","https://www.hepsiemlak.com/_nuxt/8cafc93fb5c74c75e9e04e528e02ccdf.jpg","Sefer Gayrimenkul"
"https://www.hepsiemlak.com/konya-meram-godene-kiralik/daire/126348-57","1 / 14","8.000","20/07/2026","Gödene Toki De 1+1 Ara Kat Güney Cephe Kiralık Daire","Kiralık Daire","1 + 1","80 m²","7 Yaşında","3. Kat","Konya / Meram / Gödene Mah.","WhatsApp","https://www.hepsiemlak.com/_nuxt/8cafc93fb5c74c75e9e04e528e02ccdf.jpg","",""
"https://www.hepsiemlak.com/konya-selcuklu-akademi-kiralik/daire/150590-1127","1 / 17","20.000","08/08/2026","Sefergyo' Dan Ardıçlı Tokide 3+1 Kiralık Daire","Kiralık Daire","3 + 1","125 m²","3 Yaşında","4. Kat","Konya / Selçuklu / Akademi Mah.","WhatsApp","https://www.hepsiemlak.com/_nuxt/8cafc93fb5c74c75e9e04e528e02ccdf.jpg","https://www.hepsiemlak.com/_nuxt/8cafc93fb5c74c75e9e04e528e02ccdf.jpg","Sefer Gayrimenkul"
"https://www.hepsiemlak.com/konya-selcuklu-buhara-kiralik/daire/150590-1111","1 / 35","32.000","06/08/2026","Sefergyo Buhara Mahallesinde 4+1 Kiralık Daire","Kiralık Daire","4 + 1","190 m²","21 Yaşında","2. Kat","Konya / Selçuklu / Buhara Mah.","WhatsApp","https://www.hepsiemlak.com/_nuxt/8cafc93fb5c74c75e9e04e528e02ccdf.jpg","https://www.hepsiemlak.com/_nuxt/8cafc93fb5c74c75e9e04e528e02ccdf.jpg","Sefer Gayrimenkul"
"https://www.hepsiemlak.com/konya-selcuklu-feritpasa-kiralik/daire/81030-507","1 / 29","26.000","18/06/2026","Feritpaşa Mahallesi Kerkük Caddesinde 4+1 Ara Kat Kiralık Daire","Kiralık Daire","4 + 1","200 m²","25 Yaşında","5. Kat","Konya / Selçuklu / Feritpaşa Mah.","WhatsApp","https://www.hepsiemlak.com/_nuxt/8cafc93fb5c74c75e9e04e528e02ccdf.jpg","",""
"https://www.hepsiemlak.com/konya-selcuklu-beyhekim-kiralik/daire/57222-256","1 / 18","26.000","18/07/2026","Loft Style Sitesi 7/24 Güvenlik 2+1 Ara Kat Eşyalı Daire","Kiralık Daire","2 + 1","110 m²","6 Yaşında","1. Kat","Konya / Selçuklu / Beyhekim Mah.","WhatsApp","https://www.hepsiemlak.com/_nuxt/8cafc93fb5c74c75e9e04e528e02ccdf.jpg","https://www.hepsiemlak.com/_nuxt/8cafc93fb5c74c75e9e04e528e02ccdf.jpg","Ünlü İnşaat Emlak"
"https://www.hepsiemlak.com/konya-selcuklu-binkonutlar-kiralik/daire/89673-1867","1 / 28","19.000","06/06/2026","Gökdeniz'den Tramvay Hattına Yakın L Tip Salonlu 2+1 Kiralık","Kiralık Daire","2 + 1","102 m²","31 Yaşında","1. Kat","Konya / Selçuklu / Binkonutlar Mah.","WhatsApp","https://www.hepsiemlak.com/_nuxt/8cafc93fb5c74c75e9e04e528e02ccdf.jpg","https://www.hepsiemlak.com/_nuxt/8cafc93fb5c74c75e9e04e528e02ccdf.jpg","Gökdeniz Gayrimenkul"
"https://www.hepsiemlak.com/konya-selcuklu-seker-kiralik/daire/0-46216834","1 / 10","42.000","05/08/2026","Sahibinden -Kiralık 4 + 1 Daire, Demiryolu Caddesinde","Kiralık Daire","4 + 1","210 m²","12 Yaşında","8. Kat","Konya / Selçuklu / Şeker Mah.","WhatsApp","https://www.hepsiemlak.com/_nuxt/8cafc93fb5c74c75e9e04e528e02ccdf.jpg","",""
"https://www.hepsiemlak.com/konya-meram-godene-kiralik/daire/150590-1052","1 / 33","10.000","28/07/2026","Sefergyo Gödene Tokide 1+1 Uygun Fiyat By-8 Blokta!","Kiralık Daire","1 + 1","90 m²","11 Yaşında","4. Kat","Konya / Meram / Gödene Mah.","WhatsApp","https://www.hepsiemlak.com/_nuxt/8cafc93fb5c74c75e9e04e528e02ccdf.jpg","https://www.hepsiemlak.com/_nuxt/8cafc93fb5c74c75e9e04e528e02ccdf.jpg","Sefer Gayrimenkul"
"https://www.hepsiemlak.com/konya-selcuklu-beyhekim-kiralik/daire/57222-252","1 / 16","14.500","18/07/2026","Loft Plus'da Cadde-Tramway Cephe 1+0 Ara Kat Eşyalı Daire","Kiralık Daire","Stüdyo","52 m²","11 Yaşında","1. Kat","Konya / Selçuklu / Beyhekim Mah.","WhatsApp","https://www.hepsiemlak.com/_nuxt/8cafc93fb5c74c75e9e04e528e02ccdf.jpg","https://www.hepsiemlak.com/_nuxt/8cafc93fb5c74c75e9e04e528e02ccdf.jpg","Ünlü İnşaat Emlak"
"https://www.hepsiemlak.com/konya-selcuklu-yazir-kiralik/daire/150590-1048","1 / 35","24.000","28/07/2026","Sefergyo İkonya Tramvay Yanı Arakat Full Eşyalı 2+1 Kiralık!","Kiralık Daire","2 + 1","120 m²","11 Yaşında","1. Kat","Konya / Selçuklu / Yazır Mah.","WhatsApp","https://www.hepsiemlak.com/_nuxt/8cafc93fb5c74c75e9e04e528e02ccdf.jpg","https://www.hepsiemlak.com/_nuxt/8cafc93fb5c74c75e9e04e528e02ccdf.jpg","Sefer Gayrimenkul"
"https://www.hepsiemlak.com/konya-meram-havzan-kiralik/daire/60294-798","1 / 28","16.000","21/07/2026","Havzan Mahallesinde Eşyalı Abonelikleri Açık 1+1 Daire ...(havzan  1 )","Kiralık Daire","1 + 1","50 m²","40 Yaşında","Yüksek Giriş","Konya / Meram / Havzan Mah.","WhatsApp","https://www.hepsiemlak.com/_nuxt/8cafc93fb5c74c75e9e04e528e02ccdf.jpg","",""
"https://www.hepsiemlak.com/konya-selcuklu-beyhekim-kiralik/daire/57222-251","1 / 15","20.000","18/07/2026","Loft Plus'da Cadde-Tramway Cephe 1+1 Ters Dubleks Eşyalı Daire","Kiralık Daire","1 + 1","70 m²","11 Yaşında","1. Kat","Konya / Selçuklu / Beyhekim Mah.","WhatsApp","https://www.hepsiemlak.com/_nuxt/8cafc93fb5c74c75e9e04e528e02ccdf.jpg","https://www.hepsiemlak.com/_nuxt/8cafc93fb5c74c75e9e04e528e02ccdf.jpg","Ünlü İnşaat Emlak"
"https://www.hepsiemlak.com/konya-meram-pirebi-kiralik/daire/5115-4145","1 / 18","19.000","06/07/2026","Turyap' Tan Pirebi Mahalleside 2+1 Salon Geniş Daire","Kiralık Daire","2 + 1","130 m²","30 Yaşında","1. Kat","Konya / Meram / Pirebi Mah.","WhatsApp","https://www.hepsiemlak.com/_nuxt/8cafc93fb5c74c75e9e04e528e02ccdf.jpg","",""
"https://www.hepsiemlak.com/konya-meram-bahcesehir-kiralik/daire/133419-252","1 / 37","23.000","19/07/2026","Sıfır Kiralık Daireler Bahçeşehir Mah 2+1 Kiralık Daireler","Kiralık Daire","2 + 1","95 m²","Sıfır Bina","2. Kat","Konya / Meram / Bahçeşehir Mah.","WhatsApp","","",""
"https://www.hepsiemlak.com/konya-selcuklu-beyhekim-kiralik/daire/57222-267","1 / 14","16.500","18/07/2026","Elvan Gayrimenkul'den Tramvay Yolu Üzerin'de 1+1 Kiralık Daire","Kiralık Daire","1 + 1","75 m²","10 Yaşında","3. Kat","Konya / Selçuklu / Beyhekim Mah.","WhatsApp","https://hecdnnw.hemlak.com/mncropresize/77/67/logo/2/2/2/7/5/0/9aa0a77f-07ee-4e5e-967a-8e8a895f2821.jpg","","Ünlü İnşaat Emlak"
"https://www.hepsiemlak.com/konya-selcuklu-selahaddin-eyyubi-kiralik/daire/64652-537","1 / 13","18.000","18/06/2026","Selahaddin Eyyübi Mahallesinde Kiralık Daire","Kiralık Daire","3 + 1","165 m²","25 Yaşında","Zemin","Konya / Selçuklu / Selahaddin Eyyubi Mah.","WhatsApp","","",""
"https://www.hepsiemlak.com/konya-selcuklu-bosna-hersek-kiralik/daire/57222-248","1 / 14","19.000","18/07/2026","Bosna Hersek Mh.Loft Campus Sitesinde 1+1 Eşyasız Daire","Kiralık Daire","1 + 1","70 m²","11 Yaşında","5. Kat","Konya / Selçuklu / Bosna Hersek Mah.","WhatsApp","https://www.hepsiemlak.com/_nuxt/8cafc93fb5c74c75e9e04e528e02ccdf.jpg","https://www.hepsiemlak.com/_nuxt/8cafc93fb5c74c75e9e04e528e02ccdf.jpg","Ünlü İnşaat Emlak"
"https://www.hepsiemlak.com/konya-selcuklu-ihsaniye-kiralik/daire/60294-851","1 / 22","13.000","21/07/2026","Beyaz Emlak Borsası 'ından Lcw Arkası Kiralık 2+1 Eşyalı Abonelikleri Açık Daire","Kiralık Daire","2 + 1","50 m²","40 Yaşında","Yüksek Giriş","Konya / Selçuklu / İhsaniye Mah.","WhatsApp","https://www.hepsiemlak.com/_nuxt/8cafc93fb5c74c75e9e04e528e02ccdf.jpg","",""
"https://www.hepsiemlak.com/konya-selcuklu-bosna-hersek-kiralik/daire/57222-232","1 / 13","16.000","18/07/2026","Bosna Hersek Mh.Loft Campus Sitesi 1+1 Eşyasız Ara Kat Daire","Kiralık Daire","1 + 1","70 m²","11 Yaşında","2. Kat","Konya / Selçuklu / Bosna Hersek Mah.","WhatsApp","https://www.hepsiemlak.com/_nuxt/8cafc93fb5c74c75e9e04e528e02ccdf.jpg","https://www.hepsiemlak.com/_nuxt/8cafc93fb5c74c75e9e04e528e02ccdf.jpg","Ünlü İnşaat Emlak"
"https://www.hepsiemlak.com/konya-meram-durunday-kiralik/villa/0-46762974","1 / 20","81.000","09/07/2026","Meramçaybahçelerine200mtmesafede Sinema Salonu Saunajakuzili Ultralüxtriplexvilla","Kiralık Villa","6 + 2","980 m²","8 Yaşında","","Konya / Meram / Durunday Mah.","WhatsApp","https://www.hepsiemlak.com/_nuxt/8cafc93fb5c74c75e9e04e528e02ccdf.jpg","",""
"https://www.hepsiemlak.com/konya-selcuklu-kosova-kiralik/daire/0-46679572","1 / 20","40.000","08/08/2026","Bakımlı Arakat","Kiralık Daire","3 + 1","150 m²","7 Yaşında","2. Kat","Konya / Selçuklu / Kosova Mah.","WhatsApp","https://www.hepsiemlak.com/_nuxt/8cafc93fb5c74c75e9e04e528e02ccdf.jpg","",""
"https://www.hepsiemlak.com/konya-selcuklu-sancak-kiralik/daire/165861-7","1 / 16","22.000","18/08/2026","Referans Gayrimenkul Den Sancak Ta 3+1 Kiralık Daire","Kiralık Daire","3 + 1","165 m²","11 Yaşında","3. Kat","Konya / Selçuklu / Sancak Mah.","WhatsApp","https://www.hepsiemlak.com/_nuxt/8cafc93fb5c74c75e9e04e528e02ccdf.jpg","",""
"https://www.hepsiemlak.com/konya-meram-sahibiata-kiralik/daire/60294-804","1 / 21","13.000","21/07/2026","Beyaz Emlaktan Zafer Civarı Eşyalı Abonelikleri Açık 1+1 Daire.....(10/2)","Kiralık Daire","1 + 1","50 m²","40 Yaşında","En Üst Kat","Konya / Meram / Sahibiata Mah.","WhatsApp","https://www.hepsiemlak.com/_nuxt/8cafc93fb5c74c75e9e04e528e02ccdf.jpg","",""
"https://www.hepsiemlak.com/konya-selcuklu-dumlupinar-kiralik/daire/167787-54","1 / 21","17.500","19/06/2026","Dumlupınar Mah.Teknik Lise Yanı 3+1 Arakat Kiralık Daire","Kiralık Daire","3 + 1","135 m²","21 Yaşında","2. Kat","Konya / Selçuklu / Dumlupınar Mah.","WhatsApp","https://www.hepsiemlak.com/_nuxt/8cafc93fb5c74c75e9e04e528e02ccdf.jpg","https://www.hepsiemlak.com/img/loadings/noImage55-55.png","Berşan Karagöz Gayrimenkul"
"https://www.hepsiemlak.com/konya-selcuklu-yazir-kiralik/daire/82432-75","1 / 39","29.000","27/07/2026","Ak-44m Den Otogar Karşısı 4+1 Ve Üç Cepheli Kiralık Daire","Kiralık Daire","4 + 1","185 m²","11 Yaşında","6. Kat","Konya / Selçuklu / Yazır Mah.","WhatsApp","https://www.hepsiemlak.com/_nuxt/8cafc93fb5c74c75e9e04e528e02ccdf.jpg","https://www.hepsiemlak.com/_nuxt/8cafc93fb5c74c75e9e04e528e02ccdf.jpg","Ak-44m Gayrimenkul Yatırım Danışmanlık"
"https://www.hepsiemlak.com/konya-selcuklu-beyhekim-kiralik/daire/57222-260","1 / 12","26.000","18/07/2026","Loft Style Sitesi 7/24 Güvenlik 2+1 Yüksek Giriş Eşyalı Daire","Kiralık Daire","2 + 1","110 m²","7 Yaşında","Yüksek Giriş","Konya / Selçuklu / Beyhekim Mah.","WhatsApp","https://www.hepsiemlak.com/_nuxt/8cafc93fb5c74c75e9e04e528e02ccdf.jpg","https://www.hepsiemlak.com/_nuxt/8cafc93fb5c74c75e9e04e528e02ccdf.jpg","Ünlü İnşaat Emlak"
"https://www.hepsiemlak.com/konya-selcuklu-isiklar-kiralik/daire/0-46587163","1 / 13","14.000","18/08/2026","Kiralık Daire 1+1","Kiralık Daire","2 + 0","45 m²","25 Yaşında","Yüksek Giriş","Konya / Selçuklu / Işıklar Mah.","WhatsApp","https://www.hepsiemlak.com/_nuxt/8cafc93fb5c74c75e9e04e528e02ccdf.jpg","",""
"https://www.hepsiemlak.com/konya-meram-sahibiata-kiralik/daire/60294-836","1 / 20","13.000","21/07/2026","Zafer De Eşyalı Abonelikleri Açık 1+1 Daire (10/1)","Kiralık Daire","1 + 1","50 m²","40 Yaşında","En Üst Kat","Konya / Meram / Sahibiata Mah.","WhatsApp","https://www.hepsiemlak.com/_nuxt/8cafc93fb5c74c75e9e04e528e02ccdf.jpg","",""
"https://www.hepsiemlak.com/konya-selcuklu-kosova-kiralik/daire/57222-257","1 / 11","23.000","18/07/2026","Ünlü Loft Real'de Cadde Cephe 1+1 Eşyalı Daire Güvenlik+kapıcı","Kiralık Daire","1 + 1","70 m²","11 Yaşında","3. Kat","Konya / Selçuklu / Kosova Mah.","WhatsApp","https://www.hepsiemlak.com/_nuxt/8cafc93fb5c74c75e9e04e528e02ccdf.jpg","https://www.hepsiemlak.com/_nuxt/8cafc93fb5c74c75e9e04e528e02ccdf.jpg","Ünlü İnşaat Emlak"
"https://www.hepsiemlak.com/konya-selcuklu-ihsaniye-kiralik/daire/60956-1586","1 / 33","8.500","01/06/2026","Orduevi Karş Askeri Personele, Memur Erkek Çalışana Kiralık Oda","Kiralık Daire","1 + 1","20 m²","26 Yaşında","5. Kat","Konya / Selçuklu / İhsaniye Mah.","WhatsApp","https://www.hepsiemlak.com/_nuxt/8cafc93fb5c74c75e9e04e528e02ccdf.jpg","",""
"https://www.hepsiemlak.com/konya-meram-sahibiata-kiralik/daire/60294-847","1 / 17","13.000","13/08/2026","Beyaz Emlaktan Kiralık 1+1 Eşyalı Daire Zafer Civarı ( Atra 12 )","Kiralık Daire","1 + 1","50 m²","20 Yaşında","Ara Kat","Konya / Meram / Sahibiata Mah.","WhatsApp","https://www.hepsiemlak.com/_nuxt/8cafc93fb5c74c75e9e04e528e02ccdf.jpg","",""
"https://www.hepsiemlak.com/konya-selcuklu-beyhekim-kiralik/daire/57222-253","1 / 11","20.000","18/07/2026","Ünlü Studıo Loft'da Cadde Cephe 1+1 Eşyalı Kiralık Daire","Kiralık Daire","1 + 1","70 m²","11 Yaşında","1. Kat","Konya / Selçuklu / Beyhekim Mah.","WhatsApp","https://www.hepsiemlak.com/_nuxt/8cafc93fb5c74c75e9e04e528e02ccdf.jpg","https://www.hepsiemlak.com/_nuxt/8cafc93fb5c74c75e9e04e528e02ccdf.jpg","Ünlü İnşaat Emlak"
"https://www.hepsiemlak.com/konya-meram-konevi-kiralik/daire/60956-1649","1 / 32","22.000","17/06/2026","Konex'ten Meram Konevi Mah Orduevi Yanı Kiralık 2+1 Daire","Kiralık Daire","2 + 1","100 m²","24 Yaşında","5. Kat","Konya / Meram / Konevi Mah.","WhatsApp","https://www.hepsiemlak.com/_nuxt/8cafc93fb5c74c75e9e04e528e02ccdf.jpg","",""
"https://www.hepsiemlak.com/konya-meram-sahibiata-kiralik/daire/60294-734","1 / 17","13.000","22/07/2026","Beyaz Emlak Tan Kiralık 1+1 Daire....Eşyalı....Abonelikleri Açık Daire......(sakin 1)","Kiralık Daire","1 + 1","45 m²","40 Yaşında","Yüksek Giriş","Konya / Meram / Sahibiata Mah.","WhatsApp","https://www.hepsiemlak.com/_nuxt/8cafc93fb5c74c75e9e04e528e02ccdf.jpg","",""
"https://www.hepsiemlak.com/konya-selcuklu-beyhekim-kiralik/daire/57222-244","1 / 11","15.000","18/07/2026","Loft Plus'da Cadde-Tramway Cephe 1+0 Ara Kat Eşyalı Daire","Kiralık Daire","Stüdyo","52 m²","11 Yaşında","1. Kat","Konya / Selçuklu / Beyhekim Mah.","WhatsApp","https://www.hepsiemlak.com/_nuxt/8cafc93fb5c74c75e9e04e528e02ccdf.jpg","https://www.hepsiemlak.com/_nuxt/8cafc93fb5c74c75e9e04e528e02ccdf.jpg","Ünlü İnşaat Emlak"
"https://www.hepsiemlak.com/konya-selcuklu-bosna-hersek-kiralik/daire/158321-102","1 / 7","26.000","26/07/2026","Bakyapı Prestij Parkta 2+1 Eşyalı Daire","Kiralık Daire","2 + 1","80 m²","6 Yaşında","2. Kat","Konya / Selçuklu / Bosna Hersek Mah.","WhatsApp","https://www.hepsiemlak.com/_nuxt/8cafc93fb5c74c75e9e04e528e02ccdf.jpg","",""
"https://www.hepsiemlak.com/konya-selcuklu-bosna-hersek-kiralik/daire/164312-58","1 / 11","15.000","12/06/2026","Bosna Merkezde Kiralık 2+1","Kiralık Daire","2 + 1","120 m²","21 Yaşında","Yüksek Giriş","Konya / Selçuklu / Bosna Hersek Mah.","WhatsApp","https://www.hepsiemlak.com/_nuxt/8cafc93fb5c74c75e9e04e528e02ccdf.jpg","",""
"https://www.hepsiemlak.com/konya-selcuklu-kosova-kiralik/daire/126348-66","1 / 9","18.000","20/08/2026","Hill De 1+1 Eşyalı Kiralık Daire","Kiralık Daire","1 + 1","75 m²","8 Yaşında","Zemin","Konya / Selçuklu / Kosova Mah.","WhatsApp","","",""
"https://www.hepsiemlak.com/konya-selcuklu-kosova-kiralik/daire/57222-241","1 / 11","16.000","18/07/2026","Loft Sitesi İstanbul Yolunda Cad.Cephe 1+0 Ara Kat Eşyalı Daire","Kiralık Daire","Stüdyo","52 m²","11 Yaşında","2. Kat","Konya / Selçuklu / Kosova Mah.","WhatsApp","https://hecdnnw.hemlak.com/mncropresize/77/67/logo/2/2/2/7/5/0/9aa0a77f-07ee-4e5e-967a-8e8a895f2821.jpg","","Ünlü İnşaat Emlak"
"https://www.hepsiemlak.com/konya-selcuklu-ardicli-kiralik/daire/129814-268","1 / 11","18.500","26/07/2026","Ardıçlı Toki'de R Tipi Geniş Kiralık Daire","Kiralık Daire","2 + 1","90 m²","3 Yaşında","3. Kat","Konya / Selçuklu / Ardıçlı Mah.","WhatsApp","","",""
"https://www.hepsiemlak.com/konya-meram-sahibiata-kiralik/daire/60294-859","1 / 15","13.000","09/08/2026","Zafer Civarı Eşyalı 1+1 Daire ( 5 )","Kiralık Daire","1 + 1","50 m²","20 Yaşında","Ara Kat","Konya / Meram / Sahibiata Mah.","WhatsApp","https://www.hepsiemlak.com/_nuxt/8cafc93fb5c74c75e9e04e528e02ccdf.jpg","",""
"https://www.hepsiemlak.com/konya-meram-hatip-kiralik/daire/60956-1631","1 / 27","15.500","12/08/2026","Meram Hatıp Mah Beybes Tokide Memura Kiralık 2+1 Sıfır Daire","Kiralık Daire","2 + 0","90 m²","Sıfır Bina","3. Kat","Konya / Meram / Hatıp Mah.","WhatsApp","https://www.hepsiemlak.com/_nuxt/8cafc93fb5c74c75e9e04e528e02ccdf.jpg","",""
"https://www.hepsiemlak.com/konya-selcuklu-beyhekim-kiralik/daire/57222-237","1 / 10","14.500","18/07/2026","Loft Class'da Cadde-Tramway Cephe 1+0 Eşyalı Daire","Kiralık Daire","Stüdyo","52 m²","6 Yaşında","Zemin","Konya / Selçuklu / Beyhekim Mah.","WhatsApp","https://www.hepsiemlak.com/_nuxt/8cafc93fb5c74c75e9e04e528e02ccdf.jpg","https://www.hepsiemlak.com/_nuxt/8cafc93fb5c74c75e9e04e528e02ccdf.jpg","Ünlü İnşaat Emlak"
"https://www.hepsiemlak.com/konya-selcuklu-bosna-hersek-kiralik/daire/72388-295","1 / 28","20.000","18/08/2026","Bosna Hersek Mesaj Caddesine Sıfır Çelikkayalar Avm Karşısı Arakat B.Kombili Kiralık Daire","Kiralık Daire","2 + 1","120 m²","25 Yaşında","6. Kat","Konya / Selçuklu / Bosna Hersek Mah.","WhatsApp","https://www.hepsiemlak.com/_nuxt/8cafc93fb5c74c75e9e04e528e02ccdf.jpg","",""
"https://www.hepsiemlak.com/konya-meram-yaka-kiralik/daire/65040-125","1 / 13","18.000","04/07/2026","Sertuğ Emlak'tan Meram Tıp Fakültesi Yanı Kiralık Kombili Daire","Kiralık Daire","3 + 1","160 m²","20 Yaşında","Zemin","Konya / Meram / Yaka Mah.","WhatsApp","https://www.hepsiemlak.com/_nuxt/8cafc93fb5c74c75e9e04e528e02ccdf.jpg","",""
"https://www.hepsiemlak.com/konya-selcuklu-sille-ak-kiralik/daire/132269-176","1 / 8","23.000","19/06/2026","Sille Ak Mahallesi Kiralık 2+1 Daire Yüksek Giriş","Kiralık Daire","2 + 1","125 m²","11 Yaşında","Yüksek Giriş","Konya / Selçuklu / Sille Ak Mah.","WhatsApp","https://www.hepsiemlak.com/_nuxt/8cafc93fb5c74c75e9e04e528e02ccdf.jpg","",""
"https://www.hepsiemlak.com/konya-selcuklu-yazir-kiralik/daire/150590-911","1 / 32","32.000","19/08/2026","Sefergyo Cemil Meriç Karşısı Site İçi 3+1 Arakat Temiz Daire!!!","Kiralık Daire","3 + 1","160 m²","6 Yaşında","6. Kat","Konya / Selçuklu / Yazır Mah.","WhatsApp","https://www.hepsiemlak.com/_nuxt/8cafc93fb5c74c75e9e04e528e02ccdf.jpg","https://www.hepsiemlak.com/_nuxt/8cafc93fb5c74c75e9e04e528e02ccdf.jpg","Sefer Gayrimenkul"
"https://www.hepsiemlak.com/konya-selcuklu-kosova-kiralik/daire/72388-319","1 / 24","13.000","14/08/2026","Bosna Hersek Mah Veysel Karani Caddesi Kyk Kız Öğrenci Yurdu Yanı Çatı Katı B.Kombili Kiralık Daire","Kiralık Daire","1 + 1","90 m²","20 Yaşında","Çatı Katı","Konya / Selçuklu / Kosova Mah.","WhatsApp","https://www.hepsiemlak.com/_nuxt/8cafc93fb5c74c75e9e04e528e02ccdf.jpg","",""
"https://www.hepsiemlak.com/konya-selcuklu-kosova-kiralik/daire/72388-415","1 / 21","19.000","11/08/2026","Gardenpark Sıtesı 3+1 Kıralık Daıre","Kiralık Daire","3 + 1","80 m²","9 Yaşında","1. Kat","Konya / Selçuklu / Kosova Mah.","WhatsApp","https://www.hepsiemlak.com/_nuxt/8cafc93fb5c74c75e9e04e528e02ccdf.jpg","",""
"https://www.hepsiemlak.com/konya-selcuklu-beyhekim-kiralik/daire/57222-261","1 / 9","13.000","18/07/2026","Loft Plus'da Cadde-Tramway Cephe 1+0 Ara Kat Eşyasız Daire","Kiralık Daire","Stüdyo","52 m²","13 Yaşında","Ara Kat","Konya / Selçuklu / Beyhekim Mah.","WhatsApp","https://www.hepsiemlak.com/_nuxt/8cafc93fb5c74c75e9e04e528e02ccdf.jpg","https://www.hepsiemlak.com/_nuxt/8cafc93fb5c74c75e9e04e528e02ccdf.jpg","Ünlü İnşaat Emlak"
"https://www.hepsiemlak.com/konya-selcuklu-kosova-kiralik/daire/57222-243","1 / 9","15.000","18/07/2026","Ünlü Loft Real'de Cadde Cephe 1+0 Ara Kat Eşyalı Daire","Kiralık Daire","Stüdyo","52 m²","6 Yaşında","2. Kat","Konya / Selçuklu / Kosova Mah.","WhatsApp","https://www.hepsiemlak.com/_nuxt/8cafc93fb5c74c75e9e04e528e02ccdf.jpg","https://www.hepsiemlak.com/_nuxt/8cafc93fb5c74c75e9e04e528e02ccdf.jpg","Ünlü İnşaat Emlak"
"https://www.hepsiemlak.com/konya-meram-sahibiata-kiralik/daire/0-43780835","1 / 9","5.500","17/08/2026","Sahibinden Kiralik1+0 Esyali Apart Oda İhsaniye","Kiralık Daire","1 + 1","39 m²","15 Yaşında","3. Kat","Konya / Meram / Sahibiata Mah.","WhatsApp","https://www.hepsiemlak.com/_nuxt/8cafc93fb5c74c75e9e04e528e02ccdf.jpg","",""
"https://www.hepsiemlak.com/konya-meram-askan-kiralik/daire/0-45419722","1 / 7","49.000","02/08/2026","N.E.Ü Eğitim Fakültesine Beş Dakika . 3+1 Kiralık Eşyalı Daire.","Kiralık Daire","3 + 1","160 m²","30 Yaşında","2. Kat","Konya / Meram / Aşkan Mah.","WhatsApp","https://www.hepsiemlak.com/_nuxt/8cafc93fb5c74c75e9e04e528e02ccdf.jpg","",""
"https://www.hepsiemlak.com/konya-karatay-istiklal-kiralik/daire/65192-708","1 / 5","20.000","04/06/2026","Şehir Hastanesi Yakını Eşyalı Kiralık Stüdyo Daire (0 Yaş)","Kiralık Daire","Stüdyo","40 m²","Sıfır Bina","Bahçe Katı","Konya / Karatay / İstiklal Mah.","WhatsApp","https://www.hepsiemlak.com/_nuxt/8cafc93fb5c74c75e9e04e528e02ccdf.jpg","https://www.hepsiemlak.com/_nuxt/8cafc93fb5c74c75e9e04e528e02ccdf.jpg","Şefikcan Emlak İnşaat"
"https://www.hepsiemlak.com/konya-karatay-fetih-kiralik/daire/129170-151","1 / 9","25.000","18/08/2026","Adliye Ve Şehir Hatanesi Yakını Kto Üniversitesi Karşısı Amerikan Mutfaklı Kiralık Daire","Kiralık Daire","2 + 1","110 m²","5 Yaşında","5. Kat","Konya / Karatay / Fetih Mah.","WhatsApp","https://www.hepsiemlak.com/_nuxt/8cafc93fb5c74c75e9e04e528e02ccdf.jpg","",""